timestamp,vehicleId,masterId,candidateMasterId,signalQuality,masterDistance,candidateDistance,masterSpeed,candidateSpeed,vehicleDirection,vehiclePosition- x,vehiclePosition- y,vehiclePosition- z,candidateTowerPosition- x,candidateTowerPosition- y,candidateTowerPosition- z,towerload,masterRSSI,candidateRSSI,masterSINR,candidateSINR,masterRSRP,candidateRSRP,predictedTGNN,predictedLSTM,selectedTower
1,2049,1,5,6.37715,0,2042.91,0,0,1,1780.19,1374.15,0,156,136,50,1374.15,0,6.37715,10.5818,0,0,-84.7552,1.27356,12.7175,5
1,2050,1,5,5.82031,0,2108.88,0,0,1,2009.39,1140.89,0,156,136,50,1140.89,0,5.82031,14.7883,0,0,-82.7117,1.27356,12.7175,5
1,2051,1,5,17.729,0,1496.79,0,0,1,593.988,1566.4,0,156,136,50,1566.4,0,17.729,28.8454,0,0,-68.4446,1.27356,12.7175,5
1,2052,1,5,8.75928,0,1687.71,4.6848e-310,0,1,677.479,1740.34,0,156,136,50,1740.34,0,8.75928,17.9994,0,0,-79.5006,1.27356,12.7175,5
1,2053,1,5,-0.145473,0,2561.86,0,0,1,2139.45,1756.67,0,156,136,50,1756.67,0,-0.145473,8.3631,0,0,-89.1369,1.27356,12.7175,5
1,2054,1,5,11.4494,0,1670.76,0,0,1,1489.44,1141.42,0,156,136,50,1141.42,0,11.4494,19.3667,0,0,-78.1333,1.27356,12.7175,5
1,2055,1,5,29.6082,0,554.454,0,0,1,390.948,635.719,0,156,136,50,635.719,0,29.6082,39.0073,0,0,-55.8131,1.27356,12.7175,5
1,2056,1,5,8.47923,0,2293.74,0,0,1,934.044,2293.17,0,156,136,50,2293.17,0,8.47923,16.4313,0,0,-81.0713,1.27356,12.7175,5
1,2057,1,5,1.06926,0,2336.03,0,0,1,1748.43,1844.41,0,156,136,50,1844.41,0,1.06926,9.09594,0,0,-88.4041,1.27356,12.7175,5
1,2058,1,5,23.484,0,1137.33,0,0,1,281.256,1265.3,0,156,136,50,1265.3,0,23.484,17.1429,0,0,-66.3253,1.27356,12.7175,5
1,2049,1,5,9.01522,0,1748.82,0,0,1,1780.19,1374.15,0,391,313,50,1374.15,0,9.01522,15.3829,0,0,-82.1171,1.27356,12.7175,5
1,2050,1,5,8.33425,0,1818.54,0,0,1,2009.39,1140.89,0,391,313,50,1140.89,0,8.33425,17.3022,0,0,-80.1978,1.27356,12.7175,5
1,2051,1,5,20.5081,0,1270.72,0,0,1,593.988,1566.4,0,391,313,50,1566.4,0,20.5081,31.8345,0,0,-65.6655,1.27356,12.7175,5
1,2052,1,5,11.2579,0,1456.67,4.6848e-310,0,1,677.479,1740.34,0,391,313,50,1740.34,0,11.2579,20.4981,0,0,-77.0019,1.27356,12.7175,5
1,2053,1,5,1.92247,0,2267.98,0,0,1,2139.45,1756.67,0,391,313,50,1756.67,0,1.92247,10.4311,0,0,-87.0689,1.27356,12.7175,5
1,2054,1,5,14.7348,0,1376.71,0,0,1,1489.44,1141.42,0,391,313,50,1141.42,0,14.7348,22.6521,0,0,-74.8479,1.27356,12.7175,5
1,2055,1,5,38.5923,0,326.569,0,0,1,390.948,635.719,0,391,313,50,635.719,0,38.5923,50.671,0,0,-46.829,1.27356,12.7175,5
1,2056,1,5,10.3538,0,2053.89,0,0,1,934.044,2293.17,0,391,313,50,2293.17,0,10.3538,18.3033,0,0,-79.1967,1.27356,12.7175,5
1,2057,1,5,3.3106,0,2047.04,0,0,1,1748.43,1844.41,0,391,313,50,1844.41,0,3.3106,11.3373,0,0,-86.1627,1.27356,12.7175,5
1,2058,1,5,26.3624,0,959.906,0,0,1,281.256,1265.3,0,391,313,50,1265.3,0,26.3624,34.0532,0,0,-63.4468,1.27356,12.7175,5
1,2049,1,5,6.37715,0,2042.91,0,0,1,1780.19,1374.15,0,156,136,50,1374.15,0,6.37715,12.7448,0,0,-84.7552,1.27356,12.7175,5
1,2050,1,5,5.82031,0,2108.88,0,0,1,2009.39,1140.89,0,156,136,50,1140.89,0,5.82031,14.7883,0,0,-82.7117,1.27356,12.7175,5
1,2051,1,5,17.729,0,1496.79,0,0,1,593.988,1566.4,0,156,136,50,1566.4,0,17.729,29.0554,0,0,-68.4446,1.27356,12.7175,5
1,2052,1,5,8.75928,0,1687.71,4.6848e-310,0,1,677.479,1740.34,0,156,136,50,1740.34,0,8.75928,17.9994,0,0,-79.5006,1.27356,12.7175,5
1,2053,1,5,-0.145473,0,2561.86,0,0,1,2139.45,1756.67,0,156,136,50,1756.67,0,-0.145473,8.3631,0,0,-89.1369,1.27356,12.7175,5
1,2054,1,5,11.4494,0,1670.76,0,0,1,1489.44,1141.42,0,156,136,50,1141.42,0,11.4494,19.3667,0,0,-78.1333,1.27356,12.7175,5
1,2055,1,5,29.6082,0,554.454,0,0,1,390.948,635.719,0,156,136,50,635.719,0,29.6082,41.6869,0,0,-55.8131,1.27356,12.7175,5
1,2056,1,5,8.47923,0,2293.74,0,0,1,934.044,2293.17,0,156,136,50,2293.17,0,8.47923,16.4287,0,0,-81.0713,1.27356,12.7175,5
1,2057,1,5,1.06926,0,2336.03,0,0,1,1748.43,1844.41,0,156,136,50,1844.41,0,1.06926,9.09594,0,0,-88.4041,1.27356,12.7175,5
1,2058,1,5,23.484,0,1137.33,0,0,1,281.256,1265.3,0,156,136,50,1265.3,0,23.484,31.1747,0,0,-66.3253,1.27356,12.7175,5
1,2049,1,5,9.01522,0,1748.82,0,0,1,1780.19,1374.15,0,391,313,50,1374.15,0,9.01522,15.3829,0,0,-82.1171,1.27356,12.7175,5
1,2050,1,5,8.33425,0,1818.54,0,0,1,2009.39,1140.89,0,391,313,50,1140.89,0,8.33425,17.3022,0,0,-80.1978,1.27356,12.7175,5
1,2051,1,5,20.5081,0,1270.72,0,0,1,593.988,1566.4,0,391,313,50,1566.4,0,20.5081,31.8345,0,0,-65.6655,1.27356,12.7175,5
1,2052,1,5,11.2579,0,1456.67,4.6848e-310,0,1,677.479,1740.34,0,391,313,50,1740.34,0,11.2579,20.4981,0,0,-77.0019,1.27356,12.7175,5
1,2053,1,5,1.92247,0,2267.98,0,0,1,2139.45,1756.67,0,391,313,50,1756.67,0,1.92247,10.4311,0,0,-87.0689,1.27356,12.7175,5
1,2054,1,5,14.7348,0,1376.71,0,0,1,1489.44,1141.42,0,391,313,50,1141.42,0,14.7348,22.6521,0,0,-74.8479,1.27356,12.7175,5
1,2055,1,5,38.5923,0,326.569,0,0,1,390.948,635.719,0,391,313,50,635.719,0,38.5923,50.671,0,0,-46.829,1.27356,12.7175,5
1,2056,1,5,10.3538,0,2053.89,0,0,1,934.044,2293.17,0,391,313,50,2293.17,0,10.3538,18.3033,0,0,-79.1967,1.27356,12.7175,5
1,2057,1,5,3.3106,0,2047.04,0,0,1,1748.43,1844.41,0,391,313,50,1844.41,0,3.3106,11.3373,0,0,-86.1627,1.27356,12.7175,5
1,2058,1,5,26.3624,0,959.906,0,0,1,281.256,1265.3,0,391,313,50,1265.3,0,26.3624,34.0532,0,0,-63.4468,1.27356,12.7175,5
1,2049,1,5,6.37715,0,2042.91,0,0,1,1780.19,1374.15,0,156,136,50,1374.15,0,6.37715,12.7448,0,0,-84.7552,1.27356,12.7175,5
1,2050,1,5,5.82031,0,2108.88,0,0,1,2009.39,1140.89,0,156,136,50,1140.89,0,5.82031,14.7883,0,0,-82.7117,1.27356,12.7175,5
1,2051,1,5,17.729,0,1496.79,0,0,1,593.988,1566.4,0,156,136,50,1566.4,0,17.729,29.0554,0,0,-68.4446,1.27356,12.7175,5
1,2052,1,5,8.75928,0,1687.71,4.6848e-310,0,1,677.479,1740.34,0,156,136,50,1740.34,0,8.75928,17.9994,0,0,-79.5006,1.27356,12.7175,5
1,2053,1,5,-0.145473,0,2561.86,0,0,1,2139.45,1756.67,0,156,136,50,1756.67,0,-0.145473,8.3631,0,0,-89.1369,1.27356,12.7175,5
1,2054,1,5,11.4494,0,1670.76,0,0,1,1489.44,1141.42,0,156,136,50,1141.42,0,11.4494,19.3667,0,0,-78.1333,1.27356,12.7175,5
1,2055,1,5,29.6082,0,554.454,0,0,1,390.948,635.719,0,156,136,50,635.719,0,29.6082,41.6869,0,0,-55.8131,1.27356,12.7175,5
1,2056,1,5,8.47923,0,2293.74,0,0,1,934.044,2293.17,0,156,136,50,2293.17,0,8.47923,16.4287,0,0,-81.0713,1.27356,12.7175,5
1,2057,1,5,1.06926,0,2336.03,0,0,1,1748.43,1844.41,0,156,136,50,1844.41,0,1.06926,9.09594,0,0,-88.4041,1.27356,12.7175,5
1,2058,1,5,23.484,0,1137.33,0,0,1,281.256,1265.3,0,156,136,50,1265.3,0,23.484,31.1747,0,0,-66.3253,1.27356,12.7175,5
2,2049,5,5,7.06699,0,2043.35,0,0,1,1780.78,1374.09,0,156,136,50,1374.09,6.37715,7.06699,14.3599,0,0,-83.1401,1.27356,12.7175,0
2,2050,5,5,-0.289946,0,2107.21,0,0,1,2007.44,1140.99,0,156,136,50,1140.99,5.82031,-0.289946,7.56371,0,0,-89.9363,1.27356,12.7175,0
2,2051,5,5,15.4505,0,1495.19,0,0,1,592.875,1565.06,0,156,136,50,1565.06,17.729,15.4505,23.8586,0,0,-73.6414,1.27356,12.7175,0
2,2052,5,5,17.7574,0,1691.93,4.6848e-310,0,1,678.79,1744.36,0,156,136,50,1744.36,8.75928,17.7574,25.2097,0,0,-72.2903,1.27356,12.7175,0
2,2053,5,5,-6.40407,0,2563.17,0,0,1,2139.46,1758.72,0,156,136,50,1758.72,-0.145473,-6.40407,0.484052,0,0,-97.0159,1.27356,12.7175,0
2,2054,5,5,9.65603,0,1669.45,0,0,1,1489.43,1139.26,0,156,136,50,1139.26,11.4494,9.65603,17.6678,0,0,-79.8322,1.27356,12.7175,0
2,2055,5,5,30.2965,0,555.706,0,0,1,393.362,635.969,0,156,136,50,635.969,29.6082,30.2965,35.7625,0,0,-61.7375,1.27356,12.7175,0
2,2056,5,5,14.2041,0,2295.84,0,0,1,936.125,2294.66,0,156,136,50,2294.66,8.47923,14.2041,21.0198,0,0,-76.4802,1.27356,12.7175,0
2,2057,5,5,14.5733,0,2334.28,0,0,1,1756.96,1834.03,0,156,136,50,1834.03,1.06926,14.5733,21.5046,0,0,-75.9954,1.27356,12.7175,0
2,2058,5,5,23.703,0,1137.61,0,0,1,277.4,1266.01,0,156,136,50,1266.01,23.484,23.703,30.9056,0,0,-66.5944,1.27356,12.7175,0
2,2049,5,5,9.70447,0,1749.25,0,0,1,1780.78,1374.09,0,391,313,50,1374.09,6.37715,9.70447,16.9974,0,0,-80.5026,1.27356,12.7175,0
2,2050,5,5,2.22637,0,1816.85,0,0,1,2007.44,1140.99,0,391,313,50,1140.99,5.82031,2.22637,10.08,0,0,-87.42,1.27356,12.7175,0
2,2051,5,5,18.2314,0,1269.22,0,0,1,592.875,1565.06,0,391,313,50,1565.06,17.729,18.2314,26.6395,0,0,-70.8605,1.27356,12.7175,0
2,2052,5,5,20.2497,0,1460.86,4.6848e-310,0,1,678.79,1744.36,0,391,313,50,1744.36,8.75928,20.2497,27.702,0,0,-69.798,1.27356,12.7175,0
2,2053,5,5,-4.33731,0,2269.3,0,0,1,2139.46,1758.72,0,391,313,50,1758.72,-0.145473,-4.33731,2.55082,0,0,-94.9492,1.27356,12.7175,0
2,2054,5,5,12.9443,0,1375.41,0,0,1,1489.43,1139.26,0,391,313,50,1139.26,11.4494,12.9443,20.956,0,0,-76.544,1.27356,12.7175,0
2,2055,5,5,39.3056,0,326.825,0,0,1,393.362,635.969,0,391,313,50,635.969,29.6082,39.3056,44.7716,0,0,-52.7284,1.27356,12.7175,0
2,2056,5,5,16.0778,0,2055.88,0,0,1,936.125,2294.66,0,391,313,50,2294.66,8.47923,16.0778,22.8935,0,0,-74.6065,1.27356,12.7175,0
2,2057,5,5,16.8191,0,2044.96,0,0,1,1756.96,1834.03,0,391,313,50,1834.03,1.06926,16.8191,23.7505,0,0,-73.7495,1.27356,12.7175,0
2,2058,5,5,26.5654,0,961.056,0,0,1,277.4,1266.01,0,391,313,50,1266.01,23.484,26.5654,33.768,0,0,-63.732,1.27356,12.7175,0
2,2049,5,5,7.06699,0,2043.35,0,0,1,1780.78,1374.09,0,156,136,50,1374.09,6.37715,7.06699,14.3599,0,0,-83.1401,1.27356,12.7175,0
2,2050,5,5,-0.289946,0,2107.21,0,0,1,2007.44,1140.99,0,156,136,50,1140.99,5.82031,-0.289946,7.56371,0,0,-89.9363,1.27356,12.7175,0
2,2051,5,5,15.4505,0,1495.19,0,0,1,592.875,1565.06,0,156,136,50,1565.06,17.729,15.4505,23.8586,0,0,-73.6414,1.27356,12.7175,0
2,2052,5,5,17.7574,0,1691.93,4.6848e-310,0,1,678.79,1744.36,0,156,136,50,1744.36,8.75928,17.7574,25.2097,0,0,-72.2903,1.27356,12.7175,0
2,2053,5,5,-6.40407,0,2563.17,0,0,1,2139.46,1758.72,0,156,136,50,1758.72,-0.145473,-6.40407,0.484052,0,0,-97.0159,1.27356,12.7175,0
2,2054,5,5,9.65603,0,1669.45,0,0,1,1489.43,1139.26,0,156,136,50,1139.26,11.4494,9.65603,17.6678,0,0,-79.8322,1.27356,12.7175,0
2,2055,5,5,30.2965,0,555.706,0,0,1,393.362,635.969,0,156,136,50,635.969,29.6082,30.2965,35.7625,0,0,-61.7375,1.27356,12.7175,0
2,2056,5,5,14.2041,0,2295.84,0,0,1,936.125,2294.66,0,156,136,50,2294.66,8.47923,14.2041,21.0198,0,0,-76.4802,1.27356,12.7175,0
2,2057,5,5,14.5733,0,2334.28,0,0,1,1756.96,1834.03,0,156,136,50,1834.03,1.06926,14.5733,21.5046,0,0,-75.9954,1.27356,12.7175,0
2,2058,5,5,23.703,0,1137.61,0,0,1,277.4,1266.01,0,156,136,50,1266.01,23.484,23.703,30.9056,0,0,-66.5944,1.27356,12.7175,0
2,2049,5,5,9.70447,0,1749.25,0,0,1,1780.78,1374.09,0,391,313,50,1374.09,6.37715,9.70447,16.9974,0,0,-80.5026,1.27356,12.7175,0
2,2050,5,5,2.22637,0,1816.85,0,0,1,2007.44,1140.99,0,391,313,50,1140.99,5.82031,2.22637,10.08,0,0,-87.42,1.27356,12.7175,0
2,2051,5,5,18.2314,0,1269.22,0,0,1,592.875,1565.06,0,391,313,50,1565.06,17.729,18.2314,26.6395,0,0,-70.8605,1.27356,12.7175,0
2,2052,5,5,20.2497,0,1460.86,4.6848e-310,0,1,678.79,1744.36,0,391,313,50,1744.36,8.75928,20.2497,27.702,0,0,-69.798,1.27356,12.7175,0
2,2053,5,5,-4.33731,0,2269.3,0,0,1,2139.46,1758.72,0,391,313,50,1758.72,-0.145473,-4.33731,2.55082,0,0,-94.9492,1.27356,12.7175,0
2,2054,5,5,12.9443,0,1375.41,0,0,1,1489.43,1139.26,0,391,313,50,1139.26,11.4494,12.9443,20.956,0,0,-76.544,1.27356,12.7175,0
2,2055,5,5,39.3056,0,326.825,0,0,1,393.362,635.969,0,391,313,50,635.969,29.6082,39.3056,44.7716,0,0,-52.7284,1.27356,12.7175,0
2,2056,5,5,16.0778,0,2055.88,0,0,1,936.125,2294.66,0,391,313,50,2294.66,8.47923,16.0778,22.8935,0,0,-74.6065,1.27356,12.7175,0
2,2057,5,5,16.8191,0,2044.96,0,0,1,1756.96,1834.03,0,391,313,50,1834.03,1.06926,16.8191,23.7505,0,0,-73.7495,1.27356,12.7175,0
2,2058,5,5,26.5654,0,961.056,0,0,1,277.4,1266.01,0,391,313,50,1266.01,23.484,26.5654,33.768,0,0,-63.732,1.27356,12.7175,0
2,2049,5,5,7.06699,2043.35,2043.35,0,0,1,1780.78,1374.09,0,156,136,50,1374.09,7.06699,7.06699,14.3599,14.3599,-83.1401,-83.1401,1.27356,12.7175,0
2,2050,5,5,-0.289946,2107.21,2107.21,0,0,1,2007.44,1140.99,0,156,136,50,1140.99,-0.289946,-0.289946,7.56371,7.56371,-89.9363,-89.9363,1.27356,12.7175,0
2,2051,5,5,15.4505,1495.19,1495.19,0,0,1,592.875,1565.06,0,156,136,50,1565.06,15.4505,15.4505,23.8586,23.8586,-73.6414,-73.6414,1.27356,12.7175,0
2,2052,5,5,17.7574,1691.93,1691.93,0,0,1,678.79,1744.36,0,156,136,50,1744.36,17.7574,17.7574,25.2097,25.2097,-72.2903,-72.2903,1.27356,12.7175,0
2,2053,5,5,-6.40407,2563.17,2563.17,0,0,1,2139.46,1758.72,0,156,136,50,1758.72,-6.40407,-6.40407,0.484052,0.484052,-97.0159,-97.0159,1.27356,12.7175,0
2,2054,5,5,9.65603,1669.45,1669.45,0,0,1,1489.43,1139.26,0,156,136,50,1139.26,9.65603,9.65603,17.6678,17.6678,-79.8322,-79.8322,1.27356,12.7175,0
2,2055,5,5,30.2965,555.706,555.706,0,0,1,393.362,635.969,0,156,136,50,635.969,30.2965,30.2965,35.7625,35.7625,-61.7375,-61.7375,1.27356,12.7175,0
2,2056,5,5,14.2041,2295.84,2295.84,0,0,1,936.125,2294.66,0,156,136,50,2294.66,14.2041,14.2041,21.0198,21.0198,-76.4802,-76.4802,1.27356,12.7175,0
2,2057,5,5,14.5733,2334.28,2334.28,0,0,1,1756.96,1834.03,0,156,136,50,1834.03,14.5733,14.5733,21.5046,21.5046,-75.9954,-75.9954,1.27356,12.7175,0
2,2058,5,5,23.703,1137.61,1137.61,0,0,1,277.4,1266.01,0,156,136,50,1266.01,23.703,23.703,30.9056,30.9056,-66.5944,-66.5944,1.27356,12.7175,0
3,2049,5,5,1.91868,2043.35,2044.04,0,0,1,1781.72,1373.99,0,156,136,50,1373.99,7.06699,1.91868,12.3241,14.3599,-83.1401,-85.1759,1.27356,12.7175,0
3,2050,5,5,4.10814,2107.21,2104.3,0,0,1,2004.04,1141.16,0,156,136,50,1141.16,-0.289946,4.10814,11.3609,7.56371,-89.9363,-86.1391,1.27356,12.7175,0
3,2051,5,5,15.2421,1495.19,1492.54,0,0,1,590.978,1562.88,0,156,136,50,1562.88,15.4505,15.2421,24.2886,23.8586,-73.6414,-73.2114,1.27356,12.7175,0
3,2052,5,5,6.69223,1691.93,1694.73,0,0,1,676.199,1748.15,0,156,136,50,1748.15,17.7574,6.69223,11.2226,25.2097,-72.2903,-86.2774,1.27356,12.7175,0
3,2053,5,5,-7.33023,2563.17,2565.26,0,0,1,2139.48,1762,0,156,136,50,1762,-6.40407,-7.33023,0.437764,0.484052,-97.0159,-97.0622,1.27356,12.7175,0
3,2054,5,5,10.2386,1669.45,1667.17,0,0,1,1489.41,1135.48,0,156,136,50,1135.48,9.65603,10.2386,17.2047,17.6678,-79.8322,-80.2953,1.27356,12.7175,0
3,2055,5,5,28.3025,555.706,557.841,0,0,1,397.442,636.392,0,156,136,50,636.392,30.2965,28.3025,35.868,35.7625,-61.7375,-61.632,1.27356,12.7175,0
3,2056,5,5,1.94239,2295.84,2299.28,0,0,1,939.52,2297.09,0,156,136,50,2297.09,14.2041,1.94239,9.02049,21.0198,-76.4802,-88.4795,1.27356,12.7175,0
3,2057,5,5,9.79907,2334.28,2334.04,0,0,1,1758.32,1832.41,0,156,136,50,1832.41,14.5733,9.79907,16.8247,21.5046,-75.9954,-80.6753,1.27356,12.7175,0
3,2058,5,5,24.755,1137.61,1134.63,0,0,1,274.638,1263.31,0,156,136,50,1263.31,23.703,24.755,34.0609,30.9056,-66.5944,-63.4391,1.27356,12.7175,0
3,2049,5,5,4.5552,2043.35,1749.94,0,0,1,1781.72,1373.99,0,391,313,50,1373.99,7.06699,4.5552,14.9606,14.3599,-83.1401,-82.5394,1.27356,12.7175,0
3,2050,5,5,6.62859,2107.21,1813.9,0,0,1,2004.04,1141.16,0,391,313,50,1141.16,-0.289946,6.62859,13.8813,7.56371,-89.9363,-83.6187,1.27356,12.7175,0
3,2051,5,5,18.0258,1495.19,1266.76,0,0,1,590.978,1562.88,0,391,313,50,1562.88,15.4505,18.0258,27.0724,23.8586,-73.6414,-70.4276,1.27356,12.7175,0
3,2052,5,5,9.17542,1691.93,1464.06,0,0,1,676.199,1748.15,0,391,313,50,1748.15,17.7574,9.17542,13.7058,25.2097,-72.2903,-83.7942,1.27356,12.7175,0
3,2053,5,5,-5.26536,2563.17,2271.41,0,0,1,2139.48,1762,0,391,313,50,1762,-6.40407,-5.26536,2.50263,0.484052,-97.0159,-94.9974,1.27356,12.7175,0
3,2054,5,5,13.5318,1669.45,1373.13,0,0,1,1489.41,1135.48,0,391,313,50,1135.48,9.65603,13.5318,20.4979,17.6678,-79.8322,-77.0021,1.27356,12.7175,0
3,2055,5,5,37.3522,555.706,327.298,0,0,1,397.442,636.392,0,391,313,50,636.392,30.2965,37.3522,44.9177,35.7625,-61.7375,-52.5823,1.27356,12.7175,0
3,2056,5,5,3.81474,2295.84,2059.12,0,0,1,939.52,2297.09,0,391,313,50,2297.09,14.2041,3.81474,10.8928,21.0198,-76.4802,-86.6072,1.27356,12.7175,0
3,2057,5,5,12.0456,2334.28,2044.67,0,0,1,1758.32,1832.41,0,391,313,50,1832.41,14.5733,12.0456,19.0712,21.5046,-75.9954,-78.4288,1.27356,12.7175,0
3,2058,5,5,27.6145,1137.61,958.708,0,0,1,274.638,1263.31,0,391,313,50,1263.31,23.703,27.6145,36.9204,30.9056,-66.5944,-60.5796,1.27356,12.7175,0
3,2049,5,5,1.91868,2043.35,2044.04,0,0,1,1781.72,1373.99,0,156,136,50,1373.99,7.06699,1.91868,12.3241,14.3599,-83.1401,-85.1759,1.27356,12.7175,0
3,2050,5,5,4.10814,2107.21,2104.3,0,0,1,2004.04,1141.16,0,156,136,50,1141.16,-0.289946,4.10814,11.3609,7.56371,-89.9363,-86.1391,1.27356,12.7175,0
3,2051,5,5,15.2421,1495.19,1492.54,0,0,1,590.978,1562.88,0,156,136,50,1562.88,15.4505,15.2421,24.2886,23.8586,-73.6414,-73.2114,1.27356,12.7175,0
3,2052,5,5,6.69223,1691.93,1694.73,0,0,1,676.199,1748.15,0,156,136,50,1748.15,17.7574,6.69223,11.2226,25.2097,-72.2903,-86.2774,1.27356,12.7175,0
3,2053,5,5,-7.33023,2563.17,2565.26,0,0,1,2139.48,1762,0,156,136,50,1762,-6.40407,-7.33023,0.437764,0.484052,-97.0159,-97.0622,1.27356,12.7175,0
3,2054,5,5,10.2386,1669.45,1667.17,0,0,1,1489.41,1135.48,0,156,136,50,1135.48,9.65603,10.2386,17.2047,17.6678,-79.8322,-80.2953,1.27356,12.7175,0
3,2055,5,5,28.3025,555.706,557.841,0,0,1,397.442,636.392,0,156,136,50,636.392,30.2965,28.3025,35.868,35.7625,-61.7375,-61.632,1.27356,12.7175,0
3,2056,5,5,1.94239,2295.84,2299.28,0,0,1,939.52,2297.09,0,156,136,50,2297.09,14.2041,1.94239,9.02049,21.0198,-76.4802,-88.4795,1.27356,12.7175,0
3,2057,5,5,9.79907,2334.28,2334.04,0,0,1,1758.32,1832.41,0,156,136,50,1832.41,14.5733,9.79907,16.8247,21.5046,-75.9954,-80.6753,1.27356,12.7175,0
3,2058,5,5,24.755,1137.61,1134.63,0,0,1,274.638,1263.31,0,156,136,50,1263.31,23.703,24.755,34.0609,30.9056,-66.5944,-63.4391,1.27356,12.7175,0
3,2049,5,5,4.5552,2043.35,1749.94,0,0,1,1781.72,1373.99,0,391,313,50,1373.99,7.06699,4.5552,14.9606,14.3599,-83.1401,-82.5394,1.27356,12.7175,0
3,2050,5,5,6.62859,2107.21,1813.9,0,0,1,2004.04,1141.16,0,391,313,50,1141.16,-0.289946,6.62859,13.8813,7.56371,-89.9363,-83.6187,1.27356,12.7175,0
3,2051,5,5,18.0258,1495.19,1266.76,0,0,1,590.978,1562.88,0,391,313,50,1562.88,15.4505,18.0258,27.0724,23.8586,-73.6414,-70.4276,1.27356,12.7175,0
3,2052,5,5,9.17542,1691.93,1464.06,0,0,1,676.199,1748.15,0,391,313,50,1748.15,17.7574,9.17542,13.7058,25.2097,-72.2903,-83.7942,1.27356,12.7175,0
3,2053,5,5,-5.26536,2563.17,2271.41,0,0,1,2139.48,1762,0,391,313,50,1762,-6.40407,-5.26536,2.50263,0.484052,-97.0159,-94.9974,1.27356,12.7175,0
3,2054,5,5,13.5318,1669.45,1373.13,0,0,1,1489.41,1135.48,0,391,313,50,1135.48,9.65603,13.5318,20.4979,17.6678,-79.8322,-77.0021,1.27356,12.7175,0
3,2055,5,5,37.3522,555.706,327.298,0,0,1,397.442,636.392,0,391,313,50,636.392,30.2965,37.3522,44.9177,35.7625,-61.7375,-52.5823,1.27356,12.7175,0
3,2056,5,5,3.81474,2295.84,2059.12,0,0,1,939.52,2297.09,0,391,313,50,2297.09,14.2041,3.81474,10.8928,21.0198,-76.4802,-86.6072,1.27356,12.7175,0
3,2057,5,5,12.0456,2334.28,2044.67,0,0,1,1758.32,1832.41,0,391,313,50,1832.41,14.5733,12.0456,19.0712,21.5046,-75.9954,-78.4288,1.27356,12.7175,0
3,2058,5,5,27.6145,1137.61,958.708,0,0,1,274.638,1263.31,0,391,313,50,1263.31,23.703,27.6145,36.9204,30.9056,-66.5944,-60.5796,1.27356,12.7175,0
3,2049,5,5,1.91868,2044.04,2044.04,0,0,1,1781.72,1373.99,0,156,136,50,1373.99,1.91868,1.91868,12.3241,12.3241,-85.1759,-85.1759,1.27356,12.7175,0
3,2050,5,5,4.10814,2104.3,2104.3,0,0,1,2004.04,1141.16,0,156,136,50,1141.16,4.10814,4.10814,11.3609,11.3609,-86.1391,-86.1391,1.27356,12.7175,0
3,2051,5,5,15.2421,1492.54,1492.54,0,0,1,590.978,1562.88,0,156,136,50,1562.88,15.2421,15.2421,24.2886,24.2886,-73.2114,-73.2114,1.27356,12.7175,0
3,2052,5,5,6.69223,1694.73,1694.73,0,0,1,676.199,1748.15,0,156,136,50,1748.15,6.69223,6.69223,11.2226,11.2226,-86.2774,-86.2774,1.27356,12.7175,0
3,2053,5,5,-7.33023,2565.26,2565.26,0,0,1,2139.48,1762,0,156,136,50,1762,-7.33023,-7.33023,0.437764,0.437764,-97.0622,-97.0622,1.27356,12.7175,0
3,2054,5,5,10.2386,1667.17,1667.17,0,0,1,1489.41,1135.48,0,156,136,50,1135.48,10.2386,10.2386,17.2047,17.2047,-80.2953,-80.2953,1.27356,12.7175,0
3,2055,5,5,28.3025,557.841,557.841,0,0,1,397.442,636.392,0,156,136,50,636.392,28.3025,28.3025,35.868,35.868,-61.632,-61.632,1.27356,12.7175,0
3,2056,5,5,1.94239,2299.28,2299.28,0,0,1,939.52,2297.09,0,156,136,50,2297.09,1.94239,1.94239,9.02049,9.02049,-88.4795,-88.4795,1.27356,12.7175,0
3,2057,5,5,9.79907,2334.04,2334.04,0,0,1,1758.32,1832.41,0,156,136,50,1832.41,9.79907,9.79907,16.8247,16.8247,-80.6753,-80.6753,1.27356,12.7175,0
3,2058,5,5,24.755,1134.63,1134.63,0,0,1,274.638,1263.31,0,156,136,50,1263.31,24.755,24.755,34.0609,34.0609,-63.4391,-63.4391,1.27356,12.7175,0
4,2049,5,5,1.23463,2044.04,2042.15,0,0,1,1781.8,1370.77,0,156,136,50,1370.77,1.91868,1.23463,7.6981,12.3241,-85.1759,-89.8019,1.27356,12.7175,0
4,2050,5,5,10.0456,2104.3,2100.32,0,0,1,1999.37,1141.4,0,156,136,50,1141.4,4.10814,10.0456,18.2871,11.3609,-86.1391,-79.2129,1.27356,12.7175,0
4,2051,5,5,18.4926,1492.54,1488.8,0,0,1,588.24,1559.79,0,156,136,50,1559.79,15.2421,18.4926,26.7939,24.2886,-73.2114,-70.7061,1.27356,12.7175,0
4,2052,5,5,12.4654,1694.73,1698.61,0,0,1,672.555,1753.39,0,156,136,50,1753.39,6.69223,12.4654,18.5422,11.2226,-86.2774,-78.9578,1.27356,12.7175,0
4,2053,5,5,-1.39098,2565.26,2568.17,0,0,1,2139.51,1766.54,0,156,136,50,1766.54,-7.33023,-1.39098,5.53327,0.437764,-97.0622,-91.9667,1.27356,12.7175,0
4,2054,5,5,11.6404,1667.17,1663.93,0,0,1,1489.38,1130.11,0,156,136,50,1130.11,10.2386,11.6404,21.1348,17.2047,-80.2953,-76.3652,1.27356,12.7175,0
4,2055,5,5,38.8359,557.841,560.895,0,0,1,403.209,636.99,0,156,136,50,636.99,28.3025,38.8359,45.5486,35.868,-61.632,-51.9514,1.27356,12.7175,0
4,2056,5,5,6.10928,2299.28,2303.75,0,0,1,943.93,2300.24,0,156,136,50,2300.24,1.94239,6.10928,16.4088,9.02049,-88.4795,-81.0912,1.27356,12.7175,0
4,2057,5,5,15.8954,2334.04,2333.73,0,0,1,1760.16,1830.23,0,156,136,50,1830.23,9.79907,15.8954,23.4293,16.8247,-80.6753,-74.0707,1.27356,12.7175,0
4,2058,5,5,26.6362,1134.63,1130.56,0,0,1,270.845,1259.6,0,156,136,50,1259.6,24.755,26.6362,32.19,34.0609,-63.4391,-65.31,1.27356,12.7175,0
4,2049,5,5,3.87379,2044.04,1748.06,0,0,1,1781.8,1370.77,0,391,313,50,1370.77,1.91868,3.87379,10.3373,12.3241,-85.1759,-87.1627,1.27356,12.7175,0
4,2050,5,5,12.5717,2104.3,1809.86,0,0,1,1999.37,1141.4,0,391,313,50,1141.4,4.10814,12.5717,20.8133,11.3609,-86.1391,-76.6867,1.27356,12.7175,0
4,2051,5,5,21.2804,1492.54,1263.29,0,0,1,588.24,1559.79,0,391,313,50,1559.79,15.2421,21.2804,29.5816,24.2886,-73.2114,-67.9184,1.27356,12.7175,0
4,2052,5,5,14.936,1694.73,1468.5,0,0,1,672.555,1753.39,0,391,313,50,1753.39,6.69223,14.936,21.0128,11.2226,-86.2774,-76.4872,1.27356,12.7175,0
4,2053,5,5,0.671273,2565.26,2274.33,0,0,1,2139.51,1766.54,0,391,313,50,1766.54,-7.33023,0.671273,7.59552,0.437764,-97.0622,-89.9045,1.27356,12.7175,0
4,2054,5,5,14.9406,1667.17,1369.9,0,0,1,1489.38,1130.11,0,391,313,50,1130.11,10.2386,14.9406,24.435,17.2047,-80.2953,-73.065,1.27356,12.7175,0
4,2055,5,5,47.9391,557.841,328.053,0,0,1,403.209,636.99,0,391,313,50,636.99,28.3025,47.9391,54.6518,35.868,-61.632,-42.8482,1.27356,12.7175,0
4,2056,5,5,7.97986,2299.28,2063.34,0,0,1,943.93,2300.24,0,391,313,50,2300.24,1.94239,7.97986,18.2794,9.02049,-88.4795,-79.2206,1.27356,12.7175,0
4,2057,5,5,18.1428,2334.04,2044.29,0,0,1,1760.16,1830.23,0,391,313,50,1830.23,9.79907,18.1428,25.6767,16.8247,-80.6753,-71.8233,1.27356,12.7175,0
4,2058,5,5,29.4914,1134.63,955.499,0,0,1,270.845,1259.6,0,391,313,50,1259.6,24.755,29.4914,35.0452,34.0609,-63.4391,-62.4548,1.27356,12.7175,0
4,2049,5,5,1.23463,2044.04,2042.15,0,0,1,1781.8,1370.77,0,156,136,50,1370.77,1.91868,1.23463,7.6981,12.3241,-85.1759,-89.8019,1.27356,12.7175,0
4,2050,5,5,10.0456,2104.3,2100.32,0,0,1,1999.37,1141.4,0,156,136,50,1141.4,4.10814,10.0456,18.2871,11.3609,-86.1391,-79.2129,1.27356,12.7175,0
4,2051,5,5,18.4926,1492.54,1488.8,0,0,1,588.24,1559.79,0,156,136,50,1559.79,15.2421,18.4926,26.7939,24.2886,-73.2114,-70.7061,1.27356,12.7175,0
4,2052,5,5,12.4654,1694.73,1698.61,0,0,1,672.555,1753.39,0,156,136,50,1753.39,6.69223,12.4654,18.5422,11.2226,-86.2774,-78.9578,1.27356,12.7175,0
4,2053,5,5,-1.39098,2565.26,2568.17,0,0,1,2139.51,1766.54,0,156,136,50,1766.54,-7.33023,-1.39098,5.53327,0.437764,-97.0622,-91.9667,1.27356,12.7175,0
4,2054,5,5,11.6404,1667.17,1663.93,0,0,1,1489.38,1130.11,0,156,136,50,1130.11,10.2386,11.6404,21.1348,17.2047,-80.2953,-76.3652,1.27356,12.7175,0
4,2055,5,5,38.8359,557.841,560.895,0,0,1,403.209,636.99,0,156,136,50,636.99,28.3025,38.8359,45.5486,35.868,-61.632,-51.9514,1.27356,12.7175,0
4,2056,5,5,6.10928,2299.28,2303.75,0,0,1,943.93,2300.24,0,156,136,50,2300.24,1.94239,6.10928,16.4088,9.02049,-88.4795,-81.0912,1.27356,12.7175,0
4,2057,5,5,15.8954,2334.04,2333.73,0,0,1,1760.16,1830.23,0,156,136,50,1830.23,9.79907,15.8954,23.4293,16.8247,-80.6753,-74.0707,1.27356,12.7175,0
4,2058,5,5,26.6362,1134.63,1130.56,0,0,1,270.845,1259.6,0,156,136,50,1259.6,24.755,26.6362,32.19,34.0609,-63.4391,-65.31,1.27356,12.7175,0
4,2049,5,5,3.87379,2044.04,1748.06,0,0,1,1781.8,1370.77,0,391,313,50,1370.77,1.91868,3.87379,10.3373,12.3241,-85.1759,-87.1627,1.27356,12.7175,0
4,2050,5,5,12.5717,2104.3,1809.86,0,0,1,1999.37,1141.4,0,391,313,50,1141.4,4.10814,12.5717,20.8133,11.3609,-86.1391,-76.6867,1.27356,12.7175,0
4,2051,5,5,21.2804,1492.54,1263.29,0,0,1,588.24,1559.79,0,391,313,50,1559.79,15.2421,21.2804,29.5816,24.2886,-73.2114,-67.9184,1.27356,12.7175,0
4,2052,5,5,14.936,1694.73,1468.5,0,0,1,672.555,1753.39,0,391,313,50,1753.39,6.69223,14.936,21.0128,11.2226,-86.2774,-76.4872,1.27356,12.7175,0
4,2053,5,5,0.671273,2565.26,2274.33,0,0,1,2139.51,1766.54,0,391,313,50,1766.54,-7.33023,0.671273,7.59552,0.437764,-97.0622,-89.9045,1.27356,12.7175,0
4,2054,5,5,14.9406,1667.17,1369.9,0,0,1,1489.38,1130.11,0,391,313,50,1130.11,10.2386,14.9406,24.435,17.2047,-80.2953,-73.065,1.27356,12.7175,0
4,2055,5,5,47.9391,557.841,328.053,0,0,1,403.209,636.99,0,391,313,50,636.99,28.3025,47.9391,54.6518,35.868,-61.632,-42.8482,1.27356,12.7175,0
4,2056,5,5,7.97986,2299.28,2063.34,0,0,1,943.93,2300.24,0,391,313,50,2300.24,1.94239,7.97986,18.2794,9.02049,-88.4795,-79.2206,1.27356,12.7175,0
4,2057,5,5,18.1428,2334.04,2044.29,0,0,1,1760.16,1830.23,0,391,313,50,1830.23,9.79907,18.1428,25.6767,16.8247,-80.6753,-71.8233,1.27356,12.7175,0
4,2058,5,5,29.4914,1134.63,955.499,0,0,1,270.845,1259.6,0,391,313,50,1259.6,24.755,29.4914,35.0452,34.0609,-63.4391,-62.4548,1.27356,12.7175,0
4,2049,5,5,1.23463,2042.15,2042.15,0,0,1,1781.8,1370.77,0,156,136,50,1370.77,1.23463,1.23463,7.6981,7.6981,-89.8019,-89.8019,1.27356,12.7175,0
4,2050,5,5,10.0456,2100.32,2100.32,0,0,1,1999.37,1141.4,0,156,136,50,1141.4,10.0456,10.0456,18.2871,18.2871,-79.2129,-79.2129,1.27356,12.7175,0
4,2051,5,5,18.4926,1488.8,1488.8,0,0,1,588.24,1559.79,0,156,136,50,1559.79,18.4926,18.4926,26.7939,26.7939,-70.7061,-70.7061,1.27356,12.7175,0
4,2052,5,5,12.4654,1698.61,1698.61,0,0,1,672.555,1753.39,0,156,136,50,1753.39,12.4654,12.4654,18.5422,18.5422,-78.9578,-78.9578,1.27356,12.7175,0
4,2053,5,5,-1.39098,2568.17,2568.17,0,0,1,2139.51,1766.54,0,156,136,50,1766.54,-1.39098,-1.39098,5.53327,5.53327,-91.9667,-91.9667,1.27356,12.7175,0
4,2054,5,5,11.6404,1663.93,1663.93,0,0,1,1489.38,1130.11,0,156,136,50,1130.11,11.6404,11.6404,21.1348,21.1348,-76.3652,-76.3652,1.27356,12.7175,0
4,2055,5,5,38.8359,560.895,560.895,0,0,1,403.209,636.99,0,156,136,50,636.99,38.8359,38.8359,45.5486,45.5486,-51.9514,-51.9514,1.27356,12.7175,0
4,2056,5,5,6.10928,2303.75,2303.75,0,0,1,943.93,2300.24,0,156,136,50,2300.24,6.10928,6.10928,16.4088,16.4088,-81.0912,-81.0912,1.27356,12.7175,0
4,2057,5,5,15.8954,2333.73,2333.73,0,0,1,1760.16,1830.23,0,156,136,50,1830.23,15.8954,15.8954,23.4293,23.4293,-74.0707,-74.0707,1.27356,12.7175,0
4,2058,5,5,26.6362,1130.56,1130.56,0,0,1,270.845,1259.6,0,156,136,50,1259.6,26.6362,26.6362,32.19,32.19,-65.31,-65.31,1.27356,12.7175,0
5,2049,5,5,2.61435,2042.15,2040.86,0,0,1,1780.05,1370.94,0,156,136,50,1370.94,1.23463,2.61435,9.49097,7.6981,-89.8019,-88.009,1.27356,12.7175,0
5,2050,5,5,19.5936,2100.32,2087.37,0,0,1,1984.31,1141.94,0,156,136,50,1141.94,10.0456,19.5936,26.9838,18.2871,-79.2129,-70.5162,1.27356,12.7175,0
5,2051,5,5,14.7688,1488.8,1485.26,0,0,1,582.279,1557.9,0,156,136,50,1557.9,18.4926,14.7688,22.1301,26.7939,-70.7061,-75.3699,1.27356,12.7175,0
5,2052,5,5,2.2244,1698.61,1703.61,0,0,1,667.881,1760.12,0,156,136,50,1760.12,12.4654,2.2244,10.9583,18.5422,-78.9578,-86.5417,1.27356,12.7175,0
5,2053,5,5,2.54202,2568.17,2571.31,0,0,1,2139.54,1771.45,0,156,136,50,1771.45,-1.39098,2.54202,8.54947,5.53327,-91.9667,-88.9505,1.27356,12.7175,0
5,2054,5,5,16.1645,1663.93,1659.83,0,0,1,1489.35,1123.27,0,156,136,50,1123.27,11.6404,16.1645,23.8836,21.1348,-76.3652,-73.6164,1.27356,12.7175,0
5,2055,5,5,30.8097,560.895,564.885,0,0,1,410.624,637.759,0,156,136,50,637.759,38.8359,30.8097,38.4904,45.5486,-51.9514,-59.0096,1.27356,12.7175,0
5,2056,5,5,5.35349,2303.75,2308.29,0,0,1,948.405,2303.44,0,156,136,50,2303.44,6.10928,5.35349,12.4716,16.4088,-81.0912,-85.0284,1.27356,12.7175,0
5,2057,5,5,10.7101,2333.73,2333.43,0,0,1,1761.89,1828.19,0,156,136,50,1828.19,15.8954,10.7101,15.9459,23.4293,-74.0707,-81.5541,1.27356,12.7175,0
5,2058,5,5,13.5944,1130.56,1125.25,0,0,1,265.896,1254.75,0,156,136,50,1254.75,26.6362,13.5944,20.7033,32.19,-65.31,-76.7967,1.27356,12.7175,0
5,2049,5,5,5.25531,2042.15,1746.77,0,0,2,1780.05,1370.94,0,391,313,50,1370.94,1.23463,5.25531,12.1319,7.6981,-89.8019,-85.3681,1.27356,12.7175,0
5,2050,5,5,22.1383,2100.32,1796.74,0,0,2,1984.31,1141.94,0,391,313,50,1141.94,10.0456,22.1383,29.5285,18.2871,-79.2129,-67.9715,1.27356,12.7175,0
5,2051,5,5,17.5537,1488.8,1260.5,0,0,2,582.279,1557.9,0,391,313,50,1557.9,18.4926,17.5537,24.915,26.7939,-70.7061,-72.585,1.27356,12.7175,0
5,2052,5,5,4.67896,1698.61,1474.22,0,0,2,667.881,1760.12,0,391,313,50,1760.12,12.4654,4.67896,13.4129,18.5422,-78.9578,-84.0871,1.27356,12.7175,0
5,2053,5,5,4.60143,2568.17,2277.49,0,0,2,2139.54,1771.45,0,391,313,50,1771.45,-1.39098,4.60143,10.6089,5.53327,-91.9667,-86.8911,1.27356,12.7175,0
5,2054,5,5,19.4736,1663.93,1365.8,0,0,2,1489.35,1123.27,0,391,313,50,1123.27,11.6404,19.4736,27.1927,21.1348,-76.3652,-70.3073,1.27356,12.7175,0
5,2055,5,5,39.9755,560.895,329.171,0,0,2,410.624,637.759,0,391,313,50,637.759,38.8359,39.9755,47.6562,45.5486,-51.9514,-49.8438,1.27356,12.7175,0
5,2056,5,5,7.22228,2303.75,2067.62,0,0,2,948.405,2303.44,0,391,313,50,2303.44,6.10928,7.22228,14.3403,16.4088,-81.0912,-83.1597,1.27356,12.7175,0
5,2057,5,5,12.9583,2333.73,2043.93,0,0,2,1761.89,1828.19,0,391,313,50,1828.19,15.8954,12.9583,18.1941,23.4293,-74.0707,-79.3059,1.27356,12.7175,0
5,2058,5,5,16.4438,1130.56,951.341,0,0,1,265.896,1254.75,0,391,313,50,1254.75,26.6362,16.4438,23.5527,32.19,-65.31,-73.9473,1.27356,12.7175,0
5,2049,5,5,2.61435,2042.15,2040.86,0,0,2,1780.05,1370.94,0,156,136,50,1370.94,1.23463,2.61435,9.49097,7.6981,-89.8019,-88.009,1.27356,12.7175,0
5,2050,5,5,19.5936,2100.32,2087.37,0,0,2,1984.31,1141.94,0,156,136,50,1141.94,10.0456,19.5936,26.9838,18.2871,-79.2129,-70.5162,1.27356,12.7175,0
5,2051,5,5,14.7688,1488.8,1485.26,0,0,2,582.279,1557.9,0,156,136,50,1557.9,18.4926,14.7688,22.1301,26.7939,-70.7061,-75.3699,1.27356,12.7175,0
5,2052,5,5,2.2244,1698.61,1703.61,0,0,2,667.881,1760.12,0,156,136,50,1760.12,12.4654,2.2244,10.9583,18.5422,-78.9578,-86.5417,1.27356,12.7175,0
5,2053,5,5,2.54202,2568.17,2571.31,0,0,2,2139.54,1771.45,0,156,136,50,1771.45,-1.39098,2.54202,8.54947,5.53327,-91.9667,-88.9505,1.27356,12.7175,0
5,2054,5,5,16.1645,1663.93,1659.83,0,0,2,1489.35,1123.27,0,156,136,50,1123.27,11.6404,16.1645,23.8836,21.1348,-76.3652,-73.6164,1.27356,12.7175,0
5,2055,5,5,30.8097,560.895,564.885,0,0,2,410.624,637.759,0,156,136,50,637.759,38.8359,30.8097,38.4904,45.5486,-51.9514,-59.0096,1.27356,12.7175,0
5,2056,5,5,5.35349,2303.75,2308.29,0,0,2,948.405,2303.44,0,156,136,50,2303.44,6.10928,5.35349,12.4716,16.4088,-81.0912,-85.0284,1.27356,12.7175,0
5,2057,5,5,10.7101,2333.73,2333.43,0,0,2,1761.89,1828.19,0,156,136,50,1828.19,15.8954,10.7101,15.9459,23.4293,-74.0707,-81.5541,1.27356,12.7175,0
5,2058,5,5,13.5944,1130.56,1125.25,0,0,3,265.896,1254.75,0,156,136,50,1254.75,26.6362,13.5944,20.7033,32.19,-65.31,-76.7967,1.27356,12.7175,0
5,2049,5,5,5.25531,2042.15,1746.77,0,0,4,1780.05,1370.94,0,391,313,50,1370.94,1.23463,5.25531,12.1319,7.6981,-89.8019,-85.3681,1.27356,12.7175,0
5,2050,5,5,22.1383,2100.32,1796.74,0,0,4,1984.31,1141.94,0,391,313,50,1141.94,10.0456,22.1383,29.5285,18.2871,-79.2129,-67.9715,1.27356,12.7175,0
5,2051,5,5,17.5537,1488.8,1260.5,0,0,4,582.279,1557.9,0,391,313,50,1557.9,18.4926,17.5537,24.915,26.7939,-70.7061,-72.585,1.27356,12.7175,0
5,2052,5,5,4.67896,1698.61,1474.22,0,0,4,667.881,1760.12,0,391,313,50,1760.12,12.4654,4.67896,13.4129,18.5422,-78.9578,-84.0871,1.27356,12.7175,0
5,2053,5,5,4.60143,2568.17,2277.49,0,0,4,2139.54,1771.45,0,391,313,50,1771.45,-1.39098,4.60143,10.6089,5.53327,-91.9667,-86.8911,1.27356,12.7175,0
5,2054,5,5,19.4736,1663.93,1365.8,0,0,4,1489.35,1123.27,0,391,313,50,1123.27,11.6404,19.4736,27.1927,21.1348,-76.3652,-70.3073,1.27356,12.7175,0
5,2055,5,5,39.9755,560.895,329.171,0,0,4,410.624,637.759,0,391,313,50,637.759,38.8359,39.9755,47.6562,45.5486,-51.9514,-49.8438,1.27356,12.7175,0
5,2056,5,5,7.22228,2303.75,2067.62,0,0,4,948.405,2303.44,0,391,313,50,2303.44,6.10928,7.22228,14.3403,16.4088,-81.0912,-83.1597,1.27356,12.7175,0
5,2057,5,5,12.9583,2333.73,2043.93,0,0,4,1761.89,1828.19,0,391,313,50,1828.19,15.8954,12.9583,18.1941,23.4293,-74.0707,-79.3059,1.27356,12.7175,0
5,2058,5,5,16.4438,1130.56,951.341,0,0,3,265.896,1254.75,0,391,313,50,1254.75,26.6362,16.4438,23.5527,32.19,-65.31,-73.9473,1.27356,12.7175,0
5,2049,5,5,2.61435,2040.86,2040.86,0,0,4,1780.05,1370.94,0,156,136,50,1370.94,2.61435,2.61435,9.49097,9.49097,-88.009,-88.009,1.27356,12.7175,0
5,2050,5,5,19.5936,2087.37,2087.37,0,0,4,1984.31,1141.94,0,156,136,50,1141.94,19.5936,19.5936,26.9838,26.9838,-70.5162,-70.5162,1.27356,12.7175,0
5,2051,5,5,14.7688,1485.26,1485.26,0,0,4,582.279,1557.9,0,156,136,50,1557.9,14.7688,14.7688,22.1301,22.1301,-75.3699,-75.3699,1.27356,12.7175,0
5,2052,5,5,2.2244,1703.61,1703.61,0,0,4,667.881,1760.12,0,156,136,50,1760.12,2.2244,2.2244,10.9583,10.9583,-86.5417,-86.5417,1.27356,12.7175,0
5,2053,5,5,2.54202,2571.31,2571.31,0,0,4,2139.54,1771.45,0,156,136,50,1771.45,2.54202,2.54202,8.54947,8.54947,-88.9505,-88.9505,1.27356,12.7175,0
5,2054,5,5,16.1645,1659.83,1659.83,0,0,4,1489.35,1123.27,0,156,136,50,1123.27,16.1645,16.1645,23.8836,23.8836,-73.6164,-73.6164,1.27356,12.7175,0
5,2055,5,5,30.8097,564.885,564.885,0,0,4,410.624,637.759,0,156,136,50,637.759,30.8097,30.8097,38.4904,38.4904,-59.0096,-59.0096,1.27356,12.7175,0
5,2056,5,5,5.35349,2308.29,2308.29,0,0,4,948.405,2303.44,0,156,136,50,2303.44,5.35349,5.35349,12.4716,12.4716,-85.0284,-85.0284,1.27356,12.7175,0
5,2057,5,5,10.7101,2333.43,2333.43,0,0,4,1761.89,1828.19,0,156,136,50,1828.19,10.7101,10.7101,15.9459,15.9459,-81.5541,-81.5541,1.27356,12.7175,0
5,2058,5,5,13.5944,1125.25,1125.25,0,0,5,265.896,1254.75,0,156,136,50,1254.75,13.5944,13.5944,20.7033,20.7033,-76.7967,-76.7967,1.27356,12.7175,0
6,2049,5,5,10.6004,2040.86,2039.79,0,0,5,1778.59,1371.09,0,156,136,50,1371.09,2.61435,10.6004,19.8994,9.49097,-88.009,-77.6006,1.27356,12.7175,0
6,2050,5,5,5.27272,2087.37,2088.08,0,0,5,1983.34,1145.16,0,156,136,50,1145.16,19.5936,5.27272,12.5796,26.9838,-70.5162,-84.9204,1.27356,12.7175,0
6,2051,5,5,20.8827,1485.26,1479.44,0,0,5,578.013,1553.1,0,156,136,50,1553.1,14.7688,20.8827,29.1605,22.1301,-75.3699,-68.3395,1.27356,12.7175,0
6,2052,5,5,2.21777,1703.61,1709.81,0,0,1,662.108,1768.43,0,156,136,50,1768.43,2.2244,2.21777,9.87452,10.9583,-86.5417,-87.6255,1.27356,12.7175,0
6,2053,5,5,-1.61116,2571.31,2574.45,0,0,4,2139.57,1776.35,0,156,136,50,1776.35,2.54202,-1.61116,5.91304,8.54947,-88.9505,-91.587,1.27356,12.7175,0
6,2054,5,5,8.26531,1659.83,1655.38,0,0,1,1489.31,1115.83,0,156,136,50,1115.83,16.1645,8.26531,15.293,23.8836,-73.6164,-82.207,1.27356,12.7175,0
6,2055,5,5,32.731,564.885,569.897,0,0,4,419.76,638.706,0,156,136,50,638.706,30.8097,32.731,38.3307,38.4904,-59.0096,-59.1693,1.27356,12.7175,0
6,2056,5,5,8.23594,2308.29,2312.86,0,0,4,952.898,2306.66,0,156,136,50,2306.66,5.35349,8.23594,15.813,12.4716,-85.0284,-81.687,1.27356,12.7175,0
6,2057,5,5,-0.0731501,2333.43,2334.52,0,0,4,1765.9,1825.87,0,156,136,50,1825.87,10.7101,-0.0731501,7.94545,15.9459,-81.5541,-89.5545,1.27356,12.7175,0
6,2058,5,5,16.627,1125.25,1118.79,0,0,1,259.851,1248.84,0,156,136,50,1248.84,13.5944,16.627,23.1429,20.7033,-76.7967,-74.3571,1.27356,12.7175,0
6,2049,5,5,13.2428,2040.86,1745.7,0,0,2,1778.59,1371.09,0,391,313,50,1371.09,2.61435,13.2428,22.5419,9.49097,-88.009,-74.9581,1.27356,12.7175,0
6,2050,5,5,7.81721,2087.37,1797.37,0,0,2,1983.34,1145.16,0,391,313,50,1145.16,19.5936,7.81721,15.1241,26.9838,-70.5162,-82.3759,1.27356,12.7175,0
6,2051,5,5,23.6736,1485.26,1255.11,0,0,2,578.013,1553.1,0,391,313,50,1553.1,14.7688,23.6736,31.9514,22.1301,-75.3699,-65.5486,1.27356,12.7175,0
6,2052,5,5,4.65261,1703.61,1481.3,0,0,2,662.108,1768.43,0,391,313,50,1768.43,2.2244,4.65261,12.3094,10.9583,-86.5417,-85.1906,1.27356,12.7175,0
6,2053,5,5,0.445416,2571.31,2280.66,0,0,2,2139.57,1776.35,0,391,313,50,1776.35,2.54202,0.445416,7.96961,8.54947,-88.9505,-89.5304,1.27356,12.7175,0
6,2054,5,5,11.5841,1659.83,1361.37,0,0,2,1489.31,1115.83,0,391,313,50,1115.83,16.1645,11.5841,18.6118,23.8836,-73.6164,-78.8882,1.27356,12.7175,0
6,2055,5,5,41.9643,564.885,330.774,0,0,2,419.76,638.706,0,391,313,50,638.706,30.8097,41.9643,47.5639,38.4904,-59.0096,-49.9361,1.27356,12.7175,0
6,2056,5,5,10.1029,2308.29,2071.93,0,0,2,952.898,2306.66,0,391,313,50,2306.66,5.35349,10.1029,17.68,12.4716,-85.0284,-79.82,1.27356,12.7175,0
6,2057,5,5,2.17485,2333.43,2044.91,0,0,2,1765.9,1825.87,0,391,313,50,1825.87,10.7101,2.17485,10.1935,15.9459,-81.5541,-87.3065,1.27356,12.7175,0
6,2058,5,5,19.4689,1125.25,946.306,0,0,1,259.851,1248.84,0,391,313,50,1248.84,13.5944,19.4689,25.9847,20.7033,-76.7967,-71.5153,1.27356,12.7175,0
6,2049,5,5,10.6004,2040.86,2039.79,0,0,2,1778.59,1371.09,0,156,136,50,1371.09,2.61435,10.6004,19.8994,9.49097,-88.009,-77.6006,1.27356,12.7175,0
6,2050,5,5,5.27272,2087.37,2088.08,0,0,2,1983.34,1145.16,0,156,136,50,1145.16,19.5936,5.27272,12.5796,26.9838,-70.5162,-84.9204,1.27356,12.7175,0
6,2051,5,5,20.8827,1485.26,1479.44,0,0,2,578.013,1553.1,0,156,136,50,1553.1,14.7688,20.8827,29.1605,22.1301,-75.3699,-68.3395,1.27356,12.7175,0
6,2052,5,5,2.21777,1703.61,1709.81,0,0,2,662.108,1768.43,0,156,136,50,1768.43,2.2244,2.21777,9.87452,10.9583,-86.5417,-87.6255,1.27356,12.7175,0
6,2053,5,5,-1.61116,2571.31,2574.45,0,0,2,2139.57,1776.35,0,156,136,50,1776.35,2.54202,-1.61116,5.91304,8.54947,-88.9505,-91.587,1.27356,12.7175,0
6,2054,5,5,8.26531,1659.83,1655.38,0,0,2,1489.31,1115.83,0,156,136,50,1115.83,16.1645,8.26531,15.293,23.8836,-73.6164,-82.207,1.27356,12.7175,0
6,2055,5,5,32.731,564.885,569.897,0,0,2,419.76,638.706,0,156,136,50,638.706,30.8097,32.731,38.3307,38.4904,-59.0096,-59.1693,1.27356,12.7175,0
6,2056,5,5,8.23594,2308.29,2312.86,0,0,2,952.898,2306.66,0,156,136,50,2306.66,5.35349,8.23594,15.813,12.4716,-85.0284,-81.687,1.27356,12.7175,0
6,2057,5,5,-0.0731501,2333.43,2334.52,0,0,2,1765.9,1825.87,0,156,136,50,1825.87,10.7101,-0.0731501,7.94545,15.9459,-81.5541,-89.5545,1.27356,12.7175,0
6,2058,5,5,16.627,1125.25,1118.79,0,0,3,259.851,1248.84,0,156,136,50,1248.84,13.5944,16.627,23.1429,20.7033,-76.7967,-74.3571,1.27356,12.7175,0
6,2049,5,5,13.2428,2040.86,1745.7,0,0,4,1778.59,1371.09,0,391,313,50,1371.09,2.61435,13.2428,22.5419,9.49097,-88.009,-74.9581,1.27356,12.7175,0
6,2050,5,5,7.81721,2087.37,1797.37,0,0,4,1983.34,1145.16,0,391,313,50,1145.16,19.5936,7.81721,15.1241,26.9838,-70.5162,-82.3759,1.27356,12.7175,0
6,2051,5,5,23.6736,1485.26,1255.11,0,0,4,578.013,1553.1,0,391,313,50,1553.1,14.7688,23.6736,31.9514,22.1301,-75.3699,-65.5486,1.27356,12.7175,0
6,2052,5,5,4.65261,1703.61,1481.3,0,0,4,662.108,1768.43,0,391,313,50,1768.43,2.2244,4.65261,12.3094,10.9583,-86.5417,-85.1906,1.27356,12.7175,0
6,2053,5,5,0.445416,2571.31,2280.66,0,0,4,2139.57,1776.35,0,391,313,50,1776.35,2.54202,0.445416,7.96961,8.54947,-88.9505,-89.5304,1.27356,12.7175,0
6,2054,5,5,11.5841,1659.83,1361.37,0,0,4,1489.31,1115.83,0,391,313,50,1115.83,16.1645,11.5841,18.6118,23.8836,-73.6164,-78.8882,1.27356,12.7175,0
6,2055,5,5,41.9643,564.885,330.774,0,0,4,419.76,638.706,0,391,313,50,638.706,30.8097,41.9643,47.5639,38.4904,-59.0096,-49.9361,1.27356,12.7175,0
6,2056,5,5,10.1029,2308.29,2071.93,0,0,4,952.898,2306.66,0,391,313,50,2306.66,5.35349,10.1029,17.68,12.4716,-85.0284,-79.82,1.27356,12.7175,0
6,2057,5,5,2.17485,2333.43,2044.91,0,0,4,1765.9,1825.87,0,391,313,50,1825.87,10.7101,2.17485,10.1935,15.9459,-81.5541,-87.3065,1.27356,12.7175,0
6,2058,5,5,19.4689,1125.25,946.306,0,0,3,259.851,1248.84,0,391,313,50,1248.84,13.5944,19.4689,25.9847,20.7033,-76.7967,-71.5153,1.27356,12.7175,0
6,2049,5,5,10.6004,2039.79,2039.79,0,0,4,1778.59,1371.09,0,156,136,50,1371.09,10.6004,10.6004,19.8994,19.8994,-77.6006,-77.6006,1.27356,12.7175,0
6,2050,5,5,5.27272,2088.08,2088.08,0,0,4,1983.34,1145.16,0,156,136,50,1145.16,5.27272,5.27272,12.5796,12.5796,-84.9204,-84.9204,1.27356,12.7175,0
6,2051,5,5,20.8827,1479.44,1479.44,0,0,4,578.013,1553.1,0,156,136,50,1553.1,20.8827,20.8827,29.1605,29.1605,-68.3395,-68.3395,1.27356,12.7175,0
6,2052,5,5,2.21777,1709.81,1709.81,0,0,4,662.108,1768.43,0,156,136,50,1768.43,2.21777,2.21777,9.87452,9.87452,-87.6255,-87.6255,1.27356,12.7175,0
6,2053,5,5,-1.61116,2574.45,2574.45,0,0,4,2139.57,1776.35,0,156,136,50,1776.35,-1.61116,-1.61116,5.91304,5.91304,-91.587,-91.587,1.27356,12.7175,0
6,2054,5,5,8.26531,1655.38,1655.38,0,0,4,1489.31,1115.83,0,156,136,50,1115.83,8.26531,8.26531,15.293,15.293,-82.207,-82.207,1.27356,12.7175,0
6,2055,5,5,32.731,569.897,569.897,0,0,4,419.76,638.706,0,156,136,50,638.706,32.731,32.731,38.3307,38.3307,-59.1693,-59.1693,1.27356,12.7175,0
6,2056,5,5,8.23594,2312.86,2312.86,0,0,4,952.898,2306.66,0,156,136,50,2306.66,8.23594,8.23594,15.813,15.813,-81.687,-81.687,1.27356,12.7175,0
6,2057,5,5,-0.0731501,2334.52,2334.52,0,0,4,1765.9,1825.87,0,156,136,50,1825.87,-0.0731501,-0.0731501,7.94545,7.94545,-89.5545,-89.5545,1.27356,12.7175,0
6,2058,5,5,16.627,1118.79,1118.79,0,0,5,259.851,1248.84,0,156,136,50,1248.84,16.627,16.627,23.1429,23.1429,-74.3571,-74.3571,1.27356,12.7175,0
7,2049,5,5,6.82423,2039.79,2044.96,0,0,5,1772.02,1388.14,0,156,136,50,1388.14,10.6004,6.82423,15.4764,19.8994,-77.6006,-82.0236,1.27356,12.7175,0
7,2050,5,5,6.7954,2088.08,2102.09,0,0,4,1999.65,1144.59,0,156,136,50,1144.59,5.27272,6.7954,16.6367,12.5796,-84.9204,-80.8633,1.27356,12.7175,0
7,2051,5,5,15.8119,1479.44,1472.62,0,0,5,573.01,1547.46,0,156,136,50,1547.46,20.8827,15.8119,23.6454,29.1605,-68.3395,-73.8546,1.27356,12.7175,0
7,2052,5,5,17.3405,1709.81,1717.22,0,0,1,655.259,1778.28,0,156,136,50,1778.28,2.21777,17.3405,23.7683,9.87452,-87.6255,-73.7317,1.27356,12.7175,0
7,2053,5,5,5.3584,2574.45,2577.52,0,0,4,2139.6,1781.12,0,156,136,50,1781.12,-1.61116,5.3584,13.0662,5.91304,-91.587,-84.4338,1.27356,12.7175,0
7,2054,5,5,15.0433,1655.38,1650.96,0,0,1,1489.28,1108.39,0,156,136,50,1108.39,8.26531,15.0433,23.2375,15.293,-82.207,-74.2625,1.27356,12.7175,0
7,2055,5,5,25.3787,569.897,575.94,0,0,4,430.535,639.823,0,156,136,50,639.823,32.731,25.3787,34.2368,38.3307,-59.1693,-63.2632,1.27356,12.7175,0
7,2056,5,5,10.4538,2312.86,2317.41,0,0,4,957.379,2309.87,0,156,136,50,2309.87,8.23594,10.4538,18.1234,15.813,-81.687,-79.3766,1.27356,12.7175,0
7,2057,5,5,-2.16653,2334.52,2334.36,0,0,4,1766.72,1824.88,0,156,136,50,1824.88,-0.0731501,-2.16653,6.01209,7.94545,-89.5545,-91.4879,1.27356,12.7175,0
7,2058,5,5,6.05348,1118.79,1111.53,0,0,5,253.02,1242.16,0,156,136,50,1242.16,16.627,6.05348,16.2066,23.1429,-74.3571,-81.2934,1.27356,12.7175,0
7,2049,5,5,9.45919,2039.79,1750.9,0,0,2,1772.02,1388.14,0,391,313,50,1388.14,10.6004,9.45919,18.1113,19.8994,-77.6006,-79.3887,1.27356,12.7175,0
7,2050,5,5,9.31983,2088.08,1811.57,0,0,2,1999.65,1144.59,0,391,313,50,1144.59,5.27272,9.31983,19.1611,12.5796,-84.9204,-78.3389,1.27356,12.7175,0
7,2051,5,5,18.6099,1479.44,1248.8,0,0,2,573.01,1547.46,0,391,313,50,1547.46,20.8827,18.6099,26.4434,29.1605,-68.3395,-71.0566,1.27356,12.7175,0
7,2052,5,5,19.7521,1709.81,1489.76,0,0,2,655.259,1778.28,0,391,313,50,1778.28,2.21777,19.7521,26.18,9.87452,-87.6255,-71.32,1.27356,12.7175,0
7,2053,5,5,7.41222,2574.45,2283.74,0,0,2,2139.6,1781.12,0,391,313,50,1781.12,-1.61116,7.41222,15.12,5.91304,-91.587,-82.38,1.27356,12.7175,0
7,2054,5,5,18.3717,1655.38,1356.97,0,0,2,1489.28,1108.39,0,391,313,50,1108.39,8.26531,18.3717,26.5658,15.293,-82.207,-70.9342,1.27356,12.7175,0
7,2055,5,5,34.6781,569.897,332.981,0,0,2,430.535,639.823,0,391,313,50,639.823,32.731,34.6781,43.5362,38.3307,-59.1693,-53.9638,1.27356,12.7175,0
7,2056,5,5,12.319,2312.86,2076.24,0,0,2,957.379,2309.87,0,391,313,50,2309.87,8.23594,12.319,19.9886,15.813,-81.687,-77.5114,1.27356,12.7175,0
7,2057,5,5,0.081881,2334.52,2044.72,0,0,2,1766.72,1824.88,0,391,313,50,1824.88,-0.0731501,0.081881,8.2605,7.94545,-89.5545,-89.2395,1.27356,12.7175,0
7,2058,5,5,8.88602,1118.79,940.675,0,0,5,253.02,1242.16,0,391,313,50,1242.16,16.627,8.88602,19.0392,23.1429,-74.3571,-78.4608,1.27356,12.7175,0
7,2049,5,5,6.82423,2039.79,2044.96,0,0,2,1772.02,1388.14,0,156,136,50,1388.14,10.6004,6.82423,15.4764,19.8994,-77.6006,-82.0236,1.27356,12.7175,0
7,2050,5,5,6.7954,2088.08,2102.09,0,0,2,1999.65,1144.59,0,156,136,50,1144.59,5.27272,6.7954,16.6367,12.5796,-84.9204,-80.8633,1.27356,12.7175,0
7,2051,5,5,15.8119,1479.44,1472.62,0,0,2,573.01,1547.46,0,156,136,50,1547.46,20.8827,15.8119,23.6454,29.1605,-68.3395,-73.8546,1.27356,12.7175,0
7,2052,5,5,17.3405,1709.81,1717.22,0,0,2,655.259,1778.28,0,156,136,50,1778.28,2.21777,17.3405,23.7683,9.87452,-87.6255,-73.7317,1.27356,12.7175,0
7,2053,5,5,5.3584,2574.45,2577.52,0,0,2,2139.6,1781.12,0,156,136,50,1781.12,-1.61116,5.3584,13.0662,5.91304,-91.587,-84.4338,1.27356,12.7175,0
7,2054,5,5,15.0433,1655.38,1650.96,0,0,2,1489.28,1108.39,0,156,136,50,1108.39,8.26531,15.0433,23.2375,15.293,-82.207,-74.2625,1.27356,12.7175,0
7,2055,5,5,25.3787,569.897,575.94,0,0,2,430.535,639.823,0,156,136,50,639.823,32.731,25.3787,34.2368,38.3307,-59.1693,-63.2632,1.27356,12.7175,0
7,2056,5,5,10.4538,2312.86,2317.41,0,0,2,957.379,2309.87,0,156,136,50,2309.87,8.23594,10.4538,18.1234,15.813,-81.687,-79.3766,1.27356,12.7175,0
7,2057,5,5,-2.16653,2334.52,2334.36,0,0,2,1766.72,1824.88,0,156,136,50,1824.88,-0.0731501,-2.16653,6.01209,7.94545,-89.5545,-91.4879,1.27356,12.7175,0
7,2058,5,5,6.05348,1118.79,1111.53,0,0,3,253.02,1242.16,0,156,136,50,1242.16,16.627,6.05348,16.2066,23.1429,-74.3571,-81.2934,1.27356,12.7175,0
7,2049,5,5,9.45919,2039.79,1750.9,0,0,4,1772.02,1388.14,0,391,313,50,1388.14,10.6004,9.45919,18.1113,19.8994,-77.6006,-79.3887,1.27356,12.7175,0
7,2050,5,5,9.31983,2088.08,1811.57,0,0,4,1999.65,1144.59,0,391,313,50,1144.59,5.27272,9.31983,19.1611,12.5796,-84.9204,-78.3389,1.27356,12.7175,0
7,2051,5,5,18.6099,1479.44,1248.8,0,0,4,573.01,1547.46,0,391,313,50,1547.46,20.8827,18.6099,26.4434,29.1605,-68.3395,-71.0566,1.27356,12.7175,0
7,2052,5,5,19.7521,1709.81,1489.76,0,0,4,655.259,1778.28,0,391,313,50,1778.28,2.21777,19.7521,26.18,9.87452,-87.6255,-71.32,1.27356,12.7175,0
7,2053,5,5,7.41222,2574.45,2283.74,0,0,4,2139.6,1781.12,0,391,313,50,1781.12,-1.61116,7.41222,15.12,5.91304,-91.587,-82.38,1.27356,12.7175,0
7,2054,5,5,18.3717,1655.38,1356.97,0,0,4,1489.28,1108.39,0,391,313,50,1108.39,8.26531,18.3717,26.5658,15.293,-82.207,-70.9342,1.27356,12.7175,0
7,2055,5,5,34.6781,569.897,332.981,0,0,4,430.535,639.823,0,391,313,50,639.823,32.731,34.6781,43.5362,38.3307,-59.1693,-53.9638,1.27356,12.7175,0
7,2056,5,5,12.319,2312.86,2076.24,0,0,4,957.379,2309.87,0,391,313,50,2309.87,8.23594,12.319,19.9886,15.813,-81.687,-77.5114,1.27356,12.7175,0
7,2057,5,5,0.081881,2334.52,2044.72,0,0,4,1766.72,1824.88,0,391,313,50,1824.88,-0.0731501,0.081881,8.2605,7.94545,-89.5545,-89.2395,1.27356,12.7175,0
7,2058,5,5,8.88602,1118.79,940.675,0,0,3,253.02,1242.16,0,391,313,50,1242.16,16.627,8.88602,19.0392,23.1429,-74.3571,-78.4608,1.27356,12.7175,0
7,2049,5,5,6.82423,2044.96,2044.96,0,0,4,1772.02,1388.14,0,156,136,50,1388.14,6.82423,6.82423,15.4764,15.4764,-82.0236,-82.0236,1.27356,12.7175,0
7,2050,5,5,6.7954,2102.09,2102.09,0,0,4,1999.65,1144.59,0,156,136,50,1144.59,6.7954,6.7954,16.6367,16.6367,-80.8633,-80.8633,1.27356,12.7175,0
7,2051,5,5,15.8119,1472.62,1472.62,0,0,4,573.01,1547.46,0,156,136,50,1547.46,15.8119,15.8119,23.6454,23.6454,-73.8546,-73.8546,1.27356,12.7175,0
7,2052,5,5,17.3405,1717.22,1717.22,0,0,4,655.259,1778.28,0,156,136,50,1778.28,17.3405,17.3405,23.7683,23.7683,-73.7317,-73.7317,1.27356,12.7175,0
7,2053,5,5,5.3584,2577.52,2577.52,0,0,4,2139.6,1781.12,0,156,136,50,1781.12,5.3584,5.3584,13.0662,13.0662,-84.4338,-84.4338,1.27356,12.7175,0
7,2054,5,5,15.0433,1650.96,1650.96,0,0,4,1489.28,1108.39,0,156,136,50,1108.39,15.0433,15.0433,23.2375,23.2375,-74.2625,-74.2625,1.27356,12.7175,0
7,2055,5,5,25.3787,575.94,575.94,0,0,4,430.535,639.823,0,156,136,50,639.823,25.3787,25.3787,34.2368,34.2368,-63.2632,-63.2632,1.27356,12.7175,0
7,2056,5,5,10.4538,2317.41,2317.41,0,0,4,957.379,2309.87,0,156,136,50,2309.87,10.4538,10.4538,18.1234,18.1234,-79.3766,-79.3766,1.27356,12.7175,0
7,2057,5,5,-2.16653,2334.36,2334.36,0,0,4,1766.72,1824.88,0,156,136,50,1824.88,-2.16653,-2.16653,6.01209,6.01209,-91.4879,-91.4879,1.27356,12.7175,0
7,2058,5,5,6.05348,1111.53,1111.53,0,0,5,253.02,1242.16,0,156,136,50,1242.16,6.05348,6.05348,16.2066,16.2066,-81.2934,-81.2934,1.27356,12.7175,0
8,2049,5,5,27.7804,2044.96,2051.12,0,0,4,1773.09,1396.81,0,156,136,50,1396.81,6.82423,27.7804,37.2489,15.4764,-82.0236,-60.2511,1.27356,12.7175,0
8,2050,5,5,10.4041,2102.09,2108.01,0,0,4,2006.59,1144.23,0,156,136,50,1144.23,6.7954,10.4041,16.0556,16.6367,-80.8633,-81.4444,1.27356,12.7175,0
8,2051,5,5,16.0754,1472.62,1456.26,0,0,1,560.642,1534.02,0,156,136,50,1534.02,15.8119,16.0754,23.4025,23.6454,-73.8546,-74.0975,1.27356,12.7175,0
8,2052,5,5,12.0569,1717.22,1725.41,0,0,1,647.75,1789.09,0,156,136,50,1789.09,17.3405,12.0569,21.3493,23.7683,-73.7317,-76.1507,1.27356,12.7175,0
8,2053,5,5,-2.3223,2577.52,2577.4,0,0,5,2130.53,1791.8,0,156,136,50,1791.8,5.3584,-2.3223,5.83269,13.0662,-84.4338,-91.6673,1.27356,12.7175,0
8,2054,5,5,17.8466,1650.96,1647.57,0,0,1,1489.25,1102.66,0,156,136,50,1102.66,15.0433,17.8466,29.449,23.2375,-74.2625,-68.051,1.27356,12.7175,0
8,2055,5,5,37.6554,575.94,582.389,0,0,4,441.77,640.988,0,156,136,50,640.988,25.3787,37.6554,44.5899,34.2368,-63.2632,-52.9101,1.27356,12.7175,0
8,2056,5,5,15.7682,2317.41,2322,0,0,4,961.834,2313.11,0,156,136,50,2313.11,10.4538,15.7682,22.6228,18.1234,-79.3766,-74.8772,1.27356,12.7175,0
8,2057,5,5,0.182425,2334.36,2334.2,0,0,4,1767.54,1823.88,0,156,136,50,1823.88,-2.16653,0.182425,7.27135,6.01209,-91.4879,-90.2287,1.27356,12.7175,0
8,2058,5,5,15.7136,1111.53,1106.4,0,0,1,248.164,1237.42,0,156,136,50,1237.42,6.05348,15.7136,23.574,16.2066,-81.2934,-73.926,1.27356,12.7175,0
8,2049,5,5,30.4067,2044.96,1757.07,0,0,2,1773.09,1396.81,0,391,313,50,1396.81,6.82423,30.4067,39.8752,15.4764,-82.0236,-57.6248,1.27356,12.7175,0
8,2050,5,5,12.9201,2102.09,1817.58,0,0,2,2006.59,1144.23,0,391,313,50,1144.23,6.7954,12.9201,18.5716,16.6367,-80.8633,-78.9284,1.27356,12.7175,0
8,2051,5,5,18.8895,1472.62,1233.76,0,0,2,560.642,1534.02,0,391,313,50,1534.02,15.8119,18.8895,26.2165,23.6454,-73.8546,-71.2835,1.27356,12.7175,0
8,2052,5,5,14.4433,1717.22,1499.09,0,0,2,647.75,1789.09,0,391,313,50,1789.09,17.3405,14.4433,23.7357,23.7683,-73.7317,-73.7643,1.27356,12.7175,0
8,2053,5,5,-0.269041,2577.52,2283.71,0,0,2,2130.53,1791.8,0,391,313,50,1791.8,5.3584,-0.269041,7.88595,13.0662,-84.4338,-89.6141,1.27356,12.7175,0
8,2054,5,5,21.1823,1650.96,1353.59,0,0,2,1489.25,1102.66,0,391,313,50,1102.66,15.0433,21.1823,32.7847,23.2375,-74.2625,-64.7153,1.27356,12.7175,0
8,2055,5,5,47.0089,575.94,335.639,0,0,2,441.77,640.988,0,391,313,50,640.988,25.3787,47.0089,53.9434,34.2368,-63.2632,-43.5566,1.27356,12.7175,0
8,2056,5,5,17.6314,2317.41,2080.57,0,0,2,961.834,2313.11,0,391,313,50,2313.11,10.4538,17.6314,24.4861,18.1234,-79.3766,-73.0139,1.27356,12.7175,0
8,2057,5,5,2.43125,2334.36,2044.54,0,0,2,1767.54,1823.88,0,391,313,50,1823.88,-2.16653,2.43125,9.52017,6.01209,-91.4879,-87.9798,1.27356,12.7175,0
8,2058,5,5,18.539,1111.53,936.721,0,0,1,248.164,1237.42,0,391,313,50,1237.42,6.05348,18.539,26.3995,16.2066,-81.2934,-71.1005,1.27356,12.7175,0
8,2049,5,5,27.7804,2044.96,2051.12,0,0,2,1773.09,1396.81,0,156,136,50,1396.81,6.82423,27.7804,37.2489,15.4764,-82.0236,-60.2511,1.27356,12.7175,0
8,2050,5,5,10.4041,2102.09,2108.01,0,0,2,2006.59,1144.23,0,156,136,50,1144.23,6.7954,10.4041,16.0556,16.6367,-80.8633,-81.4444,1.27356,12.7175,0
8,2051,5,5,16.0754,1472.62,1456.26,0,0,2,560.642,1534.02,0,156,136,50,1534.02,15.8119,16.0754,23.4025,23.6454,-73.8546,-74.0975,1.27356,12.7175,0
8,2052,5,5,12.0569,1717.22,1725.41,0,0,2,647.75,1789.09,0,156,136,50,1789.09,17.3405,12.0569,21.3493,23.7683,-73.7317,-76.1507,1.27356,12.7175,0
8,2053,5,5,-2.3223,2577.52,2577.4,0,0,2,2130.53,1791.8,0,156,136,50,1791.8,5.3584,-2.3223,5.83269,13.0662,-84.4338,-91.6673,1.27356,12.7175,0
8,2054,5,5,17.8466,1650.96,1647.57,0,0,2,1489.25,1102.66,0,156,136,50,1102.66,15.0433,17.8466,29.449,23.2375,-74.2625,-68.051,1.27356,12.7175,0
8,2055,5,5,37.6554,575.94,582.389,0,0,2,441.77,640.988,0,156,136,50,640.988,25.3787,37.6554,44.5899,34.2368,-63.2632,-52.9101,1.27356,12.7175,0
8,2056,5,5,15.7682,2317.41,2322,0,0,2,961.834,2313.11,0,156,136,50,2313.11,10.4538,15.7682,22.6228,18.1234,-79.3766,-74.8772,1.27356,12.7175,0
8,2057,5,5,0.182425,2334.36,2334.2,0,0,2,1767.54,1823.88,0,156,136,50,1823.88,-2.16653,0.182425,7.27135,6.01209,-91.4879,-90.2287,1.27356,12.7175,0
8,2058,5,5,15.7136,1111.53,1106.4,0,0,3,248.164,1237.42,0,156,136,50,1237.42,6.05348,15.7136,23.574,16.2066,-81.2934,-73.926,1.27356,12.7175,0
8,2049,5,5,30.4067,2044.96,1757.07,0,0,4,1773.09,1396.81,0,391,313,50,1396.81,6.82423,30.4067,39.8752,15.4764,-82.0236,-57.6248,1.27356,12.7175,0
8,2050,5,5,12.9201,2102.09,1817.58,0,0,4,2006.59,1144.23,0,391,313,50,1144.23,6.7954,12.9201,18.5716,16.6367,-80.8633,-78.9284,1.27356,12.7175,0
8,2051,5,5,18.8895,1472.62,1233.76,0,0,4,560.642,1534.02,0,391,313,50,1534.02,15.8119,18.8895,26.2165,23.6454,-73.8546,-71.2835,1.27356,12.7175,0
8,2052,5,5,14.4433,1717.22,1499.09,0,0,4,647.75,1789.09,0,391,313,50,1789.09,17.3405,14.4433,23.7357,23.7683,-73.7317,-73.7643,1.27356,12.7175,0
8,2053,5,5,-0.269041,2577.52,2283.71,0,0,4,2130.53,1791.8,0,391,313,50,1791.8,5.3584,-0.269041,7.88595,13.0662,-84.4338,-89.6141,1.27356,12.7175,0
8,2054,5,5,21.1823,1650.96,1353.59,0,0,4,1489.25,1102.66,0,391,313,50,1102.66,15.0433,21.1823,32.7847,23.2375,-74.2625,-64.7153,1.27356,12.7175,0
8,2055,5,5,47.0089,575.94,335.639,0,0,4,441.77,640.988,0,391,313,50,640.988,25.3787,47.0089,53.9434,34.2368,-63.2632,-43.5566,1.27356,12.7175,0
8,2056,5,5,17.6314,2317.41,2080.57,0,0,4,961.834,2313.11,0,391,313,50,2313.11,10.4538,17.6314,24.4861,18.1234,-79.3766,-73.0139,1.27356,12.7175,0
8,2057,5,5,2.43125,2334.36,2044.54,0,0,4,1767.54,1823.88,0,391,313,50,1823.88,-2.16653,2.43125,9.52017,6.01209,-91.4879,-87.9798,1.27356,12.7175,0
8,2058,5,5,18.539,1111.53,936.721,0,0,3,248.164,1237.42,0,391,313,50,1237.42,6.05348,18.539,26.3995,16.2066,-81.2934,-71.1005,1.27356,12.7175,0
8,2049,5,5,27.7804,2051.12,2051.12,0,0,4,1773.09,1396.81,0,156,136,50,1396.81,27.7804,27.7804,37.2489,37.2489,-60.2511,-60.2511,1.27356,12.7175,0
8,2050,5,5,10.4041,2108.01,2108.01,0,0,4,2006.59,1144.23,0,156,136,50,1144.23,10.4041,10.4041,16.0556,16.0556,-81.4444,-81.4444,1.27356,12.7175,0
8,2051,5,5,16.0754,1456.26,1456.26,0,0,4,560.642,1534.02,0,156,136,50,1534.02,16.0754,16.0754,23.4025,23.4025,-74.0975,-74.0975,1.27356,12.7175,0
8,2052,5,5,12.0569,1725.41,1725.41,0,0,4,647.75,1789.09,0,156,136,50,1789.09,12.0569,12.0569,21.3493,21.3493,-76.1507,-76.1507,1.27356,12.7175,0
8,2053,5,5,-2.3223,2577.4,2577.4,0,0,4,2130.53,1791.8,0,156,136,50,1791.8,-2.3223,-2.3223,5.83269,5.83269,-91.6673,-91.6673,1.27356,12.7175,0
8,2054,5,5,17.8466,1647.57,1647.57,0,0,4,1489.25,1102.66,0,156,136,50,1102.66,17.8466,17.8466,29.449,29.449,-68.051,-68.051,1.27356,12.7175,0
8,2055,5,5,37.6554,582.389,582.389,0,0,4,441.77,640.988,0,156,136,50,640.988,37.6554,37.6554,44.5899,44.5899,-52.9101,-52.9101,1.27356,12.7175,0
8,2056,5,5,15.7682,2322,2322,0,0,4,961.834,2313.11,0,156,136,50,2313.11,15.7682,15.7682,22.6228,22.6228,-74.8772,-74.8772,1.27356,12.7175,0
8,2057,5,5,0.182425,2334.2,2334.2,0,0,4,1767.54,1823.88,0,156,136,50,1823.88,0.182425,0.182425,7.27135,7.27135,-90.2287,-90.2287,1.27356,12.7175,0
8,2058,5,5,15.7136,1106.4,1106.4,0,0,5,248.164,1237.42,0,156,136,50,1237.42,15.7136,15.7136,23.574,23.574,-73.926,-73.926,1.27356,12.7175,0
9,2049,5,5,8.11992,2051.12,2058.39,0,0,4,1774.34,1406.99,0,156,136,50,1406.99,27.7804,8.11992,15.6328,37.2489,-60.2511,-81.8672,1.27356,12.7175,0
9,2050,5,5,14.3778,2108.01,2111.85,0,0,4,2011.06,1144.04,0,156,136,50,1144.04,10.4041,14.3778,23.8187,16.0556,-81.4444,-73.6813,1.27356,12.7175,0
9,2051,5,5,17.4716,1456.26,1440.15,0,0,1,547.196,1521.1,0,156,136,50,1521.1,16.0754,17.4716,26.0916,23.4025,-74.0975,-71.4084,1.27356,12.7175,0
9,2052,5,5,10.2733,1725.41,1733.52,0,0,1,640.067,1799.81,0,156,136,50,1799.81,12.0569,10.2733,16.9358,21.3493,-76.1507,-80.5642,1.27356,12.7175,0
9,2053,5,5,3.01778,2577.4,2573.82,0,0,5,2125.57,1792.15,0,156,136,50,1792.15,-2.3223,3.01778,9.25647,5.83269,-91.6673,-88.2435,1.27356,12.7175,0
9,2054,5,5,7.84109,1647.57,1646.82,0,0,5,1486.06,1105.76,0,156,136,50,1105.76,17.8466,7.84109,16.069,29.449,-68.051,-81.431,1.27356,12.7175,0
9,2055,5,5,38.9068,582.389,588.925,0,0,4,452.906,642.142,0,156,136,50,642.142,37.6554,38.9068,44.2958,44.5899,-52.9101,-53.2042,1.27356,12.7175,0
9,2056,5,5,8.79783,2322,2326.6,0,0,4,966.269,2316.38,0,156,136,50,2316.38,15.7682,8.79783,14.8935,22.6228,-74.8772,-82.6065,1.27356,12.7175,0
9,2057,5,5,3.92038,2334.2,2334.05,0,0,4,1768.37,1822.88,0,156,136,50,1822.88,0.182425,3.92038,13.2765,7.27135,-90.2287,-84.2235,1.27356,12.7175,0
9,2058,5,5,5.32032,1106.4,1107.22,0,0,5,244.723,1238.52,0,156,136,50,1238.52,15.7136,5.32032,13.5798,23.574,-73.926,-83.9202,1.27356,12.7175,0
9,2049,5,5,10.7359,2051.12,1764.36,0,0,2,1774.34,1406.99,0,391,313,50,1406.99,27.7804,10.7359,18.2489,37.2489,-60.2511,-79.2511,1.27356,12.7175,0
9,2050,5,5,16.8884,2108.01,1821.46,0,0,2,2011.06,1144.04,0,391,313,50,1144.04,10.4041,16.8884,26.3293,16.0556,-81.4444,-71.1707,1.27356,12.7175,0
9,2051,5,5,20.2987,1456.26,1219.18,0,0,2,547.196,1521.1,0,391,313,50,1521.1,16.0754,20.2987,28.9187,23.4025,-74.0975,-68.5813,1.27356,12.7175,0
9,2052,5,5,12.6347,1725.41,1508.35,0,0,2,640.067,1799.81,0,391,313,50,1799.81,12.0569,12.6347,19.2972,21.3493,-76.1507,-78.2028,1.27356,12.7175,0
9,2053,5,5,5.0739,2577.4,2280.16,0,0,2,2125.57,1792.15,0,391,313,50,1792.15,-2.3223,5.0739,11.3126,5.83269,-91.6673,-86.1874,1.27356,12.7175,0
9,2054,5,5,11.1787,1647.57,1352.82,0,0,2,1486.06,1105.76,0,391,313,50,1105.76,17.8466,11.1787,19.4066,29.449,-68.051,-78.0934,1.27356,12.7175,0
9,2055,5,5,48.2994,582.389,338.625,0,0,2,452.906,642.142,0,391,313,50,642.142,37.6554,48.2994,53.6883,44.5899,-52.9101,-43.8117,1.27356,12.7175,0
9,2056,5,5,10.6592,2322,2084.94,0,0,2,966.269,2316.38,0,391,313,50,2316.38,15.7682,10.6592,16.7549,22.6228,-74.8772,-80.7451,1.27356,12.7175,0
9,2057,5,5,6.1696,2334.2,2044.35,0,0,2,1768.37,1822.88,0,391,313,50,1822.88,0.182425,6.1696,15.5257,7.27135,-90.2287,-81.9743,1.27356,12.7175,0
9,2058,5,5,8.12902,1106.4,938.344,0,0,5,244.723,1238.52,0,391,313,50,1238.52,15.7136,8.12902,16.3885,23.574,-73.926,-81.1115,1.27356,12.7175,0
9,2049,5,5,8.11992,2051.12,2058.39,0,0,2,1774.34,1406.99,0,156,136,50,1406.99,27.7804,8.11992,15.6328,37.2489,-60.2511,-81.8672,1.27356,12.7175,0
9,2050,5,5,14.3778,2108.01,2111.85,0,0,2,2011.06,1144.04,0,156,136,50,1144.04,10.4041,14.3778,23.8187,16.0556,-81.4444,-73.6813,1.27356,12.7175,0
9,2051,5,5,17.4716,1456.26,1440.15,0,0,2,547.196,1521.1,0,156,136,50,1521.1,16.0754,17.4716,26.0916,23.4025,-74.0975,-71.4084,1.27356,12.7175,0
9,2052,5,5,10.2733,1725.41,1733.52,0,0,2,640.067,1799.81,0,156,136,50,1799.81,12.0569,10.2733,16.9358,21.3493,-76.1507,-80.5642,1.27356,12.7175,0
9,2053,5,5,3.01778,2577.4,2573.82,0,0,2,2125.57,1792.15,0,156,136,50,1792.15,-2.3223,3.01778,9.25647,5.83269,-91.6673,-88.2435,1.27356,12.7175,0
9,2054,5,5,7.84109,1647.57,1646.82,0,0,2,1486.06,1105.76,0,156,136,50,1105.76,17.8466,7.84109,16.069,29.449,-68.051,-81.431,1.27356,12.7175,0
9,2055,5,5,38.9068,582.389,588.925,0,0,2,452.906,642.142,0,156,136,50,642.142,37.6554,38.9068,44.2958,44.5899,-52.9101,-53.2042,1.27356,12.7175,0
9,2056,5,5,8.79783,2322,2326.6,0,0,2,966.269,2316.38,0,156,136,50,2316.38,15.7682,8.79783,14.8935,22.6228,-74.8772,-82.6065,1.27356,12.7175,0
9,2057,5,5,3.92038,2334.2,2334.05,0,0,2,1768.37,1822.88,0,156,136,50,1822.88,0.182425,3.92038,13.2765,7.27135,-90.2287,-84.2235,1.27356,12.7175,0
9,2058,5,5,5.32032,1106.4,1107.22,0,0,3,244.723,1238.52,0,156,136,50,1238.52,15.7136,5.32032,13.5798,23.574,-73.926,-83.9202,1.27356,12.7175,0
9,2049,5,5,10.7359,2051.12,1764.36,0,0,4,1774.34,1406.99,0,391,313,50,1406.99,27.7804,10.7359,18.2489,37.2489,-60.2511,-79.2511,1.27356,12.7175,0
9,2050,5,5,16.8884,2108.01,1821.46,0,0,4,2011.06,1144.04,0,391,313,50,1144.04,10.4041,16.8884,26.3293,16.0556,-81.4444,-71.1707,1.27356,12.7175,0
9,2051,5,5,20.2987,1456.26,1219.18,0,0,4,547.196,1521.1,0,391,313,50,1521.1,16.0754,20.2987,28.9187,23.4025,-74.0975,-68.5813,1.27356,12.7175,0
9,2052,5,5,12.6347,1725.41,1508.35,0,0,4,640.067,1799.81,0,391,313,50,1799.81,12.0569,12.6347,19.2972,21.3493,-76.1507,-78.2028,1.27356,12.7175,0
9,2053,5,5,5.0739,2577.4,2280.16,0,0,4,2125.57,1792.15,0,391,313,50,1792.15,-2.3223,5.0739,11.3126,5.83269,-91.6673,-86.1874,1.27356,12.7175,0
9,2054,5,5,11.1787,1647.57,1352.82,0,0,4,1486.06,1105.76,0,391,313,50,1105.76,17.8466,11.1787,19.4066,29.449,-68.051,-78.0934,1.27356,12.7175,0
9,2055,5,5,48.2994,582.389,338.625,0,0,4,452.906,642.142,0,391,313,50,642.142,37.6554,48.2994,53.6883,44.5899,-52.9101,-43.8117,1.27356,12.7175,0
9,2056,5,5,10.6592,2322,2084.94,0,0,4,966.269,2316.38,0,391,313,50,2316.38,15.7682,10.6592,16.7549,22.6228,-74.8772,-80.7451,1.27356,12.7175,0
9,2057,5,5,6.1696,2334.2,2044.35,0,0,4,1768.37,1822.88,0,391,313,50,1822.88,0.182425,6.1696,15.5257,7.27135,-90.2287,-81.9743,1.27356,12.7175,0
9,2058,5,5,8.12902,1106.4,938.344,0,0,3,244.723,1238.52,0,391,313,50,1238.52,15.7136,8.12902,16.3885,23.574,-73.926,-81.1115,1.27356,12.7175,0
9,2049,5,5,8.11992,2058.39,2058.39,0,0,4,1774.34,1406.99,0,156,136,50,1406.99,8.11992,8.11992,15.6328,15.6328,-81.8672,-81.8672,1.27356,12.7175,0
9,2050,5,5,14.3778,2111.85,2111.85,0,0,4,2011.06,1144.04,0,156,136,50,1144.04,14.3778,14.3778,23.8187,23.8187,-73.6813,-73.6813,1.27356,12.7175,0
9,2051,5,5,17.4716,1440.15,1440.15,0,0,4,547.196,1521.1,0,156,136,50,1521.1,17.4716,17.4716,26.0916,26.0916,-71.4084,-71.4084,1.27356,12.7175,0
9,2052,5,5,10.2733,1733.52,1733.52,0,0,4,640.067,1799.81,0,156,136,50,1799.81,10.2733,10.2733,16.9358,16.9358,-80.5642,-80.5642,1.27356,12.7175,0
9,2053,5,5,3.01778,2573.82,2573.82,0,0,4,2125.57,1792.15,0,156,136,50,1792.15,3.01778,3.01778,9.25647,9.25647,-88.2435,-88.2435,1.27356,12.7175,0
9,2054,5,5,7.84109,1646.82,1646.82,0,0,4,1486.06,1105.76,0,156,136,50,1105.76,7.84109,7.84109,16.069,16.069,-81.431,-81.431,1.27356,12.7175,0
9,2055,5,5,38.9068,588.925,588.925,0,0,4,452.906,642.142,0,156,136,50,642.142,38.9068,38.9068,44.2958,44.2958,-53.2042,-53.2042,1.27356,12.7175,0
9,2056,5,5,8.79783,2326.6,2326.6,0,0,4,966.269,2316.38,0,156,136,50,2316.38,8.79783,8.79783,14.8935,14.8935,-82.6065,-82.6065,1.27356,12.7175,0
9,2057,5,5,3.92038,2334.05,2334.05,0,0,4,1768.37,1822.88,0,156,136,50,1822.88,3.92038,3.92038,13.2765,13.2765,-84.2235,-84.2235,1.27356,12.7175,0
9,2058,5,5,5.32032,1107.22,1107.22,0,0,5,244.723,1238.52,0,156,136,50,1238.52,5.32032,5.32032,13.5798,13.5798,-83.9202,-83.9202,1.27356,12.7175,0
10,2049,5,5,8.54796,2058.39,2066.01,0,0,4,1775.66,1417.63,0,156,136,50,1417.63,8.11992,8.54796,15.8981,15.6328,-81.8672,-81.6019,1.27356,12.7175,0
10,2050,5,5,4.64562,2111.85,2121.69,0,0,5,2015.48,1156.5,0,156,136,50,1156.5,14.3778,4.64562,10.4459,23.8187,-73.6813,-87.0541,1.27356,12.7175,0
10,2051,5,5,22.8587,1440.15,1430.36,0,0,5,538.664,1513.32,0,156,136,50,1513.32,17.4716,22.8587,31.72,26.0916,-71.4084,-65.78,1.27356,12.7175,0
10,2052,5,5,19.5323,1733.52,1741.58,0,0,5,632.286,1810.45,0,156,136,50,1810.45,10.2733,19.5323,26.9112,16.9358,-80.5642,-70.5888,1.27356,12.7175,0
10,2053,5,5,3.46434,2573.82,2570.24,0,0,5,2120.62,1792.47,0,156,136,50,1792.47,3.01778,3.46434,10.8682,9.25647,-88.2435,-86.6318,1.27356,12.7175,0
10,2054,5,5,11.5444,1646.82,1651.23,0,0,5,1486.1,1113.19,0,156,136,50,1113.19,7.84109,11.5444,20.6817,16.069,-81.431,-76.8183,1.27356,12.7175,0
10,2055,5,5,31.578,588.925,601.847,0,0,1,466.296,649.261,0,156,136,50,649.261,38.9068,31.578,40.9302,44.2958,-53.2042,-56.5698,1.27356,12.7175,0
10,2056,5,5,5.18824,2326.6,2331.21,0,0,5,970.698,2319.65,0,156,136,50,2319.65,8.79783,5.18824,12.4009,14.8935,-82.6065,-85.0991,1.27356,12.7175,0
10,2057,5,5,-5.6162,2334.05,2334.7,0,0,1,1775.08,1817.34,0,156,136,50,1817.34,3.92038,-5.6162,1.10091,13.2765,-84.2235,-96.3991,1.27356,12.7175,0
10,2058,5,5,12.1288,1107.22,1112.61,0,0,5,249.833,1243.52,0,156,136,50,1243.52,5.32032,12.1288,21.499,13.5798,-83.9202,-76.001,1.27356,12.7175,0
10,2049,5,5,11.1533,2058.39,1772,0,0,2,1775.66,1417.63,0,391,313,50,1417.63,8.11992,11.1533,18.5034,15.6328,-81.8672,-78.9966,1.27356,12.7175,0
10,2050,5,5,7.14559,2111.85,1831.1,0,0,2,2015.48,1156.5,0,391,313,50,1156.5,14.3778,7.14559,12.9459,23.8187,-73.6813,-84.5541,1.27356,12.7175,0
10,2051,5,5,25.6927,1440.15,1210.4,0,0,2,538.664,1513.32,0,391,313,50,1513.32,17.4716,25.6927,34.554,26.0916,-71.4084,-62.946,1.27356,12.7175,0
10,2052,5,5,21.8689,1733.52,1517.58,0,0,2,632.286,1810.45,0,391,313,50,1810.45,10.2733,21.8689,29.2478,16.9358,-80.5642,-68.2522,1.27356,12.7175,0
10,2053,5,5,5.52332,2573.82,2276.6,0,0,2,2120.62,1792.47,0,391,313,50,1792.47,3.01778,5.52332,12.9272,9.25647,-88.2435,-84.5728,1.27356,12.7175,0
10,2054,5,5,14.8724,1646.82,1357.22,0,0,2,1486.1,1113.19,0,391,313,50,1113.19,7.84109,14.8724,24.0097,16.069,-81.431,-73.4903,1.27356,12.7175,0
10,2055,5,5,40.8658,588.925,348.196,0,0,2,466.296,649.261,0,391,313,50,649.261,38.9068,40.8658,50.2181,44.2958,-53.2042,-47.2819,1.27356,12.7175,0
10,2056,5,5,7.04768,2326.6,2089.3,0,0,2,970.698,2319.65,0,391,313,50,2319.65,8.79783,7.04768,14.2604,14.8935,-82.6065,-83.2396,1.27356,12.7175,0
10,2057,5,5,-3.36599,2334.05,2044.81,0,0,2,1775.08,1817.34,0,391,313,50,1817.34,3.92038,-3.36599,3.35112,13.2765,-84.2235,-94.1489,1.27356,12.7175,0
10,2058,5,5,14.9451,1107.22,942.495,0,0,5,249.833,1243.52,0,391,313,50,1243.52,5.32032,14.9451,24.3153,13.5798,-83.9202,-73.1847,1.27356,12.7175,0
10,2049,5,5,8.54796,2058.39,2066.01,0,0,2,1775.66,1417.63,0,156,136,50,1417.63,8.11992,8.54796,15.8981,15.6328,-81.8672,-81.6019,1.27356,12.7175,0
10,2050,5,5,4.64562,2111.85,2121.69,0,0,2,2015.48,1156.5,0,156,136,50,1156.5,14.3778,4.64562,10.4459,23.8187,-73.6813,-87.0541,1.27356,12.7175,0
10,2051,5,5,22.8587,1440.15,1430.36,0,0,2,538.664,1513.32,0,156,136,50,1513.32,17.4716,22.8587,31.72,26.0916,-71.4084,-65.78,1.27356,12.7175,0
10,2052,5,5,19.5323,1733.52,1741.58,0,0,2,632.286,1810.45,0,156,136,50,1810.45,10.2733,19.5323,26.9112,16.9358,-80.5642,-70.5888,1.27356,12.7175,0
10,2053,5,5,3.46434,2573.82,2570.24,0,0,2,2120.62,1792.47,0,156,136,50,1792.47,3.01778,3.46434,10.8682,9.25647,-88.2435,-86.6318,1.27356,12.7175,0
10,2054,5,5,11.5444,1646.82,1651.23,0,0,2,1486.1,1113.19,0,156,136,50,1113.19,7.84109,11.5444,20.6817,16.069,-81.431,-76.8183,1.27356,12.7175,0
10,2055,5,5,31.578,588.925,601.847,0,0,2,466.296,649.261,0,156,136,50,649.261,38.9068,31.578,40.9302,44.2958,-53.2042,-56.5698,1.27356,12.7175,0
10,2056,5,5,5.18824,2326.6,2331.21,0,0,2,970.698,2319.65,0,156,136,50,2319.65,8.79783,5.18824,12.4009,14.8935,-82.6065,-85.0991,1.27356,12.7175,0
10,2057,5,5,-5.6162,2334.05,2334.7,0,0,2,1775.08,1817.34,0,156,136,50,1817.34,3.92038,-5.6162,1.10091,13.2765,-84.2235,-96.3991,1.27356,12.7175,0
10,2058,5,5,12.1288,1107.22,1112.61,0,0,3,249.833,1243.52,0,156,136,50,1243.52,5.32032,12.1288,21.499,13.5798,-83.9202,-76.001,1.27356,12.7175,0
10,2049,5,5,11.1533,2058.39,1772,0,0,4,1775.66,1417.63,0,391,313,50,1417.63,8.11992,11.1533,18.5034,15.6328,-81.8672,-78.9966,1.27356,12.7175,0
10,2050,5,5,7.14559,2111.85,1831.1,0,0,4,2015.48,1156.5,0,391,313,50,1156.5,14.3778,7.14559,12.9459,23.8187,-73.6813,-84.5541,1.27356,12.7175,0
10,2051,5,5,25.6927,1440.15,1210.4,0,0,4,538.664,1513.32,0,391,313,50,1513.32,17.4716,25.6927,34.554,26.0916,-71.4084,-62.946,1.27356,12.7175,0
10,2052,5,5,21.8689,1733.52,1517.58,0,0,4,632.286,1810.45,0,391,313,50,1810.45,10.2733,21.8689,29.2478,16.9358,-80.5642,-68.2522,1.27356,12.7175,0
10,2053,5,5,5.52332,2573.82,2276.6,0,0,4,2120.62,1792.47,0,391,313,50,1792.47,3.01778,5.52332,12.9272,9.25647,-88.2435,-84.5728,1.27356,12.7175,0
10,2054,5,5,14.8724,1646.82,1357.22,0,0,4,1486.1,1113.19,0,391,313,50,1113.19,7.84109,14.8724,24.0097,16.069,-81.431,-73.4903,1.27356,12.7175,0
10,2055,5,5,40.8658,588.925,348.196,0,0,4,466.296,649.261,0,391,313,50,649.261,38.9068,40.8658,50.2181,44.2958,-53.2042,-47.2819,1.27356,12.7175,0
10,2056,5,5,7.04768,2326.6,2089.3,0,0,4,970.698,2319.65,0,391,313,50,2319.65,8.79783,7.04768,14.2604,14.8935,-82.6065,-83.2396,1.27356,12.7175,0
10,2057,5,5,-3.36599,2334.05,2044.81,0,0,4,1775.08,1817.34,0,391,313,50,1817.34,3.92038,-3.36599,3.35112,13.2765,-84.2235,-94.1489,1.27356,12.7175,0
10,2058,5,5,14.9451,1107.22,942.495,0,0,3,249.833,1243.52,0,391,313,50,1243.52,5.32032,14.9451,24.3153,13.5798,-83.9202,-73.1847,1.27356,12.7175,0
10,2049,5,5,8.54796,2066.01,2066.01,0,0,4,1775.66,1417.63,0,156,136,50,1417.63,8.54796,8.54796,15.8981,15.8981,-81.6019,-81.6019,1.27356,12.7175,0
10,2050,5,5,4.64562,2121.69,2121.69,0,0,4,2015.48,1156.5,0,156,136,50,1156.5,4.64562,4.64562,10.4459,10.4459,-87.0541,-87.0541,1.27356,12.7175,0
10,2051,5,5,22.8587,1430.36,1430.36,0,0,4,538.664,1513.32,0,156,136,50,1513.32,22.8587,22.8587,31.72,31.72,-65.78,-65.78,1.27356,12.7175,0
10,2052,5,5,19.5323,1741.58,1741.58,0,0,4,632.286,1810.45,0,156,136,50,1810.45,19.5323,19.5323,26.9112,26.9112,-70.5888,-70.5888,1.27356,12.7175,0
10,2053,5,5,3.46434,2570.24,2570.24,0,0,4,2120.62,1792.47,0,156,136,50,1792.47,3.46434,3.46434,10.8682,10.8682,-86.6318,-86.6318,1.27356,12.7175,0
10,2054,5,5,11.5444,1651.23,1651.23,0,0,4,1486.1,1113.19,0,156,136,50,1113.19,11.5444,11.5444,20.6817,20.6817,-76.8183,-76.8183,1.27356,12.7175,0
10,2055,5,5,31.578,601.847,601.847,0,0,4,466.296,649.261,0,156,136,50,649.261,31.578,31.578,40.9302,40.9302,-56.5698,-56.5698,1.27356,12.7175,0
10,2056,5,5,5.18824,2331.21,2331.21,0,0,4,970.698,2319.65,0,156,136,50,2319.65,5.18824,5.18824,12.4009,12.4009,-85.0991,-85.0991,1.27356,12.7175,0
10,2057,5,5,-5.6162,2334.7,2334.7,0,0,4,1775.08,1817.34,0,156,136,50,1817.34,-5.6162,-5.6162,1.10091,1.10091,-96.3991,-96.3991,1.27356,12.7175,0
10,2058,5,5,12.1288,1112.61,1112.61,0,0,5,249.833,1243.52,0,156,136,50,1243.52,12.1288,12.1288,21.499,21.499,-76.001,-76.001,1.27356,12.7175,0
11,2049,5,5,11.0847,2066.01,2071.07,0,0,4,1776.3,1424.98,0,156,136,50,1424.98,8.54796,11.0847,18.0059,15.8981,-81.6019,-79.4941,1.27356,12.7175,0
11,2050,5,5,10.0342,2121.69,2123.97,0,0,5,2013.8,1164.25,0,156,136,50,1164.25,4.64562,10.0342,18.5533,10.4459,-87.0541,-78.9467,1.27356,12.7175,0
11,2051,5,5,4.39472,1430.36,1419.65,0,0,1,529.557,1504.71,0,156,136,50,1504.71,22.8587,4.39472,13.7375,31.72,-65.78,-83.7625,1.27356,12.7175,0
11,2052,5,5,13.4016,1741.58,1758.21,0,0,1,622.511,1830.45,0,156,136,50,1830.45,19.5323,13.4016,22.1877,26.9112,-70.5888,-75.3123,1.27356,12.7175,0
11,2053,5,5,16.665,2570.24,2566.63,0,0,1,2115.67,1792.73,0,156,136,50,1792.73,3.46434,16.665,21.3141,10.8682,-86.6318,-76.1859,1.27356,12.7175,0
11,2054,5,5,9.38307,1651.23,1655.68,0,0,4,1486.14,1120.64,0,156,136,50,1120.64,11.5444,9.38307,17.0793,20.6817,-76.8183,-80.4207,1.27356,12.7175,0
11,2055,5,5,33.3957,601.847,607.08,0,0,1,465.326,655.965,0,156,136,50,655.965,31.578,33.3957,40.2324,40.9302,-56.5698,-57.2676,1.27356,12.7175,0
11,2056,5,5,9.84002,2331.21,2335.81,0,0,4,975.112,2322.9,0,156,136,50,2322.9,5.18824,9.84002,16.521,12.4009,-85.0991,-80.979,1.27356,12.7175,0
11,2057,5,5,2.65619,2334.7,2335.11,0,0,4,1776.27,1816.77,0,156,136,50,1816.77,-5.6162,2.65619,10.4489,1.10091,-96.3991,-87.0511,1.27356,12.7175,0
11,2058,5,5,12.9084,1112.61,1119.14,0,0,5,255.994,1249.55,0,156,136,50,1249.55,12.1288,12.9084,20.7633,21.499,-76.001,-76.7367,1.27356,12.7175,0
11,2049,5,5,13.6829,2066.01,1777.09,0,0,2,1776.3,1424.98,0,391,313,50,1424.98,8.54796,13.6829,20.6041,15.8981,-81.6019,-76.8959,1.27356,12.7175,0
11,2050,5,5,12.5329,2121.69,1833.2,0,0,2,2013.8,1164.25,0,391,313,50,1164.25,4.64562,12.5329,21.052,10.4459,-87.0541,-76.448,1.27356,12.7175,0
11,2051,5,5,7.23657,1430.36,1200.78,0,0,2,529.557,1504.71,0,391,313,50,1504.71,22.8587,7.23657,16.5793,31.72,-65.78,-80.9207,1.27356,12.7175,0
11,2052,5,5,15.6967,1741.58,1535.82,0,0,2,622.511,1830.45,0,391,313,50,1830.45,19.5323,15.6967,24.4828,26.9112,-70.5888,-73.0172,1.27356,12.7175,0
11,2053,5,5,18.7268,2570.24,2273.01,0,0,2,2115.67,1792.73,0,391,313,50,1792.73,3.46434,18.7268,23.376,10.8682,-86.6318,-74.124,1.27356,12.7175,0
11,2054,5,5,12.7013,1651.23,1361.65,0,0,2,1486.14,1120.64,0,391,313,50,1120.64,11.5444,12.7013,20.3975,20.6817,-76.8183,-77.1025,1.27356,12.7175,0
11,2055,5,5,42.5273,601.847,354.47,0,0,2,465.326,655.965,0,391,313,50,655.965,31.578,42.5273,49.364,40.9302,-56.5698,-48.136,1.27356,12.7175,0
11,2056,5,5,11.6975,2331.21,2093.66,0,0,2,975.112,2322.9,0,391,313,50,2322.9,5.18824,11.6975,18.3785,12.4009,-85.0991,-79.1215,1.27356,12.7175,0
11,2057,5,5,4.90622,2334.7,2045.18,0,0,2,1776.27,1816.77,0,391,313,50,1816.77,-5.6162,4.90622,12.699,1.10091,-96.3991,-84.801,1.27356,12.7175,0
11,2058,5,5,15.7333,1112.61,947.546,0,0,5,255.994,1249.55,0,391,313,50,1249.55,12.1288,15.7333,23.5882,21.499,-76.001,-73.9118,1.27356,12.7175,0
11,2049,5,5,11.0847,2066.01,2071.07,0,0,2,1776.3,1424.98,0,156,136,50,1424.98,8.54796,11.0847,18.0059,15.8981,-81.6019,-79.4941,1.27356,12.7175,0
11,2050,5,5,10.0342,2121.69,2123.97,0,0,2,2013.8,1164.25,0,156,136,50,1164.25,4.64562,10.0342,18.5533,10.4459,-87.0541,-78.9467,1.27356,12.7175,0
11,2051,5,5,4.39472,1430.36,1419.65,0,0,2,529.557,1504.71,0,156,136,50,1504.71,22.8587,4.39472,13.7375,31.72,-65.78,-83.7625,1.27356,12.7175,0
11,2052,5,5,13.4016,1741.58,1758.21,0,0,2,622.511,1830.45,0,156,136,50,1830.45,19.5323,13.4016,22.1877,26.9112,-70.5888,-75.3123,1.27356,12.7175,0
11,2053,5,5,16.665,2570.24,2566.63,0,0,2,2115.67,1792.73,0,156,136,50,1792.73,3.46434,16.665,21.3141,10.8682,-86.6318,-76.1859,1.27356,12.7175,0
11,2054,5,5,9.38307,1651.23,1655.68,0,0,2,1486.14,1120.64,0,156,136,50,1120.64,11.5444,9.38307,17.0793,20.6817,-76.8183,-80.4207,1.27356,12.7175,0
11,2055,5,5,33.3957,601.847,607.08,0,0,2,465.326,655.965,0,156,136,50,655.965,31.578,33.3957,40.2324,40.9302,-56.5698,-57.2676,1.27356,12.7175,0
11,2056,5,5,9.84002,2331.21,2335.81,0,0,2,975.112,2322.9,0,156,136,50,2322.9,5.18824,9.84002,16.521,12.4009,-85.0991,-80.979,1.27356,12.7175,0
11,2057,5,5,2.65619,2334.7,2335.11,0,0,2,1776.27,1816.77,0,156,136,50,1816.77,-5.6162,2.65619,10.4489,1.10091,-96.3991,-87.0511,1.27356,12.7175,0
11,2058,5,5,12.9084,1112.61,1119.14,0,0,3,255.994,1249.55,0,156,136,50,1249.55,12.1288,12.9084,20.7633,21.499,-76.001,-76.7367,1.27356,12.7175,0
11,2049,5,5,13.6829,2066.01,1777.09,0,0,4,1776.3,1424.98,0,391,313,50,1424.98,8.54796,13.6829,20.6041,15.8981,-81.6019,-76.8959,1.27356,12.7175,0
11,2050,5,5,12.5329,2121.69,1833.2,0,0,4,2013.8,1164.25,0,391,313,50,1164.25,4.64562,12.5329,21.052,10.4459,-87.0541,-76.448,1.27356,12.7175,0
11,2051,5,5,7.23657,1430.36,1200.78,0,0,4,529.557,1504.71,0,391,313,50,1504.71,22.8587,7.23657,16.5793,31.72,-65.78,-80.9207,1.27356,12.7175,0
11,2052,5,5,15.6967,1741.58,1535.82,0,0,4,622.511,1830.45,0,391,313,50,1830.45,19.5323,15.6967,24.4828,26.9112,-70.5888,-73.0172,1.27356,12.7175,0
11,2053,5,5,18.7268,2570.24,2273.01,0,0,4,2115.67,1792.73,0,391,313,50,1792.73,3.46434,18.7268,23.376,10.8682,-86.6318,-74.124,1.27356,12.7175,0
11,2054,5,5,12.7013,1651.23,1361.65,0,0,4,1486.14,1120.64,0,391,313,50,1120.64,11.5444,12.7013,20.3975,20.6817,-76.8183,-77.1025,1.27356,12.7175,0
11,2055,5,5,42.5273,601.847,354.47,0,0,4,465.326,655.965,0,391,313,50,655.965,31.578,42.5273,49.364,40.9302,-56.5698,-48.136,1.27356,12.7175,0
11,2056,5,5,11.6975,2331.21,2093.66,0,0,4,975.112,2322.9,0,391,313,50,2322.9,5.18824,11.6975,18.3785,12.4009,-85.0991,-79.1215,1.27356,12.7175,0
11,2057,5,5,4.90622,2334.7,2045.18,0,0,4,1776.27,1816.77,0,391,313,50,1816.77,-5.6162,4.90622,12.699,1.10091,-96.3991,-84.801,1.27356,12.7175,0
11,2058,5,5,15.7333,1112.61,947.546,0,0,3,255.994,1249.55,0,391,313,50,1249.55,12.1288,15.7333,23.5882,21.499,-76.001,-73.9118,1.27356,12.7175,0
11,2049,5,5,11.0847,2071.07,2071.07,0,0,4,1776.3,1424.98,0,156,136,50,1424.98,11.0847,11.0847,18.0059,18.0059,-79.4941,-79.4941,1.27356,12.7175,0
11,2050,5,5,10.0342,2123.97,2123.97,0,0,4,2013.8,1164.25,0,156,136,50,1164.25,10.0342,10.0342,18.5533,18.5533,-78.9467,-78.9467,1.27356,12.7175,0
11,2051,5,5,4.39472,1419.65,1419.65,0,0,4,529.557,1504.71,0,156,136,50,1504.71,4.39472,4.39472,13.7375,13.7375,-83.7625,-83.7625,1.27356,12.7175,0
11,2052,5,5,13.4016,1758.21,1758.21,0,0,4,622.511,1830.45,0,156,136,50,1830.45,13.4016,13.4016,22.1877,22.1877,-75.3123,-75.3123,1.27356,12.7175,0
11,2053,5,5,16.665,2566.63,2566.63,0,0,4,2115.67,1792.73,0,156,136,50,1792.73,16.665,16.665,21.3141,21.3141,-76.1859,-76.1859,1.27356,12.7175,0
11,2054,5,5,9.38307,1655.68,1655.68,0,0,4,1486.14,1120.64,0,156,136,50,1120.64,9.38307,9.38307,17.0793,17.0793,-80.4207,-80.4207,1.27356,12.7175,0
11,2055,5,5,33.3957,607.08,607.08,0,0,4,465.326,655.965,0,156,136,50,655.965,33.3957,33.3957,40.2324,40.2324,-57.2676,-57.2676,1.27356,12.7175,0
11,2056,5,5,9.84002,2335.81,2335.81,0,0,4,975.112,2322.9,0,156,136,50,2322.9,9.84002,9.84002,16.521,16.521,-80.979,-80.979,1.27356,12.7175,0
11,2057,5,5,2.65619,2335.11,2335.11,0,0,4,1776.27,1816.77,0,156,136,50,1816.77,2.65619,2.65619,10.4489,10.4489,-87.0511,-87.0511,1.27356,12.7175,0
11,2058,5,5,12.9084,1119.14,1119.14,0,0,5,255.994,1249.55,0,156,136,50,1249.55,12.9084,12.9084,20.7633,20.7633,-76.7367,-76.7367,1.27356,12.7175,0
12,2049,5,5,8.58548,2071.07,2073.52,0,0,5,1772.61,1433.52,0,156,136,50,1433.52,11.0847,8.58548,15.3011,18.0059,-79.4941,-82.1989,1.27356,12.7175,0
12,2050,5,5,5.88062,2123.97,2126.63,0,0,5,2011.73,1173.46,0,156,136,50,1173.46,10.0342,5.88062,13.3121,18.5533,-78.9467,-84.1879,1.27356,12.7175,0
12,2051,5,5,15.1291,1419.65,1408.61,0,0,1,520.202,1495.79,0,156,136,50,1495.79,4.39472,15.1291,19.5965,13.7375,-83.7625,-77.9035,1.27356,12.7175,0
12,2052,5,5,28.545,1758.21,1762.75,0,0,5,622.678,1835.12,0,156,136,50,1835.12,13.4016,28.545,36.3492,22.1877,-75.3123,-61.1508,1.27356,12.7175,0
12,2053,5,5,-5.77488,2566.63,2563.01,0,0,1,2110.72,1792.99,0,156,136,50,1792.99,16.665,-5.77488,1.38733,21.3141,-76.1859,-96.1127,1.27356,12.7175,0
12,2054,5,5,10.0878,1655.68,1660.15,0,0,4,1486.17,1128.08,0,156,136,50,1128.08,9.38307,10.0878,16.8394,17.0793,-80.4207,-80.6606,1.27356,12.7175,0
12,2055,5,5,28.5176,607.08,612.341,0,0,1,464.356,662.667,0,156,136,50,662.667,33.3957,28.5176,36.975,40.2324,-57.2676,-60.525,1.27356,12.7175,0
12,2056,5,5,9.20003,2335.81,2340.42,0,0,4,979.543,2326.17,0,156,136,50,2326.17,9.84002,9.20003,16.1546,16.521,-80.979,-81.3454,1.27356,12.7175,0
12,2057,5,5,4.42192,2335.11,2335.52,0,0,4,1777.45,1816.19,0,156,136,50,1816.19,2.65619,4.42192,11.8134,10.4489,-87.0511,-85.6866,1.27356,12.7175,0
12,2058,5,5,15.9535,1119.14,1126.77,0,0,5,263.156,1256.55,0,156,136,50,1256.55,12.9084,15.9535,22.1946,20.7633,-76.7367,-75.3054,1.27356,12.7175,0
12,2049,5,5,11.18,2071.07,1779.59,0,0,2,1772.61,1433.52,0,391,313,50,1433.52,11.0847,11.18,17.8956,18.0059,-79.4941,-79.6044,1.27356,12.7175,0
12,2050,5,5,8.3778,2123.97,1835.66,0,0,2,2011.73,1173.46,0,391,313,50,1173.46,10.0342,8.3778,15.8093,18.5533,-78.9467,-81.6907,1.27356,12.7175,0
12,2051,5,5,17.9789,1419.65,1190.88,0,0,2,520.202,1495.79,0,391,313,50,1495.79,4.39472,17.9789,22.4463,13.7375,-83.7625,-75.0537,1.27356,12.7175,0
12,2052,5,5,30.8327,1758.21,1540.46,0,0,2,622.678,1835.12,0,391,313,50,1835.12,13.4016,30.8327,38.6369,22.1877,-75.3123,-58.8631,1.27356,12.7175,0
12,2053,5,5,-3.7101,2566.63,2269.43,0,0,2,2110.72,1792.99,0,391,313,50,1792.99,16.665,-3.7101,3.45211,21.3141,-76.1859,-94.0479,1.27356,12.7175,0
12,2054,5,5,13.3963,1655.68,1366.11,0,0,2,1486.17,1128.08,0,391,313,50,1128.08,9.38307,13.3963,20.148,17.0793,-80.4207,-77.352,1.27356,12.7175,0
12,2055,5,5,37.4971,607.08,360.761,0,0,2,464.356,662.667,0,391,313,50,662.667,33.3957,37.4971,45.9546,40.2324,-57.2676,-51.5454,1.27356,12.7175,0
12,2056,5,5,11.0556,2335.81,2098.03,0,0,2,979.543,2326.17,0,391,313,50,2326.17,9.84002,11.0556,18.0102,16.521,-80.979,-79.4898,1.27356,12.7175,0
12,2057,5,5,6.67176,2335.11,2045.57,0,0,2,1777.45,1816.19,0,391,313,50,1816.19,2.65619,6.67176,14.0632,10.4489,-87.0511,-83.4368,1.27356,12.7175,0
12,2058,5,5,18.7877,1119.14,953.483,0,0,5,263.156,1256.55,0,391,313,50,1256.55,12.9084,18.7877,25.0288,20.7633,-76.7367,-72.4712,1.27356,12.7175,0
12,2049,5,5,8.58548,2071.07,2073.52,0,0,2,1772.61,1433.52,0,156,136,50,1433.52,11.0847,8.58548,15.3011,18.0059,-79.4941,-82.1989,1.27356,12.7175,0
12,2050,5,5,5.88062,2123.97,2126.63,0,0,2,2011.73,1173.46,0,156,136,50,1173.46,10.0342,5.88062,13.3121,18.5533,-78.9467,-84.1879,1.27356,12.7175,0
12,2051,5,5,15.1291,1419.65,1408.61,0,0,2,520.202,1495.79,0,156,136,50,1495.79,4.39472,15.1291,19.5965,13.7375,-83.7625,-77.9035,1.27356,12.7175,0
12,2052,5,5,28.545,1758.21,1762.75,0,0,2,622.678,1835.12,0,156,136,50,1835.12,13.4016,28.545,36.3492,22.1877,-75.3123,-61.1508,1.27356,12.7175,0
12,2053,5,5,-5.77488,2566.63,2563.01,0,0,2,2110.72,1792.99,0,156,136,50,1792.99,16.665,-5.77488,1.38733,21.3141,-76.1859,-96.1127,1.27356,12.7175,0
12,2054,5,5,10.0878,1655.68,1660.15,0,0,2,1486.17,1128.08,0,156,136,50,1128.08,9.38307,10.0878,16.8394,17.0793,-80.4207,-80.6606,1.27356,12.7175,0
12,2055,5,5,28.5176,607.08,612.341,0,0,2,464.356,662.667,0,156,136,50,662.667,33.3957,28.5176,36.975,40.2324,-57.2676,-60.525,1.27356,12.7175,0
12,2056,5,5,9.20003,2335.81,2340.42,0,0,2,979.543,2326.17,0,156,136,50,2326.17,9.84002,9.20003,16.1546,16.521,-80.979,-81.3454,1.27356,12.7175,0
12,2057,5,5,4.42192,2335.11,2335.52,0,0,2,1777.45,1816.19,0,156,136,50,1816.19,2.65619,4.42192,11.8134,10.4489,-87.0511,-85.6866,1.27356,12.7175,0
12,2058,5,5,15.9535,1119.14,1126.77,0,0,3,263.156,1256.55,0,156,136,50,1256.55,12.9084,15.9535,22.1946,20.7633,-76.7367,-75.3054,1.27356,12.7175,0
12,2049,5,5,11.18,2071.07,1779.59,0,0,4,1772.61,1433.52,0,391,313,50,1433.52,11.0847,11.18,17.8956,18.0059,-79.4941,-79.6044,1.27356,12.7175,0
12,2050,5,5,8.3778,2123.97,1835.66,0,0,4,2011.73,1173.46,0,391,313,50,1173.46,10.0342,8.3778,15.8093,18.5533,-78.9467,-81.6907,1.27356,12.7175,0
12,2051,5,5,17.9789,1419.65,1190.88,0,0,4,520.202,1495.79,0,391,313,50,1495.79,4.39472,17.9789,22.4463,13.7375,-83.7625,-75.0537,1.27356,12.7175,0
12,2052,5,5,30.8327,1758.21,1540.46,0,0,4,622.678,1835.12,0,391,313,50,1835.12,13.4016,30.8327,38.6369,22.1877,-75.3123,-58.8631,1.27356,12.7175,0
12,2053,5,5,-3.7101,2566.63,2269.43,0,0,4,2110.72,1792.99,0,391,313,50,1792.99,16.665,-3.7101,3.45211,21.3141,-76.1859,-94.0479,1.27356,12.7175,0
12,2054,5,5,13.3963,1655.68,1366.11,0,0,4,1486.17,1128.08,0,391,313,50,1128.08,9.38307,13.3963,20.148,17.0793,-80.4207,-77.352,1.27356,12.7175,0
12,2055,5,5,37.4971,607.08,360.761,0,0,4,464.356,662.667,0,391,313,50,662.667,33.3957,37.4971,45.9546,40.2324,-57.2676,-51.5454,1.27356,12.7175,0
12,2056,5,5,11.0556,2335.81,2098.03,0,0,4,979.543,2326.17,0,391,313,50,2326.17,9.84002,11.0556,18.0102,16.521,-80.979,-79.4898,1.27356,12.7175,0
12,2057,5,5,6.67176,2335.11,2045.57,0,0,4,1777.45,1816.19,0,391,313,50,1816.19,2.65619,6.67176,14.0632,10.4489,-87.0511,-83.4368,1.27356,12.7175,0
12,2058,5,5,18.7877,1119.14,953.483,0,0,3,263.156,1256.55,0,391,313,50,1256.55,12.9084,18.7877,25.0288,20.7633,-76.7367,-72.4712,1.27356,12.7175,0
12,2049,5,5,8.58548,2073.52,2073.52,0,0,4,1772.61,1433.52,0,156,136,50,1433.52,8.58548,8.58548,15.3011,15.3011,-82.1989,-82.1989,1.27356,12.7175,0
12,2050,5,5,5.88062,2126.63,2126.63,0,0,4,2011.73,1173.46,0,156,136,50,1173.46,5.88062,5.88062,13.3121,13.3121,-84.1879,-84.1879,1.27356,12.7175,0
12,2051,5,5,15.1291,1408.61,1408.61,0,0,4,520.202,1495.79,0,156,136,50,1495.79,15.1291,15.1291,19.5965,19.5965,-77.9035,-77.9035,1.27356,12.7175,0
12,2052,5,5,28.545,1762.75,1762.75,0,0,4,622.678,1835.12,0,156,136,50,1835.12,28.545,28.545,36.3492,36.3492,-61.1508,-61.1508,1.27356,12.7175,0
12,2053,5,5,-5.77488,2563.01,2563.01,0,0,4,2110.72,1792.99,0,156,136,50,1792.99,-5.77488,-5.77488,1.38733,1.38733,-96.1127,-96.1127,1.27356,12.7175,0
12,2054,5,5,10.0878,1660.15,1660.15,0,0,4,1486.17,1128.08,0,156,136,50,1128.08,10.0878,10.0878,16.8394,16.8394,-80.6606,-80.6606,1.27356,12.7175,0
12,2055,5,5,28.5176,612.341,612.341,0,0,4,464.356,662.667,0,156,136,50,662.667,28.5176,28.5176,36.975,36.975,-60.525,-60.525,1.27356,12.7175,0
12,2056,5,5,9.20003,2340.42,2340.42,0,0,4,979.543,2326.17,0,156,136,50,2326.17,9.20003,9.20003,16.1546,16.1546,-81.3454,-81.3454,1.27356,12.7175,0
12,2057,5,5,4.42192,2335.52,2335.52,0,0,4,1777.45,1816.19,0,156,136,50,1816.19,4.42192,4.42192,11.8134,11.8134,-85.6866,-85.6866,1.27356,12.7175,0
12,2058,5,5,15.9535,1126.77,1126.77,0,0,5,263.156,1256.55,0,156,136,50,1256.55,15.9535,15.9535,22.1946,22.1946,-75.3054,-75.3054,1.27356,12.7175,0
13,2049,5,5,3.39737,2073.52,2075.8,0,0,1,1771.11,1439.01,0,156,136,50,1439.01,8.58548,3.39737,10.9198,15.3011,-82.1989,-86.5802,1.27356,12.7175,0
13,2050,5,5,1.24624,2126.63,2129.74,0,0,1,2009.26,1184.2,0,156,136,50,1184.2,5.88062,1.24624,6.90047,13.3121,-84.1879,-90.5995,1.27356,12.7175,0
13,2051,5,5,16.8247,1408.61,1397.61,0,0,5,510.86,1486.88,0,156,136,50,1486.88,15.1291,16.8247,21.6398,19.5965,-77.9035,-75.8602,1.27356,12.7175,0
13,2052,5,5,17.4271,1762.75,1774.77,0,0,4,629.34,1845.75,0,156,136,50,1845.75,28.545,17.4271,23.0885,36.3492,-61.1508,-74.4115,1.27356,12.7175,0
13,2053,5,5,5.57475,2563.01,2559.4,0,0,1,2105.75,1793.25,0,156,136,50,1793.25,-5.77488,5.57475,14.6606,1.38733,-96.1127,-82.8394,1.27356,12.7175,0
13,2054,5,5,11.7819,1660.15,1664.63,0,0,4,1486.21,1135.52,0,156,136,50,1135.52,10.0878,11.7819,16.7872,16.8394,-80.6606,-80.7128,1.27356,12.7175,0
13,2055,5,5,26.4342,612.341,617.625,0,0,1,463.388,669.361,0,156,136,50,669.361,28.5176,26.4342,32.5716,36.975,-60.525,-64.9284,1.27356,12.7175,0
13,2056,5,5,8.55742,2340.42,2345.05,0,0,4,983.981,2329.45,0,156,136,50,2329.45,9.20003,8.55742,16.5693,16.1546,-81.3454,-80.9307,1.27356,12.7175,0
13,2057,5,5,2.39311,2335.52,2337.72,0,0,4,1782.15,1814.72,0,156,136,50,1814.72,4.42192,2.39311,9.92326,11.8134,-85.6866,-87.5767,1.27356,12.7175,0
13,2058,5,5,22.5725,1126.77,1135.66,0,0,5,271.454,1264.67,0,156,136,50,1264.67,15.9535,22.5725,30.6584,22.1946,-75.3054,-66.8416,1.27356,12.7175,0
13,2049,5,5,5.98856,2073.52,1781.89,0,0,2,1771.11,1439.01,0,391,313,50,1439.01,8.58548,5.98856,13.5109,15.3011,-82.1989,-83.9891,1.27356,12.7175,0
13,2050,5,5,3.74158,2126.63,1838.54,0,0,2,2009.26,1184.2,0,391,313,50,1184.2,5.88062,3.74158,9.39581,13.3121,-84.1879,-88.1042,1.27356,12.7175,0
13,2051,5,5,19.6822,1408.61,1181.05,0,0,2,510.86,1486.88,0,391,313,50,1486.88,15.1291,19.6822,24.4973,19.5965,-77.9035,-73.0027,1.27356,12.7175,0
13,2052,5,5,19.7037,1762.75,1551.98,0,0,2,629.34,1845.75,0,391,313,50,1845.75,28.545,19.7037,25.3652,36.3492,-61.1508,-72.1348,1.27356,12.7175,0
13,2053,5,5,7.64243,2563.01,2265.84,0,0,2,2105.75,1793.25,0,391,313,50,1793.25,-5.77488,7.64243,16.7283,1.38733,-96.1127,-80.7717,1.27356,12.7175,0
13,2054,5,5,15.0806,1660.15,1370.59,0,0,2,1486.21,1135.52,0,391,313,50,1135.52,10.0878,15.0806,20.0859,16.8394,-80.6606,-77.4141,1.27356,12.7175,0
13,2055,5,5,35.2658,612.341,367.06,0,0,2,463.388,669.361,0,391,313,50,669.361,28.5176,35.2658,41.4032,36.975,-60.525,-56.0968,1.27356,12.7175,0
13,2056,5,5,10.4111,2340.42,2102.42,0,0,2,983.981,2329.45,0,391,313,50,2329.45,9.20003,10.4111,18.4229,16.1546,-81.3454,-79.0771,1.27356,12.7175,0
13,2057,5,5,4.64151,2335.52,2047.67,0,0,2,1782.15,1814.72,0,391,313,50,1814.72,4.42192,4.64151,12.1717,11.8134,-85.6866,-85.3283,1.27356,12.7175,0
13,2058,5,5,25.4165,1126.77,960.447,0,0,5,271.454,1264.67,0,391,313,50,1264.67,15.9535,25.4165,33.5024,22.1946,-75.3054,-63.9976,1.27356,12.7175,0
13,2049,5,5,3.39737,2073.52,2075.8,0,0,2,1771.11,1439.01,0,156,136,50,1439.01,8.58548,3.39737,10.9198,15.3011,-82.1989,-86.5802,1.27356,12.7175,0
13,2050,5,5,1.24624,2126.63,2129.74,0,0,2,2009.26,1184.2,0,156,136,50,1184.2,5.88062,1.24624,6.90047,13.3121,-84.1879,-90.5995,1.27356,12.7175,0
13,2051,5,5,16.8247,1408.61,1397.61,0,0,2,510.86,1486.88,0,156,136,50,1486.88,15.1291,16.8247,21.6398,19.5965,-77.9035,-75.8602,1.27356,12.7175,0
13,2052,5,5,17.4271,1762.75,1774.77,0,0,2,629.34,1845.75,0,156,136,50,1845.75,28.545,17.4271,23.0885,36.3492,-61.1508,-74.4115,1.27356,12.7175,0
13,2053,5,5,5.57475,2563.01,2559.4,0,0,2,2105.75,1793.25,0,156,136,50,1793.25,-5.77488,5.57475,14.6606,1.38733,-96.1127,-82.8394,1.27356,12.7175,0
13,2054,5,5,11.7819,1660.15,1664.63,0,0,2,1486.21,1135.52,0,156,136,50,1135.52,10.0878,11.7819,16.7872,16.8394,-80.6606,-80.7128,1.27356,12.7175,0
13,2055,5,5,26.4342,612.341,617.625,0,0,2,463.388,669.361,0,156,136,50,669.361,28.5176,26.4342,32.5716,36.975,-60.525,-64.9284,1.27356,12.7175,0
13,2056,5,5,8.55742,2340.42,2345.05,0,0,2,983.981,2329.45,0,156,136,50,2329.45,9.20003,8.55742,16.5693,16.1546,-81.3454,-80.9307,1.27356,12.7175,0
13,2057,5,5,2.39311,2335.52,2337.72,0,0,2,1782.15,1814.72,0,156,136,50,1814.72,4.42192,2.39311,9.92326,11.8134,-85.6866,-87.5767,1.27356,12.7175,0
13,2058,5,5,22.5725,1126.77,1135.66,0,0,3,271.454,1264.67,0,156,136,50,1264.67,15.9535,22.5725,30.6584,22.1946,-75.3054,-66.8416,1.27356,12.7175,0
13,2049,5,5,5.98856,2073.52,1781.89,0,0,4,1771.11,1439.01,0,391,313,50,1439.01,8.58548,5.98856,13.5109,15.3011,-82.1989,-83.9891,1.27356,12.7175,0
13,2050,5,5,3.74158,2126.63,1838.54,0,0,4,2009.26,1184.2,0,391,313,50,1184.2,5.88062,3.74158,9.39581,13.3121,-84.1879,-88.1042,1.27356,12.7175,0
13,2051,5,5,19.6822,1408.61,1181.05,0,0,4,510.86,1486.88,0,391,313,50,1486.88,15.1291,19.6822,24.4973,19.5965,-77.9035,-73.0027,1.27356,12.7175,0
13,2052,5,5,19.7037,1762.75,1551.98,0,0,4,629.34,1845.75,0,391,313,50,1845.75,28.545,19.7037,25.3652,36.3492,-61.1508,-72.1348,1.27356,12.7175,0
13,2053,5,5,7.64243,2563.01,2265.84,0,0,4,2105.75,1793.25,0,391,313,50,1793.25,-5.77488,7.64243,16.7283,1.38733,-96.1127,-80.7717,1.27356,12.7175,0
13,2054,5,5,15.0806,1660.15,1370.59,0,0,4,1486.21,1135.52,0,391,313,50,1135.52,10.0878,15.0806,20.0859,16.8394,-80.6606,-77.4141,1.27356,12.7175,0
13,2055,5,5,35.2658,612.341,367.06,0,0,4,463.388,669.361,0,391,313,50,669.361,28.5176,35.2658,41.4032,36.975,-60.525,-56.0968,1.27356,12.7175,0
13,2056,5,5,10.4111,2340.42,2102.42,0,0,4,983.981,2329.45,0,391,313,50,2329.45,9.20003,10.4111,18.4229,16.1546,-81.3454,-79.0771,1.27356,12.7175,0
13,2057,5,5,4.64151,2335.52,2047.67,0,0,4,1782.15,1814.72,0,391,313,50,1814.72,4.42192,4.64151,12.1717,11.8134,-85.6866,-85.3283,1.27356,12.7175,0
13,2058,5,5,25.4165,1126.77,960.447,0,0,3,271.454,1264.67,0,391,313,50,1264.67,15.9535,25.4165,33.5024,22.1946,-75.3054,-63.9976,1.27356,12.7175,0
13,2049,5,5,3.39737,2075.8,2075.8,0,0,4,1771.11,1439.01,0,156,136,50,1439.01,3.39737,3.39737,10.9198,10.9198,-86.5802,-86.5802,1.27356,12.7175,0
13,2050,5,5,1.24624,2129.74,2129.74,0,0,4,2009.26,1184.2,0,156,136,50,1184.2,1.24624,1.24624,6.90047,6.90047,-90.5995,-90.5995,1.27356,12.7175,0
13,2051,5,5,16.8247,1397.61,1397.61,0,0,4,510.86,1486.88,0,156,136,50,1486.88,16.8247,16.8247,21.6398,21.6398,-75.8602,-75.8602,1.27356,12.7175,0
13,2052,5,5,17.4271,1774.77,1774.77,0,0,4,629.34,1845.75,0,156,136,50,1845.75,17.4271,17.4271,23.0885,23.0885,-74.4115,-74.4115,1.27356,12.7175,0
13,2053,5,5,5.57475,2559.4,2559.4,0,0,4,2105.75,1793.25,0,156,136,50,1793.25,5.57475,5.57475,14.6606,14.6606,-82.8394,-82.8394,1.27356,12.7175,0
13,2054,5,5,11.7819,1664.63,1664.63,0,0,4,1486.21,1135.52,0,156,136,50,1135.52,11.7819,11.7819,16.7872,16.7872,-80.7128,-80.7128,1.27356,12.7175,0
13,2055,5,5,26.4342,617.625,617.625,0,0,4,463.388,669.361,0,156,136,50,669.361,26.4342,26.4342,32.5716,32.5716,-64.9284,-64.9284,1.27356,12.7175,0
13,2056,5,5,8.55742,2345.05,2345.05,0,0,4,983.981,2329.45,0,156,136,50,2329.45,8.55742,8.55742,16.5693,16.5693,-80.9307,-80.9307,1.27356,12.7175,0
13,2057,5,5,2.39311,2337.72,2337.72,0,0,4,1782.15,1814.72,0,156,136,50,1814.72,2.39311,2.39311,9.92326,9.92326,-87.5767,-87.5767,1.27356,12.7175,0
13,2058,5,5,22.5725,1135.66,1135.66,0,0,5,271.454,1264.67,0,156,136,50,1264.67,22.5725,22.5725,30.6584,30.6584,-66.8416,-66.8416,1.27356,12.7175,0
14,2049,5,5,9.68342,2075.8,2078.35,0,0,1,1769.87,1444.61,0,156,136,50,1444.61,3.39737,9.68342,16.7895,10.9198,-86.5802,-80.7105,1.27356,12.7175,0
14,2050,5,5,13.9073,2129.74,2133,0,0,1,2006.7,1195.31,0,156,136,50,1195.31,1.24624,13.9073,22.5423,6.90047,-90.5995,-74.9577,1.27356,12.7175,0
14,2051,5,5,20.5632,1397.61,1386.67,0,0,5,501.537,1478,0,156,136,50,1478,16.8247,20.5632,28.4207,21.6398,-75.8602,-69.0793,1.27356,12.7175,0
14,2052,5,5,5.45825,1774.77,1776.96,0,0,4,633.947,1846.75,0,156,136,50,1846.75,17.4271,5.45825,12.6124,23.0885,-74.4115,-84.8876,1.27356,12.7175,0
14,2053,5,5,4.12974,2559.4,2547.91,0,0,1,2088.15,1796.16,0,156,136,50,1796.16,5.57475,4.12974,13.7455,14.6606,-82.8394,-83.7545,1.27356,12.7175,0
14,2054,5,5,14.0931,1664.63,1668.67,0,0,4,1486.24,1142.19,0,156,136,50,1142.19,11.7819,14.0931,24.105,16.7872,-80.7128,-73.395,1.27356,12.7175,0
14,2055,5,5,25.2525,617.625,622.945,0,0,1,462.418,676.064,0,156,136,50,676.064,26.4342,25.2525,30.6052,32.5716,-64.9284,-66.8948,1.27356,12.7175,0
14,2056,5,5,8.29306,2345.05,2349.65,0,0,4,988.392,2332.7,0,156,136,50,2332.7,8.55742,8.29306,16.6368,16.5693,-80.9307,-80.8632,1.27356,12.7175,0
14,2057,5,5,6.93113,2337.72,2339.1,0,0,4,1784.35,1814.51,0,156,136,50,1814.51,2.39311,6.93113,15.8353,9.92326,-87.5767,-81.6647,1.27356,12.7175,0
14,2058,5,5,19.4727,1135.66,1151.85,0,0,5,286.55,1279.34,0,156,136,50,1279.34,22.5725,19.4727,28.1105,30.6584,-66.8416,-69.3895,1.27356,12.7175,0
14,2049,5,5,12.2709,2075.8,1784.46,0,0,2,1769.87,1444.61,0,391,313,50,1444.61,3.39737,12.2709,19.377,10.9198,-86.5802,-78.123,1.27356,12.7175,0
14,2050,5,5,16.4006,2129.74,1841.59,0,0,2,2006.7,1195.31,0,391,313,50,1195.31,1.24624,16.4006,25.0356,6.90047,-90.5995,-72.4644,1.27356,12.7175,0
14,2051,5,5,23.428,1397.61,1171.3,0,0,2,501.537,1478,0,391,313,50,1478,16.8247,23.428,31.2855,21.6398,-75.8602,-66.2145,1.27356,12.7175,0
14,2052,5,5,7.73731,1774.77,1553.68,0,0,2,633.947,1846.75,0,391,313,50,1846.75,17.4271,7.73731,14.8914,23.0885,-74.4115,-82.6086,1.27356,12.7175,0
14,2053,5,5,6.2065,2559.4,2254.46,0,0,2,2088.15,1796.16,0,391,313,50,1796.16,5.57475,6.2065,15.8222,14.6606,-82.8394,-81.6778,1.27356,12.7175,0
14,2054,5,5,17.3831,1664.63,1374.63,0,0,2,1486.24,1142.19,0,391,313,50,1142.19,11.7819,17.3831,27.3949,16.7872,-80.7128,-70.1051,1.27356,12.7175,0
14,2055,5,5,33.9398,617.625,373.384,0,0,2,462.418,676.064,0,391,313,50,676.064,26.4342,33.9398,39.2925,32.5716,-64.9284,-58.2075,1.27356,12.7175,0
14,2056,5,5,10.1448,2345.05,2106.79,0,0,2,988.392,2332.7,0,391,313,50,2332.7,8.55742,10.1448,18.4885,16.5693,-80.9307,-79.0115,1.27356,12.7175,0
14,2057,5,5,9.17844,2337.72,2049.01,0,0,2,1784.35,1814.51,0,391,313,50,1814.51,2.39311,9.17844,18.0826,9.92326,-87.5767,-79.4174,1.27356,12.7175,0
14,2058,5,5,22.3323,1135.66,973.25,0,0,2,286.55,1279.34,0,391,313,50,1279.34,22.5725,22.3323,30.97,30.6584,-66.8416,-66.53,1.27356,12.7175,0
14,2049,5,5,9.68342,2075.8,2078.35,0,0,2,1769.87,1444.61,0,156,136,50,1444.61,3.39737,9.68342,16.7895,10.9198,-86.5802,-80.7105,1.27356,12.7175,0
14,2050,5,5,13.9073,2129.74,2133,0,0,2,2006.7,1195.31,0,156,136,50,1195.31,1.24624,13.9073,22.5423,6.90047,-90.5995,-74.9577,1.27356,12.7175,0
14,2051,5,5,20.5632,1397.61,1386.67,0,0,2,501.537,1478,0,156,136,50,1478,16.8247,20.5632,28.4207,21.6398,-75.8602,-69.0793,1.27356,12.7175,0
14,2052,5,5,5.45825,1774.77,1776.96,0,0,2,633.947,1846.75,0,156,136,50,1846.75,17.4271,5.45825,12.6124,23.0885,-74.4115,-84.8876,1.27356,12.7175,0
14,2053,5,5,4.12974,2559.4,2547.91,0,0,2,2088.15,1796.16,0,156,136,50,1796.16,5.57475,4.12974,13.7455,14.6606,-82.8394,-83.7545,1.27356,12.7175,0
14,2054,5,5,14.0931,1664.63,1668.67,0,0,2,1486.24,1142.19,0,156,136,50,1142.19,11.7819,14.0931,24.105,16.7872,-80.7128,-73.395,1.27356,12.7175,0
14,2055,5,5,25.2525,617.625,622.945,0,0,2,462.418,676.064,0,156,136,50,676.064,26.4342,25.2525,30.6052,32.5716,-64.9284,-66.8948,1.27356,12.7175,0
14,2056,5,5,8.29306,2345.05,2349.65,0,0,2,988.392,2332.7,0,156,136,50,2332.7,8.55742,8.29306,16.6368,16.5693,-80.9307,-80.8632,1.27356,12.7175,0
14,2057,5,5,6.93113,2337.72,2339.1,0,0,2,1784.35,1814.51,0,156,136,50,1814.51,2.39311,6.93113,15.8353,9.92326,-87.5767,-81.6647,1.27356,12.7175,0
14,2058,5,5,19.4727,1135.66,1151.85,0,0,2,286.55,1279.34,0,156,136,50,1279.34,22.5725,19.4727,28.1105,30.6584,-66.8416,-69.3895,1.27356,12.7175,0
14,2049,5,5,12.2709,2075.8,1784.46,0,0,4,1769.87,1444.61,0,391,313,50,1444.61,3.39737,12.2709,19.377,10.9198,-86.5802,-78.123,1.27356,12.7175,0
14,2050,5,5,16.4006,2129.74,1841.59,0,0,4,2006.7,1195.31,0,391,313,50,1195.31,1.24624,16.4006,25.0356,6.90047,-90.5995,-72.4644,1.27356,12.7175,0
14,2051,5,5,23.428,1397.61,1171.3,0,0,4,501.537,1478,0,391,313,50,1478,16.8247,23.428,31.2855,21.6398,-75.8602,-66.2145,1.27356,12.7175,0
14,2052,5,5,7.73731,1774.77,1553.68,0,0,4,633.947,1846.75,0,391,313,50,1846.75,17.4271,7.73731,14.8914,23.0885,-74.4115,-82.6086,1.27356,12.7175,0
14,2053,5,5,6.2065,2559.4,2254.46,0,0,4,2088.15,1796.16,0,391,313,50,1796.16,5.57475,6.2065,15.8222,14.6606,-82.8394,-81.6778,1.27356,12.7175,0
14,2054,5,5,17.3831,1664.63,1374.63,0,0,4,1486.24,1142.19,0,391,313,50,1142.19,11.7819,17.3831,27.3949,16.7872,-80.7128,-70.1051,1.27356,12.7175,0
14,2055,5,5,33.9398,617.625,373.384,0,0,4,462.418,676.064,0,391,313,50,676.064,26.4342,33.9398,39.2925,32.5716,-64.9284,-58.2075,1.27356,12.7175,0
14,2056,5,5,10.1448,2345.05,2106.79,0,0,4,988.392,2332.7,0,391,313,50,2332.7,8.55742,10.1448,18.4885,16.5693,-80.9307,-79.0115,1.27356,12.7175,0
14,2057,5,5,9.17844,2337.72,2049.01,0,0,4,1784.35,1814.51,0,391,313,50,1814.51,2.39311,9.17844,18.0826,9.92326,-87.5767,-79.4174,1.27356,12.7175,0
14,2058,5,5,22.3323,1135.66,973.25,0,0,4,286.55,1279.34,0,391,313,50,1279.34,22.5725,22.3323,30.97,30.6584,-66.8416,-66.53,1.27356,12.7175,0
14,2049,5,5,9.68342,2078.35,2078.35,0,0,4,1769.87,1444.61,0,156,136,50,1444.61,9.68342,9.68342,16.7895,16.7895,-80.7105,-80.7105,1.27356,12.7175,0
14,2050,5,5,13.9073,2133,2133,0,0,4,2006.7,1195.31,0,156,136,50,1195.31,13.9073,13.9073,22.5423,22.5423,-74.9577,-74.9577,1.27356,12.7175,0
14,2051,5,5,20.5632,1386.67,1386.67,0,0,4,501.537,1478,0,156,136,50,1478,20.5632,20.5632,28.4207,28.4207,-69.0793,-69.0793,1.27356,12.7175,0
14,2052,5,5,5.45825,1776.96,1776.96,0,0,4,633.947,1846.75,0,156,136,50,1846.75,5.45825,5.45825,12.6124,12.6124,-84.8876,-84.8876,1.27356,12.7175,0
14,2053,5,5,4.12974,2547.91,2547.91,0,0,4,2088.15,1796.16,0,156,136,50,1796.16,4.12974,4.12974,13.7455,13.7455,-83.7545,-83.7545,1.27356,12.7175,0
14,2054,5,5,14.0931,1668.67,1668.67,0,0,4,1486.24,1142.19,0,156,136,50,1142.19,14.0931,14.0931,24.105,24.105,-73.395,-73.395,1.27356,12.7175,0
14,2055,5,5,25.2525,622.945,622.945,0,0,4,462.418,676.064,0,156,136,50,676.064,25.2525,25.2525,30.6052,30.6052,-66.8948,-66.8948,1.27356,12.7175,0
14,2056,5,5,8.29306,2349.65,2349.65,0,0,4,988.392,2332.7,0,156,136,50,2332.7,8.29306,8.29306,16.6368,16.6368,-80.8632,-80.8632,1.27356,12.7175,0
14,2057,5,5,6.93113,2339.1,2339.1,0,0,4,1784.35,1814.51,0,156,136,50,1814.51,6.93113,6.93113,15.8353,15.8353,-81.6647,-81.6647,1.27356,12.7175,0
14,2058,5,5,19.4727,1151.85,1151.85,0,0,4,286.55,1279.34,0,156,136,50,1279.34,19.4727,19.4727,28.1105,28.1105,-69.3895,-69.3895,1.27356,12.7175,0
15,2049,5,5,7.73013,2078.35,2081.54,0,0,5,1769.35,1450.31,0,156,136,50,1450.31,9.68342,7.73013,12.9195,16.7895,-80.7105,-84.5805,1.27356,10.0826,0
15,2050,5,5,-0.540399,2133,2129.43,0,0,5,2000,1199.78,0,156,136,50,1199.78,13.9073,-0.540399,7.44539,22.5423,-74.9577,-90.0546,1.27356,10.0826,0
15,2051,5,5,19.8909,1386.67,1375.75,0,0,5,492.203,1469.09,0,156,136,50,1469.09,20.5632,19.8909,26.4118,28.4207,-69.0793,-71.0882,1.27356,10.0826,0
15,2052,5,5,-3.72211,1776.96,1778.05,0,0,4,639.807,1846.23,0,156,136,50,1846.23,5.45825,-3.72211,5.2866,12.6124,-84.8876,-92.2134,1.27356,10.0826,0
15,2053,5,5,0.404741,2547.91,2542.88,0,0,5,2081.07,1796.67,0,156,136,50,1796.67,4.12974,0.404741,7.66728,13.7455,-83.7545,-89.8327,1.27356,10.0826,0
15,2054,5,5,7.30934,1668.67,1687.17,0,0,4,1493.32,1163.43,0,156,136,50,1163.43,14.0931,7.30934,14.2532,24.105,-73.395,-83.2468,1.27356,10.0826,0
15,2055,5,5,15.7641,622.945,628.297,0,0,1,461.448,682.771,0,156,136,50,682.771,25.2525,15.7641,22.0679,30.6052,-66.8948,-75.4321,1.27356,10.0826,0
15,2056,5,5,8.59806,2349.65,2354.28,0,0,1,992.82,2335.97,0,156,136,50,2335.97,8.29306,8.59806,15.5724,16.6368,-80.8632,-81.9276,1.27356,10.0826,0
15,2057,5,5,6.36818,2339.1,2340.51,0,0,1,1786.59,1814.3,0,156,136,50,1814.3,6.93113,6.36818,13.4081,15.8353,-81.6647,-84.0919,1.27356,10.0826,0
15,2058,5,5,13.8305,1151.85,1162.08,0,0,4,296.201,1288.51,0,156,136,50,1288.51,19.4727,13.8305,21.5009,28.1105,-69.3895,-75.9991,1.27356,10.0826,0
15,2049,5,5,10.3131,2078.35,1787.69,0,0,2,1769.35,1450.31,0,391,313,50,1450.31,9.68342,10.3131,15.5024,16.7895,-80.7105,-81.9976,1.27356,10.0826,0
15,2050,5,5,1.95871,2133,1837.87,0,0,2,2000,1199.78,0,391,313,50,1199.78,13.9073,1.95871,9.9445,22.5423,-74.9577,-87.5555,1.27356,10.0826,0
15,2051,5,5,22.7626,1386.67,1161.59,0,0,2,492.203,1469.09,0,391,313,50,1469.09,20.5632,22.7626,29.2835,28.4207,-69.0793,-68.2165,1.27356,10.0826,0
15,2052,5,5,-1.43722,1776.96,1554.09,0,0,2,639.807,1846.23,0,391,313,50,1846.23,5.45825,-1.43722,7.5715,12.6124,-84.8876,-89.9285,1.27356,10.0826,0
15,2053,5,5,2.48556,2547.91,2249.47,0,0,2,2081.07,1796.67,0,391,313,50,1796.67,4.12974,2.48556,9.7481,13.7455,-83.7545,-87.7519,1.27356,10.0826,0
15,2054,5,5,10.5594,1668.67,1393.14,0,0,2,1493.32,1163.43,0,391,313,50,1163.43,14.0931,10.5594,17.5033,24.105,-73.395,-79.9967,1.27356,10.0826,0
15,2055,5,5,24.3106,622.945,379.729,0,0,2,461.448,682.771,0,391,313,50,682.771,25.2525,24.3106,30.6143,30.6052,-66.8948,-66.8857,1.27356,10.0826,0
15,2056,5,5,10.4478,2349.65,2111.18,0,0,2,992.82,2335.97,0,391,313,50,2335.97,8.29306,10.4478,17.4221,16.6368,-80.8632,-80.0779,1.27356,10.0826,0
15,2057,5,5,8.61436,2339.1,2050.38,0,0,2,1786.59,1814.3,0,391,313,50,1814.3,6.93113,8.61436,15.6542,15.8353,-81.6647,-81.8458,1.27356,10.0826,0
15,2058,5,5,16.699,1151.85,981.377,0,0,2,296.201,1288.51,0,391,313,50,1288.51,19.4727,16.699,24.3694,28.1105,-69.3895,-73.1306,1.27356,10.0826,0
15,2049,5,5,7.73013,2078.35,2081.54,0,0,2,1769.35,1450.31,0,156,136,50,1450.31,9.68342,7.73013,12.9195,16.7895,-80.7105,-84.5805,1.27356,10.0826,0
15,2050,5,5,-0.540399,2133,2129.43,0,0,2,2000,1199.78,0,156,136,50,1199.78,13.9073,-0.540399,7.44539,22.5423,-74.9577,-90.0546,1.27356,10.0826,0
15,2051,5,5,19.8909,1386.67,1375.75,0,0,2,492.203,1469.09,0,156,136,50,1469.09,20.5632,19.8909,26.4118,28.4207,-69.0793,-71.0882,1.27356,10.0826,0
15,2052,5,5,-3.72211,1776.96,1778.05,0,0,2,639.807,1846.23,0,156,136,50,1846.23,5.45825,-3.72211,5.2866,12.6124,-84.8876,-92.2134,1.27356,10.0826,0
15,2053,5,5,0.404741,2547.91,2542.88,0,0,2,2081.07,1796.67,0,156,136,50,1796.67,4.12974,0.404741,7.66728,13.7455,-83.7545,-89.8327,1.27356,10.0826,0
15,2054,5,5,7.30934,1668.67,1687.17,0,0,2,1493.32,1163.43,0,156,136,50,1163.43,14.0931,7.30934,14.2532,24.105,-73.395,-83.2468,1.27356,10.0826,0
15,2055,5,5,15.7641,622.945,628.297,0,0,2,461.448,682.771,0,156,136,50,682.771,25.2525,15.7641,22.0679,30.6052,-66.8948,-75.4321,1.27356,10.0826,0
15,2056,5,5,8.59806,2349.65,2354.28,0,0,2,992.82,2335.97,0,156,136,50,2335.97,8.29306,8.59806,15.5724,16.6368,-80.8632,-81.9276,1.27356,10.0826,0
15,2057,5,5,6.36818,2339.1,2340.51,0,0,2,1786.59,1814.3,0,156,136,50,1814.3,6.93113,6.36818,13.4081,15.8353,-81.6647,-84.0919,1.27356,10.0826,0
15,2058,5,5,13.8305,1151.85,1162.08,0,0,2,296.201,1288.51,0,156,136,50,1288.51,19.4727,13.8305,21.5009,28.1105,-69.3895,-75.9991,1.27356,10.0826,0
15,2049,5,5,10.3131,2078.35,1787.69,0,0,4,1769.35,1450.31,0,391,313,50,1450.31,9.68342,10.3131,15.5024,16.7895,-80.7105,-81.9976,1.27356,10.0826,0
15,2050,5,5,1.95871,2133,1837.87,0,0,4,2000,1199.78,0,391,313,50,1199.78,13.9073,1.95871,9.9445,22.5423,-74.9577,-87.5555,1.27356,10.0826,0
15,2051,5,5,22.7626,1386.67,1161.59,0,0,4,492.203,1469.09,0,391,313,50,1469.09,20.5632,22.7626,29.2835,28.4207,-69.0793,-68.2165,1.27356,10.0826,0
15,2052,5,5,-1.43722,1776.96,1554.09,0,0,4,639.807,1846.23,0,391,313,50,1846.23,5.45825,-1.43722,7.5715,12.6124,-84.8876,-89.9285,1.27356,10.0826,0
15,2053,5,5,2.48556,2547.91,2249.47,0,0,4,2081.07,1796.67,0,391,313,50,1796.67,4.12974,2.48556,9.7481,13.7455,-83.7545,-87.7519,1.27356,10.0826,0
15,2054,5,5,10.5594,1668.67,1393.14,0,0,4,1493.32,1163.43,0,391,313,50,1163.43,14.0931,10.5594,17.5033,24.105,-73.395,-79.9967,1.27356,10.0826,0
15,2055,5,5,24.3106,622.945,379.729,0,0,4,461.448,682.771,0,391,313,50,682.771,25.2525,24.3106,30.6143,30.6052,-66.8948,-66.8857,1.27356,10.0826,0
15,2056,5,5,10.4478,2349.65,2111.18,0,0,4,992.82,2335.97,0,391,313,50,2335.97,8.29306,10.4478,17.4221,16.6368,-80.8632,-80.0779,1.27356,10.0826,0
15,2057,5,5,8.61436,2339.1,2050.38,0,0,4,1786.59,1814.3,0,391,313,50,1814.3,6.93113,8.61436,15.6542,15.8353,-81.6647,-81.8458,1.27356,10.0826,0
15,2058,5,5,16.699,1151.85,981.377,0,0,4,296.201,1288.51,0,391,313,50,1288.51,19.4727,16.699,24.3694,28.1105,-69.3895,-73.1306,1.27356,10.0826,0
15,2049,5,5,7.73013,2081.54,2081.54,0,0,4,1769.35,1450.31,0,156,136,50,1450.31,7.73013,7.73013,12.9195,12.9195,-84.5805,-84.5805,1.27356,10.0826,0
15,2050,5,5,-0.540399,2129.43,2129.43,0,0,4,2000,1199.78,0,156,136,50,1199.78,-0.540399,-0.540399,7.44539,7.44539,-90.0546,-90.0546,1.27356,10.0826,0
15,2051,5,5,19.8909,1375.75,1375.75,0,0,4,492.203,1469.09,0,156,136,50,1469.09,19.8909,19.8909,26.4118,26.4118,-71.0882,-71.0882,1.27356,10.0826,0
15,2052,5,5,-3.72211,1778.05,1778.05,0,0,4,639.807,1846.23,0,156,136,50,1846.23,-3.72211,-3.72211,5.2866,5.2866,-92.2134,-92.2134,1.27356,10.0826,0
15,2053,5,5,0.404741,2542.88,2542.88,0,0,4,2081.07,1796.67,0,156,136,50,1796.67,0.404741,0.404741,7.66728,7.66728,-89.8327,-89.8327,1.27356,10.0826,0
15,2054,5,5,7.30934,1687.17,1687.17,0,0,4,1493.32,1163.43,0,156,136,50,1163.43,7.30934,7.30934,14.2532,14.2532,-83.2468,-83.2468,1.27356,10.0826,0
15,2055,5,5,15.7641,628.297,628.297,0,0,4,461.448,682.771,0,156,136,50,682.771,15.7641,15.7641,22.0679,22.0679,-75.4321,-75.4321,1.27356,10.0826,0
15,2056,5,5,8.59806,2354.28,2354.28,0,0,4,992.82,2335.97,0,156,136,50,2335.97,8.59806,8.59806,15.5724,15.5724,-81.9276,-81.9276,1.27356,10.0826,0
15,2057,5,5,6.36818,2340.51,2340.51,0,0,4,1786.59,1814.3,0,156,136,50,1814.3,6.36818,6.36818,13.4081,13.4081,-84.0919,-84.0919,1.27356,10.0826,0
15,2058,5,5,13.8305,1162.08,1162.08,0,0,4,296.201,1288.51,0,156,136,50,1288.51,13.8305,13.8305,21.5009,21.5009,-75.9991,-75.9991,1.27356,10.0826,0
16,2049,5,5,2.80334,2081.54,2085.49,0,0,4,1769.8,1456.01,0,156,136,50,1456.01,7.73013,2.80334,12.2465,12.9195,-84.5805,-85.2535,1.27356,10.0826,0
16,2050,5,5,12.0694,2129.43,2118.67,0,0,1,1978.8,1214.73,0,156,136,50,1214.73,-0.540399,12.0694,19.5345,7.44539,-90.0546,-77.9655,1.27356,10.0826,0
16,2051,5,5,15.3487,1375.75,1365.79,0,0,5,483.673,1460.96,0,156,136,50,1460.96,19.8909,15.3487,23.0516,26.4118,-71.0882,-74.4484,1.27356,10.0826,0
16,2052,5,5,3.01553,1778.05,1779.38,0,0,4,646.901,1845.59,0,156,136,50,1845.59,-3.72211,3.01553,9.59453,5.2866,-92.2134,-87.9055,1.27356,10.0826,0
16,2053,5,5,3.21767,2542.88,2536.48,0,0,5,2073.09,1796.11,0,156,136,50,1796.11,0.404741,3.21767,10.2267,7.66728,-89.8327,-87.2733,1.27356,10.0826,0
16,2054,5,5,5.80252,1687.17,1692.33,0,0,4,1493.89,1171.15,0,156,136,50,1171.15,7.30934,5.80252,14.9866,14.2532,-83.2468,-82.5134,1.27356,10.0826,0
16,2055,5,5,28.4018,628.297,633.673,0,0,1,460.478,689.475,0,156,136,50,689.475,15.7641,28.4018,36.6618,22.0679,-75.4321,-60.8382,1.27356,10.0826,0
16,2056,5,5,2.56859,2354.28,2358.91,0,0,4,997.25,2339.24,0,156,136,50,2339.24,8.59806,2.56859,9.82418,15.5724,-81.9276,-87.6758,1.27356,10.0826,0
16,2057,5,5,2.85257,2340.51,2341.9,0,0,4,1788.8,1814.09,0,156,136,50,1814.09,6.36818,2.85257,10.4328,13.4081,-84.0919,-87.0672,1.27356,10.0826,0
16,2058,5,5,14.7264,1162.08,1174.39,0,0,4,303.641,1300,0,156,136,50,1300,13.8305,14.7264,20.1879,21.5009,-75.9991,-77.3121,1.27356,10.0826,0
16,2049,5,5,5.38074,2081.54,1791.67,0,0,2,1769.8,1456.01,0,391,313,50,1456.01,7.73013,5.38074,14.8239,12.9195,-84.5805,-82.6761,1.27356,10.0826,0
16,2050,5,5,14.5863,2129.43,1826.67,0,0,2,1978.8,1214.73,0,391,313,50,1214.73,-0.540399,14.5863,22.0514,7.44539,-90.0546,-75.4486,1.27356,10.0826,0
16,2051,5,5,18.2265,1375.75,1152.78,0,0,2,483.673,1460.96,0,391,313,50,1460.96,19.8909,18.2265,25.9293,26.4118,-71.0882,-71.5707,1.27356,10.0826,0
16,2052,5,5,5.30741,1778.05,1554.62,0,0,2,646.901,1845.59,0,391,313,50,1845.59,-3.72211,5.30741,11.8864,5.2866,-92.2134,-85.6136,1.27356,10.0826,0
16,2053,5,5,5.30376,2542.88,2243.11,0,0,2,2073.09,1796.11,0,391,313,50,1796.11,0.404741,5.30376,12.3128,7.66728,-89.8327,-85.1872,1.27356,10.0826,0
16,2054,5,5,9.04148,1687.17,1398.31,0,0,2,1493.89,1171.15,0,391,313,50,1171.15,7.30934,9.04148,18.2255,14.2532,-83.2468,-79.2745,1.27356,10.0826,0
16,2055,5,5,36.8111,628.297,386.084,0,0,2,460.478,689.475,0,391,313,50,689.475,15.7641,36.8111,45.0712,22.0679,-75.4321,-52.4288,1.27356,10.0826,0
16,2056,5,5,4.41637,2354.28,2115.58,0,0,2,997.25,2339.24,0,391,313,50,2339.24,8.59806,4.41637,11.672,15.5724,-81.9276,-85.828,1.27356,10.0826,0
16,2057,5,5,5.09765,2340.51,2051.73,0,0,2,1788.8,1814.09,0,391,313,50,1814.09,6.36818,5.09765,12.6779,13.4081,-84.0919,-84.8221,1.27356,10.0826,0
16,2058,5,5,17.5889,1162.08,992.114,0,0,2,303.641,1300,0,391,313,50,1300,13.8305,17.5889,23.0505,21.5009,-75.9991,-74.4495,1.27356,10.0826,0
16,2049,5,5,2.80334,2081.54,2085.49,0,0,2,1769.8,1456.01,0,156,136,50,1456.01,7.73013,2.80334,12.2465,12.9195,-84.5805,-85.2535,1.27356,10.0826,0
16,2050,5,5,12.0694,2129.43,2118.67,0,0,2,1978.8,1214.73,0,156,136,50,1214.73,-0.540399,12.0694,19.5345,7.44539,-90.0546,-77.9655,1.27356,10.0826,0
16,2051,5,5,15.3487,1375.75,1365.79,0,0,2,483.673,1460.96,0,156,136,50,1460.96,19.8909,15.3487,23.0516,26.4118,-71.0882,-74.4484,1.27356,10.0826,0
16,2052,5,5,3.01553,1778.05,1779.38,0,0,2,646.901,1845.59,0,156,136,50,1845.59,-3.72211,3.01553,9.59453,5.2866,-92.2134,-87.9055,1.27356,10.0826,0
16,2053,5,5,3.21767,2542.88,2536.48,0,0,2,2073.09,1796.11,0,156,136,50,1796.11,0.404741,3.21767,10.2267,7.66728,-89.8327,-87.2733,1.27356,10.0826,0
16,2054,5,5,5.80252,1687.17,1692.33,0,0,2,1493.89,1171.15,0,156,136,50,1171.15,7.30934,5.80252,14.9866,14.2532,-83.2468,-82.5134,1.27356,10.0826,0
16,2055,5,5,28.4018,628.297,633.673,0,0,2,460.478,689.475,0,156,136,50,689.475,15.7641,28.4018,36.6618,22.0679,-75.4321,-60.8382,1.27356,10.0826,0
16,2056,5,5,2.56859,2354.28,2358.91,0,0,2,997.25,2339.24,0,156,136,50,2339.24,8.59806,2.56859,9.82418,15.5724,-81.9276,-87.6758,1.27356,10.0826,0
16,2057,5,5,2.85257,2340.51,2341.9,0,0,2,1788.8,1814.09,0,156,136,50,1814.09,6.36818,2.85257,10.4328,13.4081,-84.0919,-87.0672,1.27356,10.0826,0
16,2058,5,5,14.7264,1162.08,1174.39,0,0,2,303.641,1300,0,156,136,50,1300,13.8305,14.7264,20.1879,21.5009,-75.9991,-77.3121,1.27356,10.0826,0
16,2049,5,5,5.38074,2081.54,1791.67,0,0,4,1769.8,1456.01,0,391,313,50,1456.01,7.73013,5.38074,14.8239,12.9195,-84.5805,-82.6761,1.27356,10.0826,0
16,2050,5,5,14.5863,2129.43,1826.67,0,0,4,1978.8,1214.73,0,391,313,50,1214.73,-0.540399,14.5863,22.0514,7.44539,-90.0546,-75.4486,1.27356,10.0826,0
16,2051,5,5,18.2265,1375.75,1152.78,0,0,4,483.673,1460.96,0,391,313,50,1460.96,19.8909,18.2265,25.9293,26.4118,-71.0882,-71.5707,1.27356,10.0826,0
16,2052,5,5,5.30741,1778.05,1554.62,0,0,4,646.901,1845.59,0,391,313,50,1845.59,-3.72211,5.30741,11.8864,5.2866,-92.2134,-85.6136,1.27356,10.0826,0
16,2053,5,5,5.30376,2542.88,2243.11,0,0,4,2073.09,1796.11,0,391,313,50,1796.11,0.404741,5.30376,12.3128,7.66728,-89.8327,-85.1872,1.27356,10.0826,0
16,2054,5,5,9.04148,1687.17,1398.31,0,0,4,1493.89,1171.15,0,391,313,50,1171.15,7.30934,9.04148,18.2255,14.2532,-83.2468,-79.2745,1.27356,10.0826,0
16,2055,5,5,36.8111,628.297,386.084,0,0,4,460.478,689.475,0,391,313,50,689.475,15.7641,36.8111,45.0712,22.0679,-75.4321,-52.4288,1.27356,10.0826,0
16,2056,5,5,4.41637,2354.28,2115.58,0,0,4,997.25,2339.24,0,391,313,50,2339.24,8.59806,4.41637,11.672,15.5724,-81.9276,-85.828,1.27356,10.0826,0
16,2057,5,5,5.09765,2340.51,2051.73,0,0,4,1788.8,1814.09,0,391,313,50,1814.09,6.36818,5.09765,12.6779,13.4081,-84.0919,-84.8221,1.27356,10.0826,0
16,2058,5,5,17.5889,1162.08,992.114,0,0,4,303.641,1300,0,391,313,50,1300,13.8305,17.5889,23.0505,21.5009,-75.9991,-74.4495,1.27356,10.0826,0
16,2049,5,5,2.80334,2085.49,2085.49,0,0,4,1769.8,1456.01,0,156,136,50,1456.01,2.80334,2.80334,12.2465,12.2465,-85.2535,-85.2535,1.27356,10.0826,0
16,2050,5,5,12.0694,2118.67,2118.67,0,0,4,1978.8,1214.73,0,156,136,50,1214.73,12.0694,12.0694,19.5345,19.5345,-77.9655,-77.9655,1.27356,10.0826,0
16,2051,5,5,15.3487,1365.79,1365.79,0,0,4,483.673,1460.96,0,156,136,50,1460.96,15.3487,15.3487,23.0516,23.0516,-74.4484,-74.4484,1.27356,10.0826,0
16,2052,5,5,3.01553,1779.38,1779.38,0,0,4,646.901,1845.59,0,156,136,50,1845.59,3.01553,3.01553,9.59453,9.59453,-87.9055,-87.9055,1.27356,10.0826,0
16,2053,5,5,3.21767,2536.48,2536.48,0,0,4,2073.09,1796.11,0,156,136,50,1796.11,3.21767,3.21767,10.2267,10.2267,-87.2733,-87.2733,1.27356,10.0826,0
16,2054,5,5,5.80252,1692.33,1692.33,0,0,4,1493.89,1171.15,0,156,136,50,1171.15,5.80252,5.80252,14.9866,14.9866,-82.5134,-82.5134,1.27356,10.0826,0
16,2055,5,5,28.4018,633.673,633.673,0,0,4,460.478,689.475,0,156,136,50,689.475,28.4018,28.4018,36.6618,36.6618,-60.8382,-60.8382,1.27356,10.0826,0
16,2056,5,5,2.56859,2358.91,2358.91,0,0,4,997.25,2339.24,0,156,136,50,2339.24,2.56859,2.56859,9.82418,9.82418,-87.6758,-87.6758,1.27356,10.0826,0
16,2057,5,5,2.85257,2341.9,2341.9,0,0,4,1788.8,1814.09,0,156,136,50,1814.09,2.85257,2.85257,10.4328,10.4328,-87.0672,-87.0672,1.27356,10.0826,0
16,2058,5,5,14.7264,1174.39,1174.39,0,0,4,303.641,1300,0,156,136,50,1300,14.7264,14.7264,20.1879,20.1879,-77.3121,-77.3121,1.27356,10.0826,0
17,2049,5,5,10.4539,2085.49,2089.69,0,0,4,1770.59,1461.68,0,156,136,50,1461.68,2.80334,10.4539,17.6406,12.2465,-85.2535,-79.8594,1.27356,10.0826,0
17,2050,5,5,7.58953,2118.67,2118.24,0,0,5,1978.21,1214.88,0,156,136,50,1214.88,12.0694,7.58953,18.9808,19.5345,-77.9655,-78.5192,1.27356,10.0826,0
17,2051,5,5,22.1547,1365.79,1359.17,0,0,5,477.979,1455.53,0,156,136,50,1455.53,15.3487,22.1547,29.4164,23.0516,-74.4484,-68.0836,1.27356,10.0826,0
17,2052,5,5,2.21632,1779.38,1783.2,0,0,4,666.399,1843.86,0,156,136,50,1843.86,3.01553,2.21632,9.69941,9.59453,-87.9055,-87.8006,1.27356,10.0826,0
17,2053,5,5,20.0039,2536.48,2523.55,0,0,5,2059.45,1792.1,0,156,136,50,1792.1,3.21767,20.0039,28.0074,10.2267,-87.2733,-69.4926,1.27356,10.0826,0
17,2054,5,5,4.05559,1692.33,1697.59,0,0,4,1494.46,1178.99,0,156,136,50,1178.99,5.80252,4.05559,11.8807,14.9866,-82.5134,-85.6193,1.27356,10.0826,0
17,2055,5,5,40.3849,633.673,639.069,0,0,1,459.509,696.171,0,156,136,50,696.171,28.4018,40.3849,47.9102,36.6618,-60.8382,-49.5898,1.27356,10.0826,0
17,2056,5,5,3.62412,2358.91,2363.55,0,0,4,1001.69,2342.51,0,156,136,50,2342.51,2.56859,3.62412,12.8716,9.82418,-87.6758,-84.6284,1.27356,10.0826,0
17,2057,5,5,1.21965,2341.9,2343.3,0,0,4,1791.02,1813.87,0,156,136,50,1813.87,2.85257,1.21965,7.72181,10.4328,-87.0672,-89.7782,1.27356,10.0826,0
17,2058,5,5,9.06554,1174.39,1194.32,0,0,4,322.315,1317.62,0,156,136,50,1317.62,14.7264,9.06554,16.7726,20.1879,-77.3121,-80.7274,1.27356,10.0826,0
17,2049,5,5,13.0255,2085.49,1795.89,0,0,2,1770.59,1461.68,0,391,313,50,1461.68,2.80334,13.0255,20.2122,12.2465,-85.2535,-77.2878,1.27356,10.0826,0
17,2050,5,5,10.107,2118.67,1826.24,0,0,2,1978.21,1214.88,0,391,313,50,1214.88,12.0694,10.107,21.4983,19.5345,-77.9655,-76.0017,1.27356,10.0826,0
17,2051,5,5,25.0364,1365.79,1146.93,0,0,2,477.979,1455.53,0,391,313,50,1455.53,15.3487,25.0364,32.298,23.0516,-74.4484,-65.202,1.27356,10.0826,0
17,2052,5,5,4.52685,1779.38,1556.24,0,0,2,666.399,1843.86,0,391,313,50,1843.86,3.01553,4.52685,12.0099,9.59453,-87.9055,-85.4901,1.27356,10.0826,0
17,2053,5,5,22.1009,2536.48,2230.24,0,0,2,2059.45,1792.1,0,391,313,50,1792.1,3.21767,22.1009,30.1044,10.2267,-87.2733,-67.3956,1.27356,10.0826,0
17,2054,5,5,7.28329,1692.33,1403.59,0,0,2,1494.46,1178.99,0,391,313,50,1178.99,5.80252,7.28329,15.1084,14.9866,-82.5134,-82.3916,1.27356,10.0826,0
17,2055,5,5,48.6608,633.673,392.445,0,0,2,459.509,696.171,0,391,313,50,696.171,28.4018,48.6608,56.1861,36.6618,-60.8382,-41.3139,1.27356,10.0826,0
17,2056,5,5,5.46993,2358.91,2119.99,0,0,2,1001.69,2342.51,0,391,313,50,2342.51,2.56859,5.46993,14.7174,9.82418,-87.6758,-82.7826,1.27356,10.0826,0
17,2057,5,5,3.46361,2341.9,2053.09,0,0,2,1791.02,1813.87,0,391,313,50,1813.87,2.85257,3.46361,9.96577,10.4328,-87.0672,-87.5342,1.27356,10.0826,0
17,2058,5,5,11.9406,1174.39,1008.21,0,0,2,322.315,1317.62,0,391,313,50,1317.62,14.7264,11.9406,19.6477,20.1879,-77.3121,-77.8523,1.27356,10.0826,0
17,2049,5,5,10.4539,2085.49,2089.69,0,0,2,1770.59,1461.68,0,156,136,50,1461.68,2.80334,10.4539,17.6406,12.2465,-85.2535,-79.8594,1.27356,10.0826,0
17,2050,5,5,7.58953,2118.67,2118.24,0,0,2,1978.21,1214.88,0,156,136,50,1214.88,12.0694,7.58953,18.9808,19.5345,-77.9655,-78.5192,1.27356,10.0826,0
17,2051,5,5,22.1547,1365.79,1359.17,0,0,2,477.979,1455.53,0,156,136,50,1455.53,15.3487,22.1547,29.4164,23.0516,-74.4484,-68.0836,1.27356,10.0826,0
17,2052,5,5,2.21632,1779.38,1783.2,0,0,2,666.399,1843.86,0,156,136,50,1843.86,3.01553,2.21632,9.69941,9.59453,-87.9055,-87.8006,1.27356,10.0826,0
17,2053,5,5,20.0039,2536.48,2523.55,0,0,2,2059.45,1792.1,0,156,136,50,1792.1,3.21767,20.0039,28.0074,10.2267,-87.2733,-69.4926,1.27356,10.0826,0
17,2054,5,5,4.05559,1692.33,1697.59,0,0,2,1494.46,1178.99,0,156,136,50,1178.99,5.80252,4.05559,11.8807,14.9866,-82.5134,-85.6193,1.27356,10.0826,0
17,2055,5,5,40.3849,633.673,639.069,0,0,2,459.509,696.171,0,156,136,50,696.171,28.4018,40.3849,47.9102,36.6618,-60.8382,-49.5898,1.27356,10.0826,0
17,2056,5,5,3.62412,2358.91,2363.55,0,0,2,1001.69,2342.51,0,156,136,50,2342.51,2.56859,3.62412,12.8716,9.82418,-87.6758,-84.6284,1.27356,10.0826,0
17,2057,5,5,1.21965,2341.9,2343.3,0,0,2,1791.02,1813.87,0,156,136,50,1813.87,2.85257,1.21965,7.72181,10.4328,-87.0672,-89.7782,1.27356,10.0826,0
17,2058,5,5,9.06554,1174.39,1194.32,0,0,2,322.315,1317.62,0,156,136,50,1317.62,14.7264,9.06554,16.7726,20.1879,-77.3121,-80.7274,1.27356,10.0826,0
17,2049,5,5,13.0255,2085.49,1795.89,0,0,4,1770.59,1461.68,0,391,313,50,1461.68,2.80334,13.0255,20.2122,12.2465,-85.2535,-77.2878,1.27356,10.0826,0
17,2050,5,5,10.107,2118.67,1826.24,0,0,4,1978.21,1214.88,0,391,313,50,1214.88,12.0694,10.107,21.4983,19.5345,-77.9655,-76.0017,1.27356,10.0826,0
17,2051,5,5,25.0364,1365.79,1146.93,0,0,4,477.979,1455.53,0,391,313,50,1455.53,15.3487,25.0364,32.298,23.0516,-74.4484,-65.202,1.27356,10.0826,0
17,2052,5,5,4.52685,1779.38,1556.24,0,0,4,666.399,1843.86,0,391,313,50,1843.86,3.01553,4.52685,12.0099,9.59453,-87.9055,-85.4901,1.27356,10.0826,0
17,2053,5,5,22.1009,2536.48,2230.24,0,0,4,2059.45,1792.1,0,391,313,50,1792.1,3.21767,22.1009,30.1044,10.2267,-87.2733,-67.3956,1.27356,10.0826,0
17,2054,5,5,7.28329,1692.33,1403.59,0,0,4,1494.46,1178.99,0,391,313,50,1178.99,5.80252,7.28329,15.1084,14.9866,-82.5134,-82.3916,1.27356,10.0826,0
17,2055,5,5,48.6608,633.673,392.445,0,0,4,459.509,696.171,0,391,313,50,696.171,28.4018,48.6608,56.1861,36.6618,-60.8382,-41.3139,1.27356,10.0826,0
17,2056,5,5,5.46993,2358.91,2119.99,0,0,4,1001.69,2342.51,0,391,313,50,2342.51,2.56859,5.46993,14.7174,9.82418,-87.6758,-82.7826,1.27356,10.0826,0
17,2057,5,5,3.46361,2341.9,2053.09,0,0,4,1791.02,1813.87,0,391,313,50,1813.87,2.85257,3.46361,9.96577,10.4328,-87.0672,-87.5342,1.27356,10.0826,0
17,2058,5,5,11.9406,1174.39,1008.21,0,0,4,322.315,1317.62,0,391,313,50,1317.62,14.7264,11.9406,19.6477,20.1879,-77.3121,-77.8523,1.27356,10.0826,0
17,2049,5,5,10.4539,2089.69,2089.69,0,0,4,1770.59,1461.68,0,156,136,50,1461.68,10.4539,10.4539,17.6406,17.6406,-79.8594,-79.8594,1.27356,10.0826,0
17,2050,5,5,7.58953,2118.24,2118.24,0,0,4,1978.21,1214.88,0,156,136,50,1214.88,7.58953,7.58953,18.9808,18.9808,-78.5192,-78.5192,1.27356,10.0826,0
17,2051,5,5,22.1547,1359.17,1359.17,0,0,4,477.979,1455.53,0,156,136,50,1455.53,22.1547,22.1547,29.4164,29.4164,-68.0836,-68.0836,1.27356,10.0826,0
17,2052,5,5,2.21632,1783.2,1783.2,0,0,4,666.399,1843.86,0,156,136,50,1843.86,2.21632,2.21632,9.69941,9.69941,-87.8006,-87.8006,1.27356,10.0826,0
17,2053,5,5,20.0039,2523.55,2523.55,0,0,4,2059.45,1792.1,0,156,136,50,1792.1,20.0039,20.0039,28.0074,28.0074,-69.4926,-69.4926,1.27356,10.0826,0
17,2054,5,5,4.05559,1697.59,1697.59,0,0,4,1494.46,1178.99,0,156,136,50,1178.99,4.05559,4.05559,11.8807,11.8807,-85.6193,-85.6193,1.27356,10.0826,0
17,2055,5,5,40.3849,639.069,639.069,0,0,4,459.509,696.171,0,156,136,50,696.171,40.3849,40.3849,47.9102,47.9102,-49.5898,-49.5898,1.27356,10.0826,0
17,2056,5,5,3.62412,2363.55,2363.55,0,0,4,1001.69,2342.51,0,156,136,50,2342.51,3.62412,3.62412,12.8716,12.8716,-84.6284,-84.6284,1.27356,10.0826,0
17,2057,5,5,1.21965,2343.3,2343.3,0,0,4,1791.02,1813.87,0,156,136,50,1813.87,1.21965,1.21965,7.72181,7.72181,-89.7782,-89.7782,1.27356,10.0826,0
17,2058,5,5,9.06554,1194.32,1194.32,0,0,4,322.315,1317.62,0,156,136,50,1317.62,9.06554,9.06554,16.7726,16.7726,-80.7274,-80.7274,1.27356,10.0826,0
18,2049,5,5,10.7946,2089.69,2093.91,0,0,4,1771.38,1467.36,0,156,136,50,1467.36,10.4539,10.7946,18.1462,17.6406,-79.8594,-79.3538,1.27356,10.0826,0
18,2050,5,5,2.25251,2118.24,2102.67,0,0,1,1957.62,1219,0,156,136,50,1219,7.58953,2.25251,7.43064,18.9808,-78.5192,-90.0694,1.27356,10.0826,0
18,2051,5,5,21.1845,1359.17,1359.24,0,0,5,474.343,1456.48,0,156,136,50,1456.48,22.1547,21.1845,27.0727,29.4164,-68.0836,-70.4273,1.27356,10.0826,0
18,2052,5,5,-3.00477,1783.2,1785.68,0,0,4,678.509,1842.79,0,156,136,50,1842.79,2.21632,-3.00477,6.08638,9.69941,-87.8006,-91.4136,1.27356,10.0826,0
18,2053,5,5,-1.45749,2523.55,2517.28,0,0,5,2053.19,1789.74,0,156,136,50,1789.74,20.0039,-1.45749,4.59626,28.0074,-69.4926,-92.9037,1.27356,10.0826,0
18,2054,5,5,5.93333,1697.59,1702.88,0,0,4,1495.03,1186.85,0,156,136,50,1186.85,4.05559,5.93333,11.1713,11.8807,-85.6193,-86.3287,1.27356,10.0826,0
18,2055,5,5,30.4906,639.069,644.495,0,0,1,458.54,702.872,0,156,136,50,702.872,40.3849,30.4906,39.3707,47.9102,-49.5898,-58.1293,1.27356,10.0826,0
18,2056,5,5,14.3044,2363.55,2371.36,0,0,4,1013.01,2346.52,0,156,136,50,2346.52,3.62412,14.3044,21.4076,12.8716,-84.6284,-76.0924,1.27356,10.0826,0
18,2057,5,5,5.61952,2343.3,2344.7,0,0,4,1793.25,1813.66,0,156,136,50,1813.66,1.21965,5.61952,12.9481,7.72181,-89.7782,-84.5519,1.27356,10.0826,0
18,2058,5,5,6.83223,1194.32,1205.91,0,0,4,333.11,1327.79,0,156,136,50,1327.79,9.06554,6.83223,14.6891,16.7726,-80.7274,-82.8109,1.27356,10.0826,0
18,2049,5,5,13.3603,2089.69,1800.13,0,0,2,1771.38,1467.36,0,391,313,50,1467.36,10.4539,13.3603,20.7119,17.6406,-79.8594,-76.7881,1.27356,10.0826,0
18,2050,5,5,4.79235,2118.24,1810.43,0,0,2,1957.62,1219,0,391,313,50,1219,7.58953,4.79235,9.97048,18.9808,-78.5192,-87.5295,1.27356,10.0826,0
18,2051,5,5,24.0569,1359.17,1147.61,0,0,2,474.343,1456.48,0,391,313,50,1456.48,22.1547,24.0569,29.9451,29.4164,-68.0836,-67.5549,1.27356,10.0826,0
18,2052,5,5,-0.68303,1783.2,1557.37,0,0,2,678.509,1842.79,0,391,313,50,1842.79,2.21632,-0.68303,8.40812,9.69941,-87.8006,-89.0919,1.27356,10.0826,0
18,2053,5,5,0.644938,2523.55,2223.99,0,0,2,2053.19,1789.74,0,391,313,50,1789.74,20.0039,0.644938,6.69869,28.0074,-69.4926,-90.8013,1.27356,10.0826,0
18,2054,5,5,9.14973,1697.59,1408.9,0,0,2,1495.03,1186.85,0,391,313,50,1186.85,4.05559,9.14973,14.3877,11.8807,-85.6193,-83.1123,1.27356,10.0826,0
18,2055,5,5,38.6363,639.069,398.825,0,0,2,458.54,702.872,0,391,313,50,702.872,40.3849,38.6363,47.5164,47.9102,-49.5898,-49.9836,1.27356,10.0826,0
18,2056,5,5,16.1493,2363.55,2127.11,0,0,2,1013.01,2346.52,0,391,313,50,2346.52,3.62412,16.1493,23.2525,12.8716,-84.6284,-74.2475,1.27356,10.0826,0
18,2057,5,5,7.86237,2343.3,2054.45,0,0,2,1793.25,1813.66,0,391,313,50,1813.66,1.21965,7.86237,15.191,7.72181,-89.7782,-82.309,1.27356,10.0826,0
18,2058,5,5,9.71283,1194.32,1017.67,0,0,2,333.11,1327.79,0,391,313,50,1327.79,9.06554,9.71283,17.5697,16.7726,-80.7274,-79.9303,1.27356,10.0826,0
18,2049,5,5,10.7946,2089.69,2093.91,0,0,2,1771.38,1467.36,0,156,136,50,1467.36,10.4539,10.7946,18.1462,17.6406,-79.8594,-79.3538,1.27356,10.0826,0
18,2050,5,5,2.25251,2118.24,2102.67,0,0,2,1957.62,1219,0,156,136,50,1219,7.58953,2.25251,7.43064,18.9808,-78.5192,-90.0694,1.27356,10.0826,0
18,2051,5,5,21.1845,1359.17,1359.24,0,0,2,474.343,1456.48,0,156,136,50,1456.48,22.1547,21.1845,27.0727,29.4164,-68.0836,-70.4273,1.27356,10.0826,0
18,2052,5,5,-3.00477,1783.2,1785.68,0,0,2,678.509,1842.79,0,156,136,50,1842.79,2.21632,-3.00477,6.08638,9.69941,-87.8006,-91.4136,1.27356,10.0826,0
18,2053,5,5,-1.45749,2523.55,2517.28,0,0,2,2053.19,1789.74,0,156,136,50,1789.74,20.0039,-1.45749,4.59626,28.0074,-69.4926,-92.9037,1.27356,10.0826,0
18,2054,5,5,5.93333,1697.59,1702.88,0,0,2,1495.03,1186.85,0,156,136,50,1186.85,4.05559,5.93333,11.1713,11.8807,-85.6193,-86.3287,1.27356,10.0826,0
18,2055,5,5,30.4906,639.069,644.495,0,0,2,458.54,702.872,0,156,136,50,702.872,40.3849,30.4906,39.3707,47.9102,-49.5898,-58.1293,1.27356,10.0826,0
18,2056,5,5,14.3044,2363.55,2371.36,0,0,2,1013.01,2346.52,0,156,136,50,2346.52,3.62412,14.3044,21.4076,12.8716,-84.6284,-76.0924,1.27356,10.0826,0
18,2057,5,5,5.61952,2343.3,2344.7,0,0,2,1793.25,1813.66,0,156,136,50,1813.66,1.21965,5.61952,12.9481,7.72181,-89.7782,-84.5519,1.27356,10.0826,0
18,2058,5,5,6.83223,1194.32,1205.91,0,0,2,333.11,1327.79,0,156,136,50,1327.79,9.06554,6.83223,14.6891,16.7726,-80.7274,-82.8109,1.27356,10.0826,0
18,2049,5,5,13.3603,2089.69,1800.13,0,0,4,1771.38,1467.36,0,391,313,50,1467.36,10.4539,13.3603,20.7119,17.6406,-79.8594,-76.7881,1.27356,10.0826,0
18,2050,5,5,4.79235,2118.24,1810.43,0,0,4,1957.62,1219,0,391,313,50,1219,7.58953,4.79235,9.97048,18.9808,-78.5192,-87.5295,1.27356,10.0826,0
18,2051,5,5,24.0569,1359.17,1147.61,0,0,4,474.343,1456.48,0,391,313,50,1456.48,22.1547,24.0569,29.9451,29.4164,-68.0836,-67.5549,1.27356,10.0826,0
18,2052,5,5,-0.68303,1783.2,1557.37,0,0,4,678.509,1842.79,0,391,313,50,1842.79,2.21632,-0.68303,8.40812,9.69941,-87.8006,-89.0919,1.27356,10.0826,0
18,2053,5,5,0.644938,2523.55,2223.99,0,0,4,2053.19,1789.74,0,391,313,50,1789.74,20.0039,0.644938,6.69869,28.0074,-69.4926,-90.8013,1.27356,10.0826,0
18,2054,5,5,9.14973,1697.59,1408.9,0,0,4,1495.03,1186.85,0,391,313,50,1186.85,4.05559,9.14973,14.3877,11.8807,-85.6193,-83.1123,1.27356,10.0826,0
18,2055,5,5,38.6363,639.069,398.825,0,0,4,458.54,702.872,0,391,313,50,702.872,40.3849,38.6363,47.5164,47.9102,-49.5898,-49.9836,1.27356,10.0826,0
18,2056,5,5,16.1493,2363.55,2127.11,0,0,4,1013.01,2346.52,0,391,313,50,2346.52,3.62412,16.1493,23.2525,12.8716,-84.6284,-74.2475,1.27356,10.0826,0
18,2057,5,5,7.86237,2343.3,2054.45,0,0,4,1793.25,1813.66,0,391,313,50,1813.66,1.21965,7.86237,15.191,7.72181,-89.7782,-82.309,1.27356,10.0826,0
18,2058,5,5,9.71283,1194.32,1017.67,0,0,4,333.11,1327.79,0,391,313,50,1327.79,9.06554,9.71283,17.5697,16.7726,-80.7274,-79.9303,1.27356,10.0826,0
18,2049,5,5,10.7946,2093.91,2093.91,0,0,4,1771.38,1467.36,0,156,136,50,1467.36,10.7946,10.7946,18.1462,18.1462,-79.3538,-79.3538,1.27356,10.0826,0
18,2050,5,5,2.25251,2102.67,2102.67,0,0,4,1957.62,1219,0,156,136,50,1219,2.25251,2.25251,7.43064,7.43064,-90.0694,-90.0694,1.27356,10.0826,0
18,2051,5,5,21.1845,1359.24,1359.24,0,0,4,474.343,1456.48,0,156,136,50,1456.48,21.1845,21.1845,27.0727,27.0727,-70.4273,-70.4273,1.27356,10.0826,0
18,2052,5,5,-3.00477,1785.68,1785.68,0,0,4,678.509,1842.79,0,156,136,50,1842.79,-3.00477,-3.00477,6.08638,6.08638,-91.4136,-91.4136,1.27356,10.0826,0
18,2053,5,5,-1.45749,2517.28,2517.28,0,0,4,2053.19,1789.74,0,156,136,50,1789.74,-1.45749,-1.45749,4.59626,4.59626,-92.9037,-92.9037,1.27356,10.0826,0
18,2054,5,5,5.93333,1702.88,1702.88,0,0,4,1495.03,1186.85,0,156,136,50,1186.85,5.93333,5.93333,11.1713,11.1713,-86.3287,-86.3287,1.27356,10.0826,0
18,2055,5,5,30.4906,644.495,644.495,0,0,4,458.54,702.872,0,156,136,50,702.872,30.4906,30.4906,39.3707,39.3707,-58.1293,-58.1293,1.27356,10.0826,0
18,2056,5,5,14.3044,2371.36,2371.36,0,0,4,1013.01,2346.52,0,156,136,50,2346.52,14.3044,14.3044,21.4076,21.4076,-76.0924,-76.0924,1.27356,10.0826,0
18,2057,5,5,5.61952,2344.7,2344.7,0,0,4,1793.25,1813.66,0,156,136,50,1813.66,5.61952,5.61952,12.9481,12.9481,-84.5519,-84.5519,1.27356,10.0826,0
18,2058,5,5,6.83223,1205.91,1205.91,0,0,4,333.11,1327.79,0,156,136,50,1327.79,6.83223,6.83223,14.6891,14.6891,-82.8109,-82.8109,1.27356,10.0826,0
19,2049,5,5,-1.4115,2093.91,2098.36,0,0,4,1772.52,1472.96,0,156,136,50,1472.96,10.7946,-1.4115,6.97475,18.1462,-79.3538,-90.5253,1.27356,10.0826,0
19,2050,5,5,7.72971,2102.67,2095.19,0,0,1,1948.01,1220.45,0,156,136,50,1220.45,2.25251,7.72971,13.8356,7.43064,-90.0694,-83.6644,1.27356,10.0826,0
19,2051,5,5,21.6311,1359.24,1366.36,0,0,4,480.479,1462.33,0,156,136,50,1462.33,21.1845,21.6311,29.7915,27.0727,-70.4273,-67.7085,1.27356,10.0826,0
19,2052,5,5,12.1235,1785.68,1788.23,0,0,4,690.625,1841.71,0,156,136,50,1841.71,-3.00477,12.1235,19.8444,6.08638,-91.4136,-77.6556,1.27356,10.0826,0
19,2053,5,5,3.17326,2517.28,2510.99,0,0,5,2046.91,1787.37,0,156,136,50,1787.37,-1.45749,3.17326,11.3197,4.59626,-92.9037,-86.1803,1.27356,10.0826,0
19,2054,5,5,2.8478,1702.88,1708.29,0,0,4,1495.73,1194.71,0,156,136,50,1194.71,5.93333,2.8478,9.52324,11.1713,-86.3287,-87.9768,1.27356,10.0826,0
19,2055,5,5,34.2298,644.495,649.942,0,0,1,457.571,709.567,0,156,136,50,709.567,30.4906,34.2298,39.768,39.3707,-58.1293,-57.732,1.27356,10.0826,0
19,2056,5,5,2.73833,2371.36,2369.08,0,0,4,1015.24,2343.2,0,156,136,50,2343.2,14.3044,2.73833,8.54848,21.4076,-76.0924,-88.9515,1.27356,10.0826,0
19,2057,5,5,-1.77247,2344.7,2346.1,0,0,4,1795.48,1813.44,0,156,136,50,1813.44,5.61952,-1.77247,6.21637,12.9481,-84.5519,-91.2836,1.27356,10.0826,0
19,2058,5,5,20.4206,1205.91,1217.59,0,0,4,343.91,1337.96,0,156,136,50,1337.96,6.83223,20.4206,28.7728,14.6891,-82.8109,-68.7272,1.27356,10.0826,0
19,2049,5,5,1.1481,2093.91,1804.61,0,0,2,1772.52,1472.96,0,391,313,50,1472.96,10.7946,1.1481,9.53436,18.1462,-79.3538,-87.9656,1.27356,10.0826,0
19,2050,5,5,10.2803,2102.67,1802.84,0,0,2,1948.01,1220.45,0,391,313,50,1220.45,2.25251,10.2803,16.3861,7.43064,-90.0694,-81.1139,1.27356,10.0826,0
19,2051,5,5,24.4996,1359.24,1153.9,0,0,2,480.479,1462.33,0,391,313,50,1462.33,21.1845,24.4996,32.6599,27.0727,-70.4273,-64.8401,1.27356,10.0826,0
19,2052,5,5,14.4561,1785.68,1558.6,0,0,2,690.625,1841.71,0,391,313,50,1841.71,-3.00477,14.4561,22.1771,6.08638,-91.4136,-75.3229,1.27356,10.0826,0
19,2053,5,5,5.28112,2517.28,2217.73,0,0,2,2046.91,1787.37,0,391,313,50,1787.37,-1.45749,5.28112,13.4276,4.59626,-92.9037,-84.0724,1.27356,10.0826,0
19,2054,5,5,6.05269,1702.88,1414.34,0,0,2,1495.73,1194.71,0,391,313,50,1194.71,5.93333,6.05269,12.7281,11.1713,-86.3287,-84.7719,1.27356,10.0826,0
19,2055,5,5,42.2487,644.495,405.212,0,0,2,457.571,709.567,0,391,313,50,709.567,30.4906,42.2487,47.7869,39.3707,-58.1293,-49.7131,1.27356,10.0826,0
19,2056,5,5,4.58696,2371.36,2124.59,0,0,2,1015.24,2343.2,0,391,313,50,2343.2,14.3044,4.58696,10.3971,21.4076,-76.0924,-87.1029,1.27356,10.0826,0
19,2057,5,5,0.469262,2344.7,2055.82,0,0,2,1795.48,1813.44,0,391,313,50,1813.44,5.61952,0.469262,8.4581,12.9481,-84.5519,-89.0419,1.27356,10.0826,0
19,2058,5,5,23.3054,1205.91,1027.26,0,0,2,343.91,1337.96,0,391,313,50,1337.96,6.83223,23.3054,31.6576,14.6891,-82.8109,-65.8424,1.27356,10.0826,0
19,2049,5,5,-1.4115,2093.91,2098.36,0,0,2,1772.52,1472.96,0,156,136,50,1472.96,10.7946,-1.4115,6.97475,18.1462,-79.3538,-90.5253,1.27356,10.0826,0
19,2050,5,5,7.72971,2102.67,2095.19,0,0,2,1948.01,1220.45,0,156,136,50,1220.45,2.25251,7.72971,13.8356,7.43064,-90.0694,-83.6644,1.27356,10.0826,0
19,2051,5,5,21.6311,1359.24,1366.36,0,0,2,480.479,1462.33,0,156,136,50,1462.33,21.1845,21.6311,29.7915,27.0727,-70.4273,-67.7085,1.27356,10.0826,0
19,2052,5,5,12.1235,1785.68,1788.23,0,0,2,690.625,1841.71,0,156,136,50,1841.71,-3.00477,12.1235,19.8444,6.08638,-91.4136,-77.6556,1.27356,10.0826,0
19,2053,5,5,3.17326,2517.28,2510.99,0,0,2,2046.91,1787.37,0,156,136,50,1787.37,-1.45749,3.17326,11.3197,4.59626,-92.9037,-86.1803,1.27356,10.0826,0
19,2054,5,5,2.8478,1702.88,1708.29,0,0,2,1495.73,1194.71,0,156,136,50,1194.71,5.93333,2.8478,9.52324,11.1713,-86.3287,-87.9768,1.27356,10.0826,0
19,2055,5,5,34.2298,644.495,649.942,0,0,2,457.571,709.567,0,156,136,50,709.567,30.4906,34.2298,39.768,39.3707,-58.1293,-57.732,1.27356,10.0826,0
19,2056,5,5,2.73833,2371.36,2369.08,0,0,2,1015.24,2343.2,0,156,136,50,2343.2,14.3044,2.73833,8.54848,21.4076,-76.0924,-88.9515,1.27356,10.0826,0
19,2057,5,5,-1.77247,2344.7,2346.1,0,0,2,1795.48,1813.44,0,156,136,50,1813.44,5.61952,-1.77247,6.21637,12.9481,-84.5519,-91.2836,1.27356,10.0826,0
19,2058,5,5,20.4206,1205.91,1217.59,0,0,2,343.91,1337.96,0,156,136,50,1337.96,6.83223,20.4206,28.7728,14.6891,-82.8109,-68.7272,1.27356,10.0826,0
19,2049,5,5,1.1481,2093.91,1804.61,0,0,4,1772.52,1472.96,0,391,313,50,1472.96,10.7946,1.1481,9.53436,18.1462,-79.3538,-87.9656,1.27356,10.0826,0
19,2050,5,5,10.2803,2102.67,1802.84,0,0,4,1948.01,1220.45,0,391,313,50,1220.45,2.25251,10.2803,16.3861,7.43064,-90.0694,-81.1139,1.27356,10.0826,0
19,2051,5,5,24.4996,1359.24,1153.9,0,0,4,480.479,1462.33,0,391,313,50,1462.33,21.1845,24.4996,32.6599,27.0727,-70.4273,-64.8401,1.27356,10.0826,0
19,2052,5,5,14.4561,1785.68,1558.6,0,0,4,690.625,1841.71,0,391,313,50,1841.71,-3.00477,14.4561,22.1771,6.08638,-91.4136,-75.3229,1.27356,10.0826,0
19,2053,5,5,5.28112,2517.28,2217.73,0,0,4,2046.91,1787.37,0,391,313,50,1787.37,-1.45749,5.28112,13.4276,4.59626,-92.9037,-84.0724,1.27356,10.0826,0
19,2054,5,5,6.05269,1702.88,1414.34,0,0,4,1495.73,1194.71,0,391,313,50,1194.71,5.93333,6.05269,12.7281,11.1713,-86.3287,-84.7719,1.27356,10.0826,0
19,2055,5,5,42.2487,644.495,405.212,0,0,4,457.571,709.567,0,391,313,50,709.567,30.4906,42.2487,47.7869,39.3707,-58.1293,-49.7131,1.27356,10.0826,0
19,2056,5,5,4.58696,2371.36,2124.59,0,0,4,1015.24,2343.2,0,391,313,50,2343.2,14.3044,4.58696,10.3971,21.4076,-76.0924,-87.1029,1.27356,10.0826,0
19,2057,5,5,0.469262,2344.7,2055.82,0,0,4,1795.48,1813.44,0,391,313,50,1813.44,5.61952,0.469262,8.4581,12.9481,-84.5519,-89.0419,1.27356,10.0826,0
19,2058,5,5,23.3054,1205.91,1027.26,0,0,4,343.91,1337.96,0,391,313,50,1337.96,6.83223,23.3054,31.6576,14.6891,-82.8109,-65.8424,1.27356,10.0826,0
19,2049,5,5,-1.4115,2098.36,2098.36,0,0,4,1772.52,1472.96,0,156,136,50,1472.96,-1.4115,-1.4115,6.97475,6.97475,-90.5253,-90.5253,1.27356,10.0826,0
19,2050,5,5,7.72971,2095.19,2095.19,0,0,4,1948.01,1220.45,0,156,136,50,1220.45,7.72971,7.72971,13.8356,13.8356,-83.6644,-83.6644,1.27356,10.0826,0
19,2051,5,5,21.6311,1366.36,1366.36,0,0,4,480.479,1462.33,0,156,136,50,1462.33,21.6311,21.6311,29.7915,29.7915,-67.7085,-67.7085,1.27356,10.0826,0
19,2052,5,5,12.1235,1788.23,1788.23,0,0,4,690.625,1841.71,0,156,136,50,1841.71,12.1235,12.1235,19.8444,19.8444,-77.6556,-77.6556,1.27356,10.0826,0
19,2053,5,5,3.17326,2510.99,2510.99,0,0,4,2046.91,1787.37,0,156,136,50,1787.37,3.17326,3.17326,11.3197,11.3197,-86.1803,-86.1803,1.27356,10.0826,0
19,2054,5,5,2.8478,1708.29,1708.29,0,0,4,1495.73,1194.71,0,156,136,50,1194.71,2.8478,2.8478,9.52324,9.52324,-87.9768,-87.9768,1.27356,10.0826,0
19,2055,5,5,34.2298,649.942,649.942,0,0,4,457.571,709.567,0,156,136,50,709.567,34.2298,34.2298,39.768,39.768,-57.732,-57.732,1.27356,10.0826,0
19,2056,5,5,2.73833,2369.08,2369.08,0,0,4,1015.24,2343.2,0,156,136,50,2343.2,2.73833,2.73833,8.54848,8.54848,-88.9515,-88.9515,1.27356,10.0826,0
19,2057,5,5,-1.77247,2346.1,2346.1,0,0,4,1795.48,1813.44,0,156,136,50,1813.44,-1.77247,-1.77247,6.21637,6.21637,-91.2836,-91.2836,1.27356,10.0826,0
19,2058,5,5,20.4206,1217.59,1217.59,0,0,4,343.91,1337.96,0,156,136,50,1337.96,20.4206,20.4206,28.7728,28.7728,-68.7272,-68.7272,1.27356,10.0826,0
20,2049,5,5,3.1385,2098.36,2102.74,0,0,4,1773.53,1478.61,0,156,136,50,1478.61,-1.4115,3.1385,11.7685,6.97475,-90.5253,-85.7315,1.27356,10.0826,0
20,2050,5,5,1.29079,2095.19,2079.14,0,0,5,1927.31,1223.56,0,156,136,50,1223.56,7.72971,1.29079,10.9073,13.8356,-83.6644,-86.5927,1.27356,10.0826,0
20,2051,5,5,15.4936,1366.36,1375.01,0,0,4,487.903,1469.41,0,156,136,50,1469.41,21.6311,15.4936,23.0563,29.7915,-67.7085,-74.4437,1.27356,10.0826,0
20,2052,5,5,5.05809,1788.23,1790.41,0,0,1,702.674,1840.18,0,156,136,50,1840.18,12.1235,5.05809,12.456,19.8444,-77.6556,-85.044,1.27356,10.0826,0
20,2053,5,5,14.2628,2510.99,2504.74,0,0,5,2040.67,1785.02,0,156,136,50,1785.02,3.17326,14.2628,21.0785,11.3197,-86.1803,-76.4215,1.27356,10.0826,0
20,2054,5,5,20.7446,1708.29,1714.07,0,0,4,1496.94,1202.5,0,156,136,50,1202.5,2.8478,20.7446,26.7509,9.52324,-87.9768,-70.7491,1.27356,10.0826,0
20,2055,5,5,20.8843,649.942,655.436,0,0,5,456.598,716.291,0,156,136,50,716.291,34.2298,20.8843,27.8384,39.768,-57.732,-69.6616,1.27356,10.0826,0
20,2056,5,5,16.874,2369.08,2366.81,0,0,1,1017.47,2339.9,0,156,136,50,2339.9,2.73833,16.874,23.8711,8.54848,-88.9515,-73.6289,1.27356,10.0826,0
20,2057,5,5,-6.38301,2346.1,2347.51,0,0,1,1797.71,1813.23,0,156,136,50,1813.23,-1.77247,-6.38301,2.47164,6.21637,-91.2836,-95.0284,1.27356,10.0826,0
20,2058,5,5,19.3182,1217.59,1229.33,0,0,5,354.712,1348.13,0,156,136,50,1348.13,20.4206,19.3182,24.949,28.7728,-68.7272,-72.551,1.27356,10.0826,0
20,2049,5,5,5.6921,2098.36,1809.01,0,0,2,1773.53,1478.61,0,391,313,50,1478.61,-1.4115,5.6921,14.3221,6.97475,-90.5253,-83.1779,1.27356,10.0826,0
20,2050,5,5,3.86466,2095.19,1786.58,0,0,2,1927.31,1223.56,0,391,313,50,1223.56,7.72971,3.86466,13.4812,13.8356,-83.6644,-84.0188,1.27356,10.0826,0
20,2051,5,5,18.357,1366.36,1161.54,0,0,2,487.903,1469.41,0,391,313,50,1469.41,21.6311,18.357,25.9197,29.7915,-67.7085,-71.5803,1.27356,10.0826,0
20,2052,5,5,7.40207,1788.23,1559.46,0,0,2,702.674,1840.18,0,391,313,50,1840.18,12.1235,7.40207,14.8,19.8444,-77.6556,-82.7,1.27356,10.0826,0
20,2053,5,5,16.3761,2510.99,2211.5,0,0,2,2040.67,1785.02,0,391,313,50,1785.02,3.17326,16.3761,23.1918,11.3197,-86.1803,-74.3082,1.27356,10.0826,0
20,2054,5,5,23.9372,1708.29,1420.14,0,0,2,1496.94,1202.5,0,391,313,50,1202.5,2.8478,23.9372,29.9436,9.52324,-87.9768,-67.5564,1.27356,10.0826,0
20,2055,5,5,28.779,649.942,411.639,0,0,2,456.598,716.291,0,391,313,50,716.291,34.2298,28.779,35.7331,39.768,-57.732,-61.7669,1.27356,10.0826,0
20,2056,5,5,18.7264,2369.08,2122.09,0,0,2,1017.47,2339.9,0,391,313,50,2339.9,2.73833,18.7264,25.7235,8.54848,-88.9515,-71.7765,1.27356,10.0826,0
20,2057,5,5,-4.14241,2346.1,2057.19,0,0,2,1797.71,1813.23,0,391,313,50,1813.23,-1.77247,-4.14241,4.71224,6.21637,-91.2836,-92.7878,1.27356,10.0826,0
20,2058,5,5,22.2063,1217.59,1036.97,0,0,2,354.712,1348.13,0,391,313,50,1348.13,20.4206,22.2063,27.837,28.7728,-68.7272,-69.663,1.27356,10.0826,0
20,2049,5,5,3.1385,2098.36,2102.74,0,0,2,1773.53,1478.61,0,156,136,50,1478.61,-1.4115,3.1385,11.7685,6.97475,-90.5253,-85.7315,1.27356,10.0826,0
20,2050,5,5,1.29079,2095.19,2079.14,0,0,2,1927.31,1223.56,0,156,136,50,1223.56,7.72971,1.29079,10.9073,13.8356,-83.6644,-86.5927,1.27356,10.0826,0
20,2051,5,5,15.4936,1366.36,1375.01,0,0,2,487.903,1469.41,0,156,136,50,1469.41,21.6311,15.4936,23.0563,29.7915,-67.7085,-74.4437,1.27356,10.0826,0
20,2052,5,5,5.05809,1788.23,1790.41,0,0,2,702.674,1840.18,0,156,136,50,1840.18,12.1235,5.05809,12.456,19.8444,-77.6556,-85.044,1.27356,10.0826,0
20,2053,5,5,14.2628,2510.99,2504.74,0,0,2,2040.67,1785.02,0,156,136,50,1785.02,3.17326,14.2628,21.0785,11.3197,-86.1803,-76.4215,1.27356,10.0826,0
20,2054,5,5,20.7446,1708.29,1714.07,0,0,2,1496.94,1202.5,0,156,136,50,1202.5,2.8478,20.7446,26.7509,9.52324,-87.9768,-70.7491,1.27356,10.0826,0
20,2055,5,5,20.8843,649.942,655.436,0,0,2,456.598,716.291,0,156,136,50,716.291,34.2298,20.8843,27.8384,39.768,-57.732,-69.6616,1.27356,10.0826,0
20,2056,5,5,16.874,2369.08,2366.81,0,0,2,1017.47,2339.9,0,156,136,50,2339.9,2.73833,16.874,23.8711,8.54848,-88.9515,-73.6289,1.27356,10.0826,0
20,2057,5,5,-6.38301,2346.1,2347.51,0,0,2,1797.71,1813.23,0,156,136,50,1813.23,-1.77247,-6.38301,2.47164,6.21637,-91.2836,-95.0284,1.27356,10.0826,0
20,2058,5,5,19.3182,1217.59,1229.33,0,0,2,354.712,1348.13,0,156,136,50,1348.13,20.4206,19.3182,24.949,28.7728,-68.7272,-72.551,1.27356,10.0826,0
20,2049,5,5,5.6921,2098.36,1809.01,0,0,4,1773.53,1478.61,0,391,313,50,1478.61,-1.4115,5.6921,14.3221,6.97475,-90.5253,-83.1779,1.27356,10.0826,0
20,2050,5,5,3.86466,2095.19,1786.58,0,0,4,1927.31,1223.56,0,391,313,50,1223.56,7.72971,3.86466,13.4812,13.8356,-83.6644,-84.0188,1.27356,10.0826,0
20,2051,5,5,18.357,1366.36,1161.54,0,0,4,487.903,1469.41,0,391,313,50,1469.41,21.6311,18.357,25.9197,29.7915,-67.7085,-71.5803,1.27356,10.0826,0
20,2052,5,5,7.40207,1788.23,1559.46,0,0,4,702.674,1840.18,0,391,313,50,1840.18,12.1235,7.40207,14.8,19.8444,-77.6556,-82.7,1.27356,10.0826,0
20,2053,5,5,16.3761,2510.99,2211.5,0,0,4,2040.67,1785.02,0,391,313,50,1785.02,3.17326,16.3761,23.1918,11.3197,-86.1803,-74.3082,1.27356,10.0826,0
20,2054,5,5,23.9372,1708.29,1420.14,0,0,4,1496.94,1202.5,0,391,313,50,1202.5,2.8478,23.9372,29.9436,9.52324,-87.9768,-67.5564,1.27356,10.0826,0
20,2055,5,5,28.779,649.942,411.639,0,0,4,456.598,716.291,0,391,313,50,716.291,34.2298,28.779,35.7331,39.768,-57.732,-61.7669,1.27356,10.0826,0
20,2056,5,5,18.7264,2369.08,2122.09,0,0,4,1017.47,2339.9,0,391,313,50,2339.9,2.73833,18.7264,25.7235,8.54848,-88.9515,-71.7765,1.27356,10.0826,0
20,2057,5,5,-4.14241,2346.1,2057.19,0,0,4,1797.71,1813.23,0,391,313,50,1813.23,-1.77247,-4.14241,4.71224,6.21637,-91.2836,-92.7878,1.27356,10.0826,0
20,2058,5,5,22.2063,1217.59,1036.97,0,0,4,354.712,1348.13,0,391,313,50,1348.13,20.4206,22.2063,27.837,28.7728,-68.7272,-69.663,1.27356,10.0826,0
20,2049,5,5,3.1385,2102.74,2102.74,0,0,4,1773.53,1478.61,0,156,136,50,1478.61,3.1385,3.1385,11.7685,11.7685,-85.7315,-85.7315,1.27356,10.0826,0
20,2050,5,5,1.29079,2079.14,2079.14,0,0,4,1927.31,1223.56,0,156,136,50,1223.56,1.29079,1.29079,10.9073,10.9073,-86.5927,-86.5927,1.27356,10.0826,0
20,2051,5,5,15.4936,1375.01,1375.01,0,0,4,487.903,1469.41,0,156,136,50,1469.41,15.4936,15.4936,23.0563,23.0563,-74.4437,-74.4437,1.27356,10.0826,0
20,2052,5,5,5.05809,1790.41,1790.41,0,0,4,702.674,1840.18,0,156,136,50,1840.18,5.05809,5.05809,12.456,12.456,-85.044,-85.044,1.27356,10.0826,0
20,2053,5,5,14.2628,2504.74,2504.74,0,0,4,2040.67,1785.02,0,156,136,50,1785.02,14.2628,14.2628,21.0785,21.0785,-76.4215,-76.4215,1.27356,10.0826,0
20,2054,5,5,20.7446,1714.07,1714.07,0,0,4,1496.94,1202.5,0,156,136,50,1202.5,20.7446,20.7446,26.7509,26.7509,-70.7491,-70.7491,1.27356,10.0826,0
20,2055,5,5,20.8843,655.436,655.436,0,0,4,456.598,716.291,0,156,136,50,716.291,20.8843,20.8843,27.8384,27.8384,-69.6616,-69.6616,1.27356,10.0826,0
20,2056,5,5,16.874,2366.81,2366.81,0,0,4,1017.47,2339.9,0,156,136,50,2339.9,16.874,16.874,23.8711,23.8711,-73.6289,-73.6289,1.27356,10.0826,0
20,2057,5,5,-6.38301,2347.51,2347.51,0,0,4,1797.71,1813.23,0,156,136,50,1813.23,-6.38301,-6.38301,2.47164,2.47164,-95.0284,-95.0284,1.27356,10.0826,0
20,2058,5,5,19.3182,1229.33,1229.33,0,0,4,354.712,1348.13,0,156,136,50,1348.13,19.3182,19.3182,24.949,24.949,-72.551,-72.551,1.27356,10.0826,0
21,2049,5,5,1.49076,2102.74,2107.78,0,0,4,1775.7,1483.89,0,156,136,50,1483.89,3.1385,1.49076,7.67807,11.7685,-85.7315,-89.8219,1.27356,10.0826,0
21,2050,5,5,9.1067,2079.14,2069.55,0,0,5,1914.89,1225.43,0,156,136,50,1225.43,1.29079,9.1067,18.8919,10.9073,-86.5927,-78.6081,1.27356,10.0826,0
21,2051,5,5,19.9555,1375.01,1385.15,0,0,4,496.585,1477.69,0,156,136,50,1477.69,15.4936,19.9555,27.3396,23.0563,-74.4437,-70.1604,1.27356,10.0826,0
21,2052,5,5,22.1543,1790.41,1791.96,0,0,4,714.612,1837.94,0,156,136,50,1837.94,5.05809,22.1543,28.2396,12.456,-85.044,-69.2604,1.27356,10.0826,0
21,2053,5,5,12.0346,2504.74,2498.56,0,0,1,2034.33,1782.87,0,156,136,50,1782.87,14.2628,12.0346,19.243,21.0785,-76.4215,-78.257,1.27356,10.0826,0
21,2054,5,5,12.1083,1714.07,1719.87,0,0,4,1498.14,1210.29,0,156,136,50,1210.29,20.7446,12.1083,20.5448,26.7509,-70.7491,-76.9552,1.27356,10.0826,0
21,2055,5,5,17.8525,655.436,660.951,0,0,1,455.626,723.01,0,156,136,50,723.01,20.8843,17.8525,26.3524,27.8384,-69.6616,-71.1476,1.27356,10.0826,0
21,2056,5,5,6.60685,2366.81,2356.86,0,0,5,1014.45,2330.39,0,156,136,50,2330.39,16.874,6.60685,12.8873,23.8711,-73.6289,-84.6127,1.27356,10.0826,0
21,2057,5,5,0.0924678,2347.51,2348.92,0,0,4,1799.95,1813.01,0,156,136,50,1813.01,-6.38301,0.0924678,7.26584,2.47164,-95.0284,-90.2342,1.27356,10.0826,0
21,2058,5,5,17.5326,1229.33,1241.14,0,0,4,365.514,1358.31,0,156,136,50,1358.31,19.3182,17.5326,23.0628,24.949,-72.551,-74.4372,1.27356,10.0826,0
21,2049,5,5,4.03758,2102.74,1814.08,0,0,2,1775.7,1483.89,0,391,313,50,1483.89,3.1385,4.03758,10.2249,11.7685,-85.7315,-87.2751,1.27356,10.0826,0
21,2050,5,5,11.6946,2079.14,1776.87,0,0,2,1914.89,1225.43,0,391,313,50,1225.43,1.29079,11.6946,21.4798,10.9073,-86.5927,-76.0202,1.27356,10.0826,0
21,2051,5,5,22.8127,1375.01,1170.54,0,0,2,496.585,1477.69,0,391,313,50,1477.69,15.4936,22.8127,30.1968,23.0563,-74.4437,-67.3032,1.27356,10.0826,0
21,2052,5,5,24.5104,1790.41,1559.7,0,0,2,714.612,1837.94,0,391,313,50,1837.94,5.05809,24.5104,30.5957,12.456,-85.044,-66.9043,1.27356,10.0826,0
21,2053,5,5,14.1532,2504.74,2205.35,0,0,2,2034.33,1782.87,0,391,313,50,1782.87,14.2628,14.1532,21.3616,21.0785,-76.4215,-76.1384,1.27356,10.0826,0
21,2054,5,5,15.2888,1714.07,1425.97,0,0,2,1498.14,1210.29,0,391,313,50,1210.29,20.7446,15.2888,23.7253,26.7509,-70.7491,-73.7747,1.27356,10.0826,0
21,2055,5,5,25.6263,655.436,418.072,0,0,2,455.626,723.01,0,391,313,50,723.01,20.8843,25.6263,34.1261,27.8384,-69.6616,-63.3739,1.27356,10.0826,0
21,2056,5,5,8.46764,2366.81,2112.12,0,0,2,1014.45,2330.39,0,391,313,50,2330.39,16.874,8.46764,14.7481,23.8711,-73.6289,-82.7519,1.27356,10.0826,0
21,2057,5,5,2.33195,2347.51,2058.56,0,0,2,1799.95,1813.01,0,391,313,50,1813.01,-6.38301,2.33195,9.50531,2.47164,-95.0284,-87.9947,1.27356,10.0826,0
21,2058,5,5,20.4226,1229.33,1046.81,0,0,2,365.514,1358.31,0,391,313,50,1358.31,19.3182,20.4226,25.9529,24.949,-72.551,-71.5471,1.27356,10.0826,0
21,2049,5,5,1.49076,2102.74,2107.78,0,0,2,1775.7,1483.89,0,156,136,50,1483.89,3.1385,1.49076,7.67807,11.7685,-85.7315,-89.8219,1.27356,10.0826,0
21,2050,5,5,9.1067,2079.14,2069.55,0,0,2,1914.89,1225.43,0,156,136,50,1225.43,1.29079,9.1067,18.8919,10.9073,-86.5927,-78.6081,1.27356,10.0826,0
21,2051,5,5,19.9555,1375.01,1385.15,0,0,2,496.585,1477.69,0,156,136,50,1477.69,15.4936,19.9555,27.3396,23.0563,-74.4437,-70.1604,1.27356,10.0826,0
21,2052,5,5,22.1543,1790.41,1791.96,0,0,2,714.612,1837.94,0,156,136,50,1837.94,5.05809,22.1543,28.2396,12.456,-85.044,-69.2604,1.27356,10.0826,0
21,2053,5,5,12.0346,2504.74,2498.56,0,0,2,2034.33,1782.87,0,156,136,50,1782.87,14.2628,12.0346,19.243,21.0785,-76.4215,-78.257,1.27356,10.0826,0
21,2054,5,5,12.1083,1714.07,1719.87,0,0,2,1498.14,1210.29,0,156,136,50,1210.29,20.7446,12.1083,20.5448,26.7509,-70.7491,-76.9552,1.27356,10.0826,0
21,2055,5,5,17.8525,655.436,660.951,0,0,2,455.626,723.01,0,156,136,50,723.01,20.8843,17.8525,26.3524,27.8384,-69.6616,-71.1476,1.27356,10.0826,0
21,2056,5,5,6.60685,2366.81,2356.86,0,0,2,1014.45,2330.39,0,156,136,50,2330.39,16.874,6.60685,12.8873,23.8711,-73.6289,-84.6127,1.27356,10.0826,0
21,2057,5,5,0.0924678,2347.51,2348.92,0,0,2,1799.95,1813.01,0,156,136,50,1813.01,-6.38301,0.0924678,7.26584,2.47164,-95.0284,-90.2342,1.27356,10.0826,0
21,2058,5,5,17.5326,1229.33,1241.14,0,0,2,365.514,1358.31,0,156,136,50,1358.31,19.3182,17.5326,23.0628,24.949,-72.551,-74.4372,1.27356,10.0826,0
21,2049,5,5,4.03758,2102.74,1814.08,0,0,4,1775.7,1483.89,0,391,313,50,1483.89,3.1385,4.03758,10.2249,11.7685,-85.7315,-87.2751,1.27356,10.0826,0
21,2050,5,5,11.6946,2079.14,1776.87,0,0,4,1914.89,1225.43,0,391,313,50,1225.43,1.29079,11.6946,21.4798,10.9073,-86.5927,-76.0202,1.27356,10.0826,0
21,2051,5,5,22.8127,1375.01,1170.54,0,0,4,496.585,1477.69,0,391,313,50,1477.69,15.4936,22.8127,30.1968,23.0563,-74.4437,-67.3032,1.27356,10.0826,0
21,2052,5,5,24.5104,1790.41,1559.7,0,0,4,714.612,1837.94,0,391,313,50,1837.94,5.05809,24.5104,30.5957,12.456,-85.044,-66.9043,1.27356,10.0826,0
21,2053,5,5,14.1532,2504.74,2205.35,0,0,4,2034.33,1782.87,0,391,313,50,1782.87,14.2628,14.1532,21.3616,21.0785,-76.4215,-76.1384,1.27356,10.0826,0
21,2054,5,5,15.2888,1714.07,1425.97,0,0,4,1498.14,1210.29,0,391,313,50,1210.29,20.7446,15.2888,23.7253,26.7509,-70.7491,-73.7747,1.27356,10.0826,0
21,2055,5,5,25.6263,655.436,418.072,0,0,4,455.626,723.01,0,391,313,50,723.01,20.8843,25.6263,34.1261,27.8384,-69.6616,-63.3739,1.27356,10.0826,0
21,2056,5,5,8.46764,2366.81,2112.12,0,0,4,1014.45,2330.39,0,391,313,50,2330.39,16.874,8.46764,14.7481,23.8711,-73.6289,-82.7519,1.27356,10.0826,0
21,2057,5,5,2.33195,2347.51,2058.56,0,0,4,1799.95,1813.01,0,391,313,50,1813.01,-6.38301,2.33195,9.50531,2.47164,-95.0284,-87.9947,1.27356,10.0826,0
21,2058,5,5,20.4226,1229.33,1046.81,0,0,4,365.514,1358.31,0,391,313,50,1358.31,19.3182,20.4226,25.9529,24.949,-72.551,-71.5471,1.27356,10.0826,0
21,2049,5,5,1.49076,2107.78,2107.78,0,0,4,1775.7,1483.89,0,156,136,50,1483.89,1.49076,1.49076,7.67807,7.67807,-89.8219,-89.8219,1.27356,10.0826,0
21,2050,5,5,9.1067,2069.55,2069.55,0,0,4,1914.89,1225.43,0,156,136,50,1225.43,9.1067,9.1067,18.8919,18.8919,-78.6081,-78.6081,1.27356,10.0826,0
21,2051,5,5,19.9555,1385.15,1385.15,0,0,4,496.585,1477.69,0,156,136,50,1477.69,19.9555,19.9555,27.3396,27.3396,-70.1604,-70.1604,1.27356,10.0826,0
21,2052,5,5,22.1543,1791.96,1791.96,0,0,4,714.612,1837.94,0,156,136,50,1837.94,22.1543,22.1543,28.2396,28.2396,-69.2604,-69.2604,1.27356,10.0826,0
21,2053,5,5,12.0346,2498.56,2498.56,0,0,4,2034.33,1782.87,0,156,136,50,1782.87,12.0346,12.0346,19.243,19.243,-78.257,-78.257,1.27356,10.0826,0
21,2054,5,5,12.1083,1719.87,1719.87,0,0,4,1498.14,1210.29,0,156,136,50,1210.29,12.1083,12.1083,20.5448,20.5448,-76.9552,-76.9552,1.27356,10.0826,0
21,2055,5,5,17.8525,660.951,660.951,0,0,4,455.626,723.01,0,156,136,50,723.01,17.8525,17.8525,26.3524,26.3524,-71.1476,-71.1476,1.27356,10.0826,0
21,2056,5,5,6.60685,2356.86,2356.86,0,0,4,1014.45,2330.39,0,156,136,50,2330.39,6.60685,6.60685,12.8873,12.8873,-84.6127,-84.6127,1.27356,10.0826,0
21,2057,5,5,0.0924678,2348.92,2348.92,0,0,4,1799.95,1813.01,0,156,136,50,1813.01,0.0924678,0.0924678,7.26584,7.26584,-90.2342,-90.2342,1.27356,10.0826,0
21,2058,5,5,17.5326,1241.14,1241.14,0,0,4,365.514,1358.31,0,156,136,50,1358.31,17.5326,17.5326,23.0628,23.0628,-74.4372,-74.4372,1.27356,10.0826,0
22,2049,5,5,10.5064,2107.78,2113.24,0,0,4,1778.87,1488.62,0,156,136,50,1488.62,1.49076,10.5064,18.3542,7.67807,-89.8219,-79.1458,1.27356,10.0826,0
22,2050,5,5,6.26697,2069.55,2059.99,0,0,1,1902.47,1227.29,0,156,136,50,1227.29,9.1067,6.26697,13.9325,18.8919,-78.6081,-83.5675,1.27356,10.0826,0
22,2051,5,5,18.2629,1385.15,1396.07,0,0,4,505.915,1486.59,0,156,136,50,1486.59,19.9555,18.2629,24.5535,27.3396,-70.1604,-72.9465,1.27356,10.0826,0
22,2052,5,5,13.3772,1791.96,1787.04,0,0,4,724.369,1829.5,0,156,136,50,1829.5,22.1543,13.3772,19.7094,28.2396,-69.2604,-77.7906,1.27356,10.0826,0
22,2053,5,5,5.41352,2498.56,2492.61,0,0,1,2027.83,1781.26,0,156,136,50,1781.26,12.0346,5.41352,10.9946,19.243,-78.257,-86.5054,1.27356,10.0826,0
22,2054,5,5,15.4143,1719.87,1725.69,0,0,4,1499.35,1218.1,0,156,136,50,1218.1,12.1083,15.4143,24.0472,20.5448,-76.9552,-73.4528,1.27356,10.0826,0
22,2055,5,5,19.7471,660.951,666.464,0,0,1,454.659,729.698,0,156,136,50,729.698,17.8525,19.7471,27.4538,26.3524,-71.1476,-70.0462,1.27356,10.0826,0
22,2056,5,5,15.8672,2356.86,2352.25,0,0,1,1009.95,2327.19,0,156,136,50,2327.19,6.60685,15.8672,22.1275,12.8873,-84.6127,-75.3725,1.27356,10.0826,0
22,2057,5,5,-2.71254,2348.92,2350.33,0,0,4,1802.18,1812.8,0,156,136,50,1812.8,0.0924678,-2.71254,5.1274,7.26584,-90.2342,-92.3726,1.27356,10.0826,0
22,2058,5,5,11.9388,1241.14,1253.01,0,0,4,376.307,1368.47,0,156,136,50,1368.47,17.5326,11.9388,17.7113,23.0628,-74.4372,-79.7887,1.27356,10.0826,0
22,2049,5,5,13.046,2107.78,1819.55,0,0,2,1778.87,1488.62,0,391,313,50,1488.62,1.49076,13.046,20.8938,7.67807,-89.8219,-76.6062,1.27356,10.0826,0
22,2050,5,5,8.869,2069.55,1767.19,0,0,2,1902.47,1227.29,0,391,313,50,1227.29,9.1067,8.869,16.5346,18.8919,-78.6081,-80.9654,1.27356,10.0826,0
22,2051,5,5,21.113,1385.15,1180.26,0,0,2,505.915,1486.59,0,391,313,50,1486.59,19.9555,21.113,27.4037,27.3396,-70.1604,-70.0963,1.27356,10.0826,0
22,2052,5,5,15.754,1791.96,1553.52,0,0,2,724.369,1829.5,0,391,313,50,1829.5,22.1543,15.754,22.0861,28.2396,-69.2604,-75.4139,1.27356,10.0826,0
22,2053,5,5,7.53731,2498.56,2199.43,0,0,2,2027.83,1781.26,0,391,313,50,1781.26,12.0346,7.53731,13.1184,19.243,-78.257,-84.3816,1.27356,10.0826,0
22,2054,5,5,18.5826,1719.87,1431.83,0,0,2,1499.35,1218.1,0,391,313,50,1218.1,12.1083,18.5826,27.2155,20.5448,-76.9552,-70.2845,1.27356,10.0826,0
22,2055,5,5,27.4033,660.951,424.488,0,0,2,454.659,729.698,0,391,313,50,729.698,17.8525,27.4033,35.1101,26.3524,-71.1476,-62.3899,1.27356,10.0826,0
22,2056,5,5,17.7299,2356.86,2107.74,0,0,2,1009.95,2327.19,0,391,313,50,2327.19,6.60685,17.7299,23.9903,12.8873,-84.6127,-73.5097,1.27356,10.0826,0
22,2057,5,5,-0.474183,2348.92,2059.93,0,0,2,1802.18,1812.8,0,391,313,50,1812.8,0.0924678,-0.474183,7.36575,7.26584,-90.2342,-90.1343,1.27356,10.0826,0
22,2058,5,5,14.8298,1241.14,1056.76,0,0,2,376.307,1368.47,0,391,313,50,1368.47,17.5326,14.8298,20.6024,23.0628,-74.4372,-76.8976,1.27356,10.0826,0
22,2049,5,5,10.5064,2107.78,2113.24,0,0,2,1778.87,1488.62,0,156,136,50,1488.62,1.49076,10.5064,18.3542,7.67807,-89.8219,-79.1458,1.27356,10.0826,0
22,2050,5,5,6.26697,2069.55,2059.99,0,0,2,1902.47,1227.29,0,156,136,50,1227.29,9.1067,6.26697,13.9325,18.8919,-78.6081,-83.5675,1.27356,10.0826,0
22,2051,5,5,18.2629,1385.15,1396.07,0,0,2,505.915,1486.59,0,156,136,50,1486.59,19.9555,18.2629,24.5535,27.3396,-70.1604,-72.9465,1.27356,10.0826,0
22,2052,5,5,13.3772,1791.96,1787.04,0,0,2,724.369,1829.5,0,156,136,50,1829.5,22.1543,13.3772,19.7094,28.2396,-69.2604,-77.7906,1.27356,10.0826,0
22,2053,5,5,5.41352,2498.56,2492.61,0,0,2,2027.83,1781.26,0,156,136,50,1781.26,12.0346,5.41352,10.9946,19.243,-78.257,-86.5054,1.27356,10.0826,0
22,2054,5,5,15.4143,1719.87,1725.69,0,0,2,1499.35,1218.1,0,156,136,50,1218.1,12.1083,15.4143,24.0472,20.5448,-76.9552,-73.4528,1.27356,10.0826,0
22,2055,5,5,19.7471,660.951,666.464,0,0,2,454.659,729.698,0,156,136,50,729.698,17.8525,19.7471,27.4538,26.3524,-71.1476,-70.0462,1.27356,10.0826,0
22,2056,5,5,15.8672,2356.86,2352.25,0,0,2,1009.95,2327.19,0,156,136,50,2327.19,6.60685,15.8672,22.1275,12.8873,-84.6127,-75.3725,1.27356,10.0826,0
22,2057,5,5,-2.71254,2348.92,2350.33,0,0,2,1802.18,1812.8,0,156,136,50,1812.8,0.0924678,-2.71254,5.1274,7.26584,-90.2342,-92.3726,1.27356,10.0826,0
22,2058,5,5,11.9388,1241.14,1253.01,0,0,2,376.307,1368.47,0,156,136,50,1368.47,17.5326,11.9388,17.7113,23.0628,-74.4372,-79.7887,1.27356,10.0826,0
22,2049,5,5,13.046,2107.78,1819.55,0,0,4,1778.87,1488.62,0,391,313,50,1488.62,1.49076,13.046,20.8938,7.67807,-89.8219,-76.6062,1.27356,10.0826,0
22,2050,5,5,8.869,2069.55,1767.19,0,0,4,1902.47,1227.29,0,391,313,50,1227.29,9.1067,8.869,16.5346,18.8919,-78.6081,-80.9654,1.27356,10.0826,0
22,2051,5,5,21.113,1385.15,1180.26,0,0,4,505.915,1486.59,0,391,313,50,1486.59,19.9555,21.113,27.4037,27.3396,-70.1604,-70.0963,1.27356,10.0826,0
22,2052,5,5,15.754,1791.96,1553.52,0,0,4,724.369,1829.5,0,391,313,50,1829.5,22.1543,15.754,22.0861,28.2396,-69.2604,-75.4139,1.27356,10.0826,0
22,2053,5,5,7.53731,2498.56,2199.43,0,0,4,2027.83,1781.26,0,391,313,50,1781.26,12.0346,7.53731,13.1184,19.243,-78.257,-84.3816,1.27356,10.0826,0
22,2054,5,5,18.5826,1719.87,1431.83,0,0,4,1499.35,1218.1,0,391,313,50,1218.1,12.1083,18.5826,27.2155,20.5448,-76.9552,-70.2845,1.27356,10.0826,0
22,2055,5,5,27.4033,660.951,424.488,0,0,4,454.659,729.698,0,391,313,50,729.698,17.8525,27.4033,35.1101,26.3524,-71.1476,-62.3899,1.27356,10.0826,0
22,2056,5,5,17.7299,2356.86,2107.74,0,0,4,1009.95,2327.19,0,391,313,50,2327.19,6.60685,17.7299,23.9903,12.8873,-84.6127,-73.5097,1.27356,10.0826,0
22,2057,5,5,-0.474183,2348.92,2059.93,0,0,4,1802.18,1812.8,0,391,313,50,1812.8,0.0924678,-0.474183,7.36575,7.26584,-90.2342,-90.1343,1.27356,10.0826,0
22,2058,5,5,14.8298,1241.14,1056.76,0,0,4,376.307,1368.47,0,391,313,50,1368.47,17.5326,14.8298,20.6024,23.0628,-74.4372,-76.8976,1.27356,10.0826,0
22,2049,5,5,10.5064,2113.24,2113.24,0,0,4,1778.87,1488.62,0,156,136,50,1488.62,10.5064,10.5064,18.3542,18.3542,-79.1458,-79.1458,1.27356,10.0826,0
22,2050,5,5,6.26697,2059.99,2059.99,0,0,4,1902.47,1227.29,0,156,136,50,1227.29,6.26697,6.26697,13.9325,13.9325,-83.5675,-83.5675,1.27356,10.0826,0
22,2051,5,5,18.2629,1396.07,1396.07,0,0,4,505.915,1486.59,0,156,136,50,1486.59,18.2629,18.2629,24.5535,24.5535,-72.9465,-72.9465,1.27356,10.0826,0
22,2052,5,5,13.3772,1787.04,1787.04,0,0,4,724.369,1829.5,0,156,136,50,1829.5,13.3772,13.3772,19.7094,19.7094,-77.7906,-77.7906,1.27356,10.0826,0
22,2053,5,5,5.41352,2492.61,2492.61,0,0,4,2027.83,1781.26,0,156,136,50,1781.26,5.41352,5.41352,10.9946,10.9946,-86.5054,-86.5054,1.27356,10.0826,0
22,2054,5,5,15.4143,1725.69,1725.69,0,0,4,1499.35,1218.1,0,156,136,50,1218.1,15.4143,15.4143,24.0472,24.0472,-73.4528,-73.4528,1.27356,10.0826,0
22,2055,5,5,19.7471,666.464,666.464,0,0,4,454.659,729.698,0,156,136,50,729.698,19.7471,19.7471,27.4538,27.4538,-70.0462,-70.0462,1.27356,10.0826,0
22,2056,5,5,15.8672,2352.25,2352.25,0,0,4,1009.95,2327.19,0,156,136,50,2327.19,15.8672,15.8672,22.1275,22.1275,-75.3725,-75.3725,1.27356,10.0826,0
22,2057,5,5,-2.71254,2350.33,2350.33,0,0,4,1802.18,1812.8,0,156,136,50,1812.8,-2.71254,-2.71254,5.1274,5.1274,-92.3726,-92.3726,1.27356,10.0826,0
22,2058,5,5,11.9388,1253.01,1253.01,0,0,4,376.307,1368.47,0,156,136,50,1368.47,11.9388,11.9388,17.7113,17.7113,-79.7887,-79.7887,1.27356,10.0826,0
23,2049,5,5,11.8662,2113.24,2118.97,0,0,4,1783.17,1492.41,0,156,136,50,1492.41,10.5064,11.8662,19.3883,18.3542,-79.1458,-78.1117,1.27356,10.0826,0
23,2050,5,5,4.70683,2059.99,2051.07,0,0,1,1890.24,1229.99,0,156,136,50,1229.99,6.26697,4.70683,12.7824,13.9325,-83.5675,-84.7176,1.27356,10.0826,0
23,2051,5,5,13.2178,1396.07,1407.06,0,0,4,515.265,1495.5,0,156,136,50,1495.5,18.2629,13.2178,19.7865,24.5535,-72.9465,-77.7135,1.27356,10.0826,0
23,2052,5,5,10.697,1787.04,1781.8,0,0,4,732.891,1821.08,0,156,136,50,1821.08,13.3772,10.697,18.6666,19.7094,-77.7906,-78.8334,1.27356,10.0826,0
23,2053,5,5,7.91291,2492.61,2486.68,0,0,5,2021.34,1779.65,0,156,136,50,1779.65,5.41352,7.91291,17.0146,10.9946,-86.5054,-80.4854,1.27356,10.0826,0
23,2054,5,5,9.40572,1725.69,1731.53,0,0,4,1500.55,1225.9,0,156,136,50,1225.9,15.4143,9.40572,17.1154,24.0472,-73.4528,-80.3846,1.27356,10.0826,0
23,2055,5,5,27.3764,666.464,682.309,0,0,5,453.461,748.015,0,156,136,50,748.015,19.7471,27.3764,35.9404,27.4538,-70.0462,-61.5596,1.27356,10.0826,0
23,2056,5,5,12.4468,2352.25,2347.65,0,0,1,1005.47,2324,0,156,136,50,2324,15.8672,12.4468,21.148,22.1275,-75.3725,-76.352,1.27356,10.0826,0
23,2057,5,5,8.88155,2350.33,2351.74,0,0,4,1804.41,1812.58,0,156,136,50,1812.58,-2.71254,8.88155,15.3882,5.1274,-92.3726,-82.1118,1.27356,10.0826,0
23,2058,5,5,27.5554,1253.01,1264.94,0,0,4,387.106,1378.65,0,156,136,50,1378.65,11.9388,27.5554,36.0546,17.7113,-79.7887,-61.4454,1.27356,10.0826,0
23,2049,5,5,14.3984,2113.24,1825.28,0,0,2,1783.17,1492.41,0,391,313,50,1492.41,10.5064,14.3984,21.9205,18.3542,-79.1458,-75.5795,1.27356,10.0826,0
23,2050,5,5,7.32228,2059.99,1758.15,0,0,2,1890.24,1229.99,0,391,313,50,1229.99,6.26697,7.32228,15.3978,13.9325,-83.5675,-82.1022,1.27356,10.0826,0
23,2051,5,5,16.0606,1396.07,1190.06,0,0,2,515.265,1495.5,0,391,313,50,1495.5,18.2629,16.0606,22.6293,24.5535,-72.9465,-74.8707,1.27356,10.0826,0
23,2052,5,5,13.0935,1787.04,1547.16,0,0,2,732.891,1821.08,0,391,313,50,1821.08,13.3772,13.0935,21.0631,19.7094,-77.7906,-76.4369,1.27356,10.0826,0
23,2053,5,5,10.0418,2492.61,2193.53,0,0,2,2021.34,1779.65,0,391,313,50,1779.65,5.41352,10.0418,19.1435,10.9946,-86.5054,-78.3565,1.27356,10.0826,0
23,2054,5,5,12.5619,1725.69,1437.7,0,0,2,1500.55,1225.9,0,391,313,50,1225.9,15.4143,12.5619,20.2716,24.0472,-73.4528,-77.2284,1.27356,10.0826,0
23,2055,5,5,34.7333,666.464,442.312,0,0,2,453.461,748.015,0,391,313,50,748.015,19.7471,34.7333,43.2973,27.4538,-70.0462,-54.2027,1.27356,10.0826,0
23,2056,5,5,14.3115,2352.25,2103.38,0,0,2,1005.47,2324,0,391,313,50,2324,15.8672,14.3115,23.0127,22.1275,-75.3725,-74.4873,1.27356,10.0826,0
23,2057,5,5,11.1188,2350.33,2061.3,0,0,2,1804.41,1812.58,0,391,313,50,1812.58,-2.71254,11.1188,17.6254,5.1274,-92.3726,-79.8746,1.27356,10.0826,0
23,2058,5,5,30.4465,1253.01,1066.82,0,0,2,387.106,1378.65,0,391,313,50,1378.65,11.9388,30.4465,38.9456,17.7113,-79.7887,-58.5544,1.27356,10.0826,0
23,2049,5,5,11.8662,2113.24,2118.97,0,0,2,1783.17,1492.41,0,156,136,50,1492.41,10.5064,11.8662,19.3883,18.3542,-79.1458,-78.1117,1.27356,10.0826,0
23,2050,5,5,4.70683,2059.99,2051.07,0,0,2,1890.24,1229.99,0,156,136,50,1229.99,6.26697,4.70683,12.7824,13.9325,-83.5675,-84.7176,1.27356,10.0826,0
23,2051,5,5,13.2178,1396.07,1407.06,0,0,2,515.265,1495.5,0,156,136,50,1495.5,18.2629,13.2178,19.7865,24.5535,-72.9465,-77.7135,1.27356,10.0826,0
23,2052,5,5,10.697,1787.04,1781.8,0,0,2,732.891,1821.08,0,156,136,50,1821.08,13.3772,10.697,18.6666,19.7094,-77.7906,-78.8334,1.27356,10.0826,0
23,2053,5,5,7.91291,2492.61,2486.68,0,0,2,2021.34,1779.65,0,156,136,50,1779.65,5.41352,7.91291,17.0146,10.9946,-86.5054,-80.4854,1.27356,10.0826,0
23,2054,5,5,9.40572,1725.69,1731.53,0,0,2,1500.55,1225.9,0,156,136,50,1225.9,15.4143,9.40572,17.1154,24.0472,-73.4528,-80.3846,1.27356,10.0826,0
23,2055,5,5,27.3764,666.464,682.309,0,0,2,453.461,748.015,0,156,136,50,748.015,19.7471,27.3764,35.9404,27.4538,-70.0462,-61.5596,1.27356,10.0826,0
23,2056,5,5,12.4468,2352.25,2347.65,0,0,2,1005.47,2324,0,156,136,50,2324,15.8672,12.4468,21.148,22.1275,-75.3725,-76.352,1.27356,10.0826,0
23,2057,5,5,8.88155,2350.33,2351.74,0,0,2,1804.41,1812.58,0,156,136,50,1812.58,-2.71254,8.88155,15.3882,5.1274,-92.3726,-82.1118,1.27356,10.0826,0
23,2058,5,5,27.5554,1253.01,1264.94,0,0,2,387.106,1378.65,0,156,136,50,1378.65,11.9388,27.5554,36.0546,17.7113,-79.7887,-61.4454,1.27356,10.0826,0
23,2049,5,5,14.3984,2113.24,1825.28,0,0,4,1783.17,1492.41,0,391,313,50,1492.41,10.5064,14.3984,21.9205,18.3542,-79.1458,-75.5795,1.27356,10.0826,0
23,2050,5,5,7.32228,2059.99,1758.15,0,0,4,1890.24,1229.99,0,391,313,50,1229.99,6.26697,7.32228,15.3978,13.9325,-83.5675,-82.1022,1.27356,10.0826,0
23,2051,5,5,16.0606,1396.07,1190.06,0,0,4,515.265,1495.5,0,391,313,50,1495.5,18.2629,16.0606,22.6293,24.5535,-72.9465,-74.8707,1.27356,10.0826,0
23,2052,5,5,13.0935,1787.04,1547.16,0,0,4,732.891,1821.08,0,391,313,50,1821.08,13.3772,13.0935,21.0631,19.7094,-77.7906,-76.4369,1.27356,10.0826,0
23,2053,5,5,10.0418,2492.61,2193.53,0,0,4,2021.34,1779.65,0,391,313,50,1779.65,5.41352,10.0418,19.1435,10.9946,-86.5054,-78.3565,1.27356,10.0826,0
23,2054,5,5,12.5619,1725.69,1437.7,0,0,4,1500.55,1225.9,0,391,313,50,1225.9,15.4143,12.5619,20.2716,24.0472,-73.4528,-77.2284,1.27356,10.0826,0
23,2055,5,5,34.7333,666.464,442.312,0,0,4,453.461,748.015,0,391,313,50,748.015,19.7471,34.7333,43.2973,27.4538,-70.0462,-54.2027,1.27356,10.0826,0
23,2056,5,5,14.3115,2352.25,2103.38,0,0,4,1005.47,2324,0,391,313,50,2324,15.8672,14.3115,23.0127,22.1275,-75.3725,-74.4873,1.27356,10.0826,0
23,2057,5,5,11.1188,2350.33,2061.3,0,0,4,1804.41,1812.58,0,391,313,50,1812.58,-2.71254,11.1188,17.6254,5.1274,-92.3726,-79.8746,1.27356,10.0826,0
23,2058,5,5,30.4465,1253.01,1066.82,0,0,4,387.106,1378.65,0,391,313,50,1378.65,11.9388,30.4465,38.9456,17.7113,-79.7887,-58.5544,1.27356,10.0826,0
23,2049,5,5,11.8662,2118.97,2118.97,0,0,4,1783.17,1492.41,0,156,136,50,1492.41,11.8662,11.8662,19.3883,19.3883,-78.1117,-78.1117,1.27356,10.0826,0
23,2050,5,5,4.70683,2051.07,2051.07,0,0,4,1890.24,1229.99,0,156,136,50,1229.99,4.70683,4.70683,12.7824,12.7824,-84.7176,-84.7176,1.27356,10.0826,0
23,2051,5,5,13.2178,1407.06,1407.06,0,0,4,515.265,1495.5,0,156,136,50,1495.5,13.2178,13.2178,19.7865,19.7865,-77.7135,-77.7135,1.27356,10.0826,0
23,2052,5,5,10.697,1781.8,1781.8,0,0,4,732.891,1821.08,0,156,136,50,1821.08,10.697,10.697,18.6666,18.6666,-78.8334,-78.8334,1.27356,10.0826,0
23,2053,5,5,7.91291,2486.68,2486.68,0,0,4,2021.34,1779.65,0,156,136,50,1779.65,7.91291,7.91291,17.0146,17.0146,-80.4854,-80.4854,1.27356,10.0826,0
23,2054,5,5,9.40572,1731.53,1731.53,0,0,4,1500.55,1225.9,0,156,136,50,1225.9,9.40572,9.40572,17.1154,17.1154,-80.3846,-80.3846,1.27356,10.0826,0
23,2055,5,5,27.3764,682.309,682.309,0,0,4,453.461,748.015,0,156,136,50,748.015,27.3764,27.3764,35.9404,35.9404,-61.5596,-61.5596,1.27356,10.0826,0
23,2056,5,5,12.4468,2347.65,2347.65,0,0,4,1005.47,2324,0,156,136,50,2324,12.4468,12.4468,21.148,21.148,-76.352,-76.352,1.27356,10.0826,0
23,2057,5,5,8.88155,2351.74,2351.74,0,0,4,1804.41,1812.58,0,156,136,50,1812.58,8.88155,8.88155,15.3882,15.3882,-82.1118,-82.1118,1.27356,10.0826,0
23,2058,5,5,27.5554,1264.94,1264.94,0,0,4,387.106,1378.65,0,156,136,50,1378.65,27.5554,27.5554,36.0546,36.0546,-61.4454,-61.4454,1.27356,10.0826,0
24,2049,5,5,4.0831,2118.97,2124.65,0,0,4,1787.84,1495.69,0,156,136,50,1495.69,11.8662,4.0831,8.52307,19.3883,-78.1117,-88.9769,1.27356,10.0826,0
24,2050,5,5,10.8812,2051.07,2037.62,0,0,1,1869.9,1236.88,0,156,136,50,1236.88,4.70683,10.8812,20.2887,12.7824,-84.7176,-77.2113,1.27356,10.0826,0
24,2051,5,5,4.7441,1407.06,1418.07,0,0,4,524.61,1504.41,0,156,136,50,1504.41,13.2178,4.7441,13.0136,19.7865,-77.7135,-84.4864,1.27356,10.0826,0
24,2052,5,5,1.13591,1781.8,1776.36,0,0,4,741.204,1812.46,0,156,136,50,1812.46,10.697,1.13591,8.26947,18.6666,-78.8334,-89.2305,1.27356,10.0826,0
24,2053,5,5,0.304568,2486.68,2480.74,0,0,1,2014.83,1778.04,0,156,136,50,1778.04,7.91291,0.304568,9.34188,17.0146,-80.4854,-88.1581,1.27356,10.0826,0
24,2054,5,5,6.73084,1731.53,1736.17,0,0,4,1501.51,1232.08,0,156,136,50,1232.08,9.40572,6.73084,14.1464,17.1154,-80.3846,-83.3536,1.27356,10.0826,0
24,2055,5,5,20.4957,682.309,688.657,0,0,4,453.914,754.866,0,156,136,50,754.866,27.3764,20.4957,28.0234,35.9404,-61.5596,-69.4766,1.27356,10.0826,0
24,2056,5,5,5.84519,2347.65,2343.04,0,0,1,1000.97,2320.8,0,156,136,50,2320.8,12.4468,5.84519,13.0495,21.148,-76.352,-84.4505,1.27356,10.0826,0
24,2057,5,5,11.8352,2351.74,2350.61,0,0,5,1809.7,1805.76,0,156,136,50,1805.76,8.88155,11.8352,19.0318,15.3882,-82.1118,-78.4682,1.27356,10.0826,0
24,2058,5,5,6.66346,1264.94,1299.13,0,0,4,417.746,1407.51,0,156,136,50,1407.51,27.5554,6.66346,12.8224,36.0546,-61.4454,-84.6776,1.27356,10.0826,0
24,2049,5,5,6.60804,2118.97,1830.96,0,0,2,1787.84,1495.69,0,391,313,50,1495.69,11.8662,6.60804,11.048,19.3883,-78.1117,-86.452,1.27356,10.0826,0
24,2050,5,5,13.5174,2051.07,1744.48,0,0,2,1869.9,1236.88,0,391,313,50,1236.88,4.70683,13.5174,22.9249,12.7824,-84.7176,-74.5751,1.27356,10.0826,0
24,2051,5,5,7.57915,1407.06,1199.92,0,0,2,524.61,1504.41,0,391,313,50,1504.41,13.2178,7.57915,15.8487,19.7865,-77.7135,-81.6513,1.27356,10.0826,0
24,2052,5,5,3.55248,1781.8,1540.62,0,0,2,741.204,1812.46,0,391,313,50,1812.46,10.697,3.55248,10.686,18.6666,-78.8334,-86.814,1.27356,10.0826,0
24,2053,5,5,2.43869,2486.68,2187.62,0,0,2,2014.83,1778.04,0,391,313,50,1778.04,7.91291,2.43869,11.476,17.0146,-80.4854,-86.024,1.27356,10.0826,0
24,2054,5,5,9.87736,1731.53,1442.37,0,0,2,1501.51,1232.08,0,391,313,50,1232.08,9.40572,9.87736,17.293,17.1154,-80.3846,-80.207,1.27356,10.0826,0
24,2055,5,5,27.7507,682.309,449.115,0,0,2,453.914,754.866,0,391,313,50,754.866,27.3764,27.7507,35.2784,35.9404,-61.5596,-62.2216,1.27356,10.0826,0
24,2056,5,5,7.71187,2347.65,2099,0,0,2,1000.97,2320.8,0,391,313,50,2320.8,12.4468,7.71187,14.9162,21.148,-76.352,-82.5838,1.27356,10.0826,0
24,2057,5,5,14.075,2351.74,2059.99,0,0,2,1809.7,1805.76,0,391,313,50,1805.76,8.88155,14.075,21.2717,15.3882,-82.1118,-76.2283,1.27356,10.0826,0
24,2058,5,5,9.54961,1264.94,1095.97,0,0,2,417.746,1407.51,0,391,313,50,1407.51,27.5554,9.54961,15.7085,36.0546,-61.4454,-81.7915,1.27356,10.0826,0
24,2049,5,5,4.0831,2118.97,2124.65,0,0,2,1787.84,1495.69,0,156,136,50,1495.69,11.8662,4.0831,8.52307,19.3883,-78.1117,-88.9769,1.27356,10.0826,0
24,2050,5,5,10.8812,2051.07,2037.62,0,0,2,1869.9,1236.88,0,156,136,50,1236.88,4.70683,10.8812,20.2887,12.7824,-84.7176,-77.2113,1.27356,10.0826,0
24,2051,5,5,4.7441,1407.06,1418.07,0,0,2,524.61,1504.41,0,156,136,50,1504.41,13.2178,4.7441,13.0136,19.7865,-77.7135,-84.4864,1.27356,10.0826,0
24,2052,5,5,1.13591,1781.8,1776.36,0,0,2,741.204,1812.46,0,156,136,50,1812.46,10.697,1.13591,8.26947,18.6666,-78.8334,-89.2305,1.27356,10.0826,0
24,2053,5,5,0.304568,2486.68,2480.74,0,0,2,2014.83,1778.04,0,156,136,50,1778.04,7.91291,0.304568,9.34188,17.0146,-80.4854,-88.1581,1.27356,10.0826,0
24,2054,5,5,6.73084,1731.53,1736.17,0,0,2,1501.51,1232.08,0,156,136,50,1232.08,9.40572,6.73084,14.1464,17.1154,-80.3846,-83.3536,1.27356,10.0826,0
24,2055,5,5,20.4957,682.309,688.657,0,0,2,453.914,754.866,0,156,136,50,754.866,27.3764,20.4957,28.0234,35.9404,-61.5596,-69.4766,1.27356,10.0826,0
24,2056,5,5,5.84519,2347.65,2343.04,0,0,2,1000.97,2320.8,0,156,136,50,2320.8,12.4468,5.84519,13.0495,21.148,-76.352,-84.4505,1.27356,10.0826,0
24,2057,5,5,11.8352,2351.74,2350.61,0,0,2,1809.7,1805.76,0,156,136,50,1805.76,8.88155,11.8352,19.0318,15.3882,-82.1118,-78.4682,1.27356,10.0826,0
24,2058,5,5,6.66346,1264.94,1299.13,0,0,2,417.746,1407.51,0,156,136,50,1407.51,27.5554,6.66346,12.8224,36.0546,-61.4454,-84.6776,1.27356,10.0826,0
24,2049,5,5,6.60804,2118.97,1830.96,0,0,4,1787.84,1495.69,0,391,313,50,1495.69,11.8662,6.60804,11.048,19.3883,-78.1117,-86.452,1.27356,10.0826,0
24,2050,5,5,13.5174,2051.07,1744.48,0,0,4,1869.9,1236.88,0,391,313,50,1236.88,4.70683,13.5174,22.9249,12.7824,-84.7176,-74.5751,1.27356,10.0826,0
24,2051,5,5,7.57915,1407.06,1199.92,0,0,4,524.61,1504.41,0,391,313,50,1504.41,13.2178,7.57915,15.8487,19.7865,-77.7135,-81.6513,1.27356,10.0826,0
24,2052,5,5,3.55248,1781.8,1540.62,0,0,4,741.204,1812.46,0,391,313,50,1812.46,10.697,3.55248,10.686,18.6666,-78.8334,-86.814,1.27356,10.0826,0
24,2053,5,5,2.43869,2486.68,2187.62,0,0,4,2014.83,1778.04,0,391,313,50,1778.04,7.91291,2.43869,11.476,17.0146,-80.4854,-86.024,1.27356,10.0826,0
24,2054,5,5,9.87736,1731.53,1442.37,0,0,4,1501.51,1232.08,0,391,313,50,1232.08,9.40572,9.87736,17.293,17.1154,-80.3846,-80.207,1.27356,10.0826,0
24,2055,5,5,27.7507,682.309,449.115,0,0,4,453.914,754.866,0,391,313,50,754.866,27.3764,27.7507,35.2784,35.9404,-61.5596,-62.2216,1.27356,10.0826,0
24,2056,5,5,7.71187,2347.65,2099,0,0,4,1000.97,2320.8,0,391,313,50,2320.8,12.4468,7.71187,14.9162,21.148,-76.352,-82.5838,1.27356,10.0826,0
24,2057,5,5,14.075,2351.74,2059.99,0,0,4,1809.7,1805.76,0,391,313,50,1805.76,8.88155,14.075,21.2717,15.3882,-82.1118,-76.2283,1.27356,10.0826,0
24,2058,5,5,9.54961,1264.94,1095.97,0,0,4,417.746,1407.51,0,391,313,50,1407.51,27.5554,9.54961,15.7085,36.0546,-61.4454,-81.7915,1.27356,10.0826,0
24,2049,5,5,4.0831,2124.65,2124.65,0,0,4,1787.84,1495.69,0,156,136,50,1495.69,4.0831,4.0831,8.52307,8.52307,-88.9769,-88.9769,1.27356,10.0826,0
24,2050,5,5,10.8812,2037.62,2037.62,0,0,4,1869.9,1236.88,0,156,136,50,1236.88,10.8812,10.8812,20.2887,20.2887,-77.2113,-77.2113,1.27356,10.0826,0
24,2051,5,5,4.7441,1418.07,1418.07,0,0,4,524.61,1504.41,0,156,136,50,1504.41,4.7441,4.7441,13.0136,13.0136,-84.4864,-84.4864,1.27356,10.0826,0
24,2052,5,5,1.13591,1776.36,1776.36,0,0,4,741.204,1812.46,0,156,136,50,1812.46,1.13591,1.13591,8.26947,8.26947,-89.2305,-89.2305,1.27356,10.0826,0
24,2053,5,5,0.304568,2480.74,2480.74,0,0,4,2014.83,1778.04,0,156,136,50,1778.04,0.304568,0.304568,9.34188,9.34188,-88.1581,-88.1581,1.27356,10.0826,0
24,2054,5,5,6.73084,1736.17,1736.17,0,0,4,1501.51,1232.08,0,156,136,50,1232.08,6.73084,6.73084,14.1464,14.1464,-83.3536,-83.3536,1.27356,10.0826,0
24,2055,5,5,20.4957,688.657,688.657,0,0,4,453.914,754.866,0,156,136,50,754.866,20.4957,20.4957,28.0234,28.0234,-69.4766,-69.4766,1.27356,10.0826,0
24,2056,5,5,5.84519,2343.04,2343.04,0,0,4,1000.97,2320.8,0,156,136,50,2320.8,5.84519,5.84519,13.0495,13.0495,-84.4505,-84.4505,1.27356,10.0826,0
24,2057,5,5,11.8352,2350.61,2350.61,0,0,4,1809.7,1805.76,0,156,136,50,1805.76,11.8352,11.8352,19.0318,19.0318,-78.4682,-78.4682,1.27356,10.0826,0
24,2058,5,5,6.66346,1299.13,1299.13,0,0,4,417.746,1407.51,0,156,136,50,1407.51,6.66346,6.66346,12.8224,12.8224,-84.6776,-84.6776,1.27356,10.0826,0
25,2049,5,5,3.9674,2124.65,2130.26,0,0,4,1791.66,1499.86,0,156,136,50,1499.86,4.0831,3.9674,14.3847,8.52307,-88.9769,-83.1153,1.27356,10.0826,0
25,2050,5,5,14.1696,2037.62,2032.08,0,0,4,1859.68,1242.49,0,156,136,50,1242.49,10.8812,14.1696,22.6836,20.2887,-77.2113,-74.8164,1.27356,10.0826,0
25,2051,5,5,9.83803,1418.07,1429.03,0,0,1,533.905,1513.24,0,156,136,50,1513.24,4.7441,9.83803,15.8026,13.0136,-84.4864,-81.6974,1.27356,10.0826,0
25,2052,5,5,8.99896,1776.36,1770.99,0,0,1,749.513,1803.83,0,156,136,50,1803.83,1.13591,8.99896,17.1341,8.26947,-89.2305,-80.3659,1.27356,10.0826,0
25,2053,5,5,8.6659,2480.74,2474.94,0,0,5,2008.3,1776.68,0,156,136,50,1776.68,0.304568,8.6659,18.746,9.34188,-88.1581,-78.754,1.27356,10.0826,0
25,2054,5,5,13.9407,1736.17,1752.04,0,0,4,1515.4,1240.17,0,156,136,50,1240.17,6.73084,13.9407,21.9214,14.1464,-83.3536,-75.5786,1.27356,10.0826,0
25,2055,5,5,15.2451,688.657,694.994,0,0,4,454.365,761.696,0,156,136,50,761.696,20.4957,15.2451,22.778,28.0234,-69.4766,-74.722,1.27356,10.0826,0
25,2056,5,5,8.44779,2343.04,2338.45,0,0,5,996.492,2317.61,0,156,136,50,2317.61,5.84519,8.44779,18.1334,13.0495,-84.4505,-79.3666,1.27356,10.0826,0
25,2057,5,5,9.9892,2350.61,2348.79,0,0,5,1809.56,1803.36,0,156,136,50,1803.36,11.8352,9.9892,18.2261,19.0318,-78.4682,-79.2739,1.27356,10.0826,0
25,2058,5,5,20.7898,1299.13,1310.34,0,0,4,427.703,1416.88,0,156,136,50,1416.88,6.66346,20.7898,25.9855,12.8224,-84.6776,-71.5145,1.27356,10.0826,0
25,2049,5,5,6.48512,2124.65,1836.57,0,0,2,1791.66,1499.86,0,391,313,50,1499.86,4.0831,6.48512,16.9025,8.52307,-88.9769,-80.5975,1.27356,10.0826,0
25,2050,5,5,16.8149,2037.62,1738.82,0,0,2,1859.68,1242.49,0,391,313,50,1242.49,10.8812,16.8149,25.3288,20.2887,-77.2113,-72.1712,1.27356,10.0826,0
25,2051,5,5,12.6652,1418.07,1209.76,0,0,2,533.905,1513.24,0,391,313,50,1513.24,4.7441,12.6652,18.6297,13.0136,-84.4864,-78.8703,1.27356,10.0826,0
25,2052,5,5,11.4356,1776.36,1534.15,0,0,2,749.513,1803.83,0,391,313,50,1803.83,1.13591,11.4356,19.5708,8.26947,-89.2305,-77.9292,1.27356,10.0826,0
25,2053,5,5,10.8051,2480.74,2181.86,0,0,2,2008.3,1776.68,0,391,313,50,1776.68,0.304568,10.8051,20.8852,9.34188,-88.1581,-76.6148,1.27356,10.0826,0
25,2054,5,5,17.0562,1736.17,1458.22,0,0,2,1515.4,1240.17,0,391,313,50,1240.17,6.73084,17.0562,25.0369,14.1464,-83.3536,-72.4631,1.27356,10.0826,0
25,2055,5,5,22.4012,688.657,455.898,0,0,2,454.365,761.696,0,391,313,50,761.696,20.4957,22.4012,29.9341,28.0234,-69.4766,-67.5659,1.27356,10.0826,0
25,2056,5,5,10.3164,2343.04,2094.65,0,0,2,996.492,2317.61,0,391,313,50,2317.61,5.84519,10.3164,20.002,13.0495,-84.4505,-77.498,1.27356,10.0826,0
25,2057,5,5,12.2312,2350.61,2058.15,0,0,2,1809.56,1803.36,0,391,313,50,1803.36,11.8352,12.2312,20.4681,19.0318,-78.4682,-77.0319,1.27356,10.0826,0
25,2058,5,5,23.6729,1299.13,1105.63,0,0,2,427.703,1416.88,0,391,313,50,1416.88,6.66346,23.6729,28.8686,12.8224,-84.6776,-68.6314,1.27356,10.0826,0
25,2049,5,5,3.9674,2124.65,2130.26,0,0,2,1791.66,1499.86,0,156,136,50,1499.86,4.0831,3.9674,14.3847,8.52307,-88.9769,-83.1153,1.27356,10.0826,0
25,2050,5,5,14.1696,2037.62,2032.08,0,0,2,1859.68,1242.49,0,156,136,50,1242.49,10.8812,14.1696,22.6836,20.2887,-77.2113,-74.8164,1.27356,10.0826,0
25,2051,5,5,9.83803,1418.07,1429.03,0,0,2,533.905,1513.24,0,156,136,50,1513.24,4.7441,9.83803,15.8026,13.0136,-84.4864,-81.6974,1.27356,10.0826,0
25,2052,5,5,8.99896,1776.36,1770.99,0,0,2,749.513,1803.83,0,156,136,50,1803.83,1.13591,8.99896,17.1341,8.26947,-89.2305,-80.3659,1.27356,10.0826,0
25,2053,5,5,8.6659,2480.74,2474.94,0,0,2,2008.3,1776.68,0,156,136,50,1776.68,0.304568,8.6659,18.746,9.34188,-88.1581,-78.754,1.27356,10.0826,0
25,2054,5,5,13.9407,1736.17,1752.04,0,0,2,1515.4,1240.17,0,156,136,50,1240.17,6.73084,13.9407,21.9214,14.1464,-83.3536,-75.5786,1.27356,10.0826,0
25,2055,5,5,15.2451,688.657,694.994,0,0,2,454.365,761.696,0,156,136,50,761.696,20.4957,15.2451,22.778,28.0234,-69.4766,-74.722,1.27356,10.0826,0
25,2056,5,5,8.44779,2343.04,2338.45,0,0,2,996.492,2317.61,0,156,136,50,2317.61,5.84519,8.44779,18.1334,13.0495,-84.4505,-79.3666,1.27356,10.0826,0
25,2057,5,5,9.9892,2350.61,2348.79,0,0,2,1809.56,1803.36,0,156,136,50,1803.36,11.8352,9.9892,18.2261,19.0318,-78.4682,-79.2739,1.27356,10.0826,0
25,2058,5,5,20.7898,1299.13,1310.34,0,0,2,427.703,1416.88,0,156,136,50,1416.88,6.66346,20.7898,25.9855,12.8224,-84.6776,-71.5145,1.27356,10.0826,0
25,2049,5,5,6.48512,2124.65,1836.57,0,0,4,1791.66,1499.86,0,391,313,50,1499.86,4.0831,6.48512,16.9025,8.52307,-88.9769,-80.5975,1.27356,10.0826,0
25,2050,5,5,16.8149,2037.62,1738.82,0,0,4,1859.68,1242.49,0,391,313,50,1242.49,10.8812,16.8149,25.3288,20.2887,-77.2113,-72.1712,1.27356,10.0826,0
25,2051,5,5,12.6652,1418.07,1209.76,0,0,4,533.905,1513.24,0,391,313,50,1513.24,4.7441,12.6652,18.6297,13.0136,-84.4864,-78.8703,1.27356,10.0826,0
25,2052,5,5,11.4356,1776.36,1534.15,0,0,4,749.513,1803.83,0,391,313,50,1803.83,1.13591,11.4356,19.5708,8.26947,-89.2305,-77.9292,1.27356,10.0826,0
25,2053,5,5,10.8051,2480.74,2181.86,0,0,4,2008.3,1776.68,0,391,313,50,1776.68,0.304568,10.8051,20.8852,9.34188,-88.1581,-76.6148,1.27356,10.0826,0
25,2054,5,5,17.0562,1736.17,1458.22,0,0,4,1515.4,1240.17,0,391,313,50,1240.17,6.73084,17.0562,25.0369,14.1464,-83.3536,-72.4631,1.27356,10.0826,0
25,2055,5,5,22.4012,688.657,455.898,0,0,4,454.365,761.696,0,391,313,50,761.696,20.4957,22.4012,29.9341,28.0234,-69.4766,-67.5659,1.27356,10.0826,0
25,2056,5,5,10.3164,2343.04,2094.65,0,0,4,996.492,2317.61,0,391,313,50,2317.61,5.84519,10.3164,20.002,13.0495,-84.4505,-77.498,1.27356,10.0826,0
25,2057,5,5,12.2312,2350.61,2058.15,0,0,4,1809.56,1803.36,0,391,313,50,1803.36,11.8352,12.2312,20.4681,19.0318,-78.4682,-77.0319,1.27356,10.0826,0
25,2058,5,5,23.6729,1299.13,1105.63,0,0,4,427.703,1416.88,0,391,313,50,1416.88,6.66346,23.6729,28.8686,12.8224,-84.6776,-68.6314,1.27356,10.0826,0
25,2049,5,5,3.9674,2130.26,2130.26,0,0,4,1791.66,1499.86,0,156,136,50,1499.86,3.9674,3.9674,14.3847,14.3847,-83.1153,-83.1153,1.27356,10.0826,0
25,2050,5,5,14.1696,2032.08,2032.08,0,0,4,1859.68,1242.49,0,156,136,50,1242.49,14.1696,14.1696,22.6836,22.6836,-74.8164,-74.8164,1.27356,10.0826,0
25,2051,5,5,9.83803,1429.03,1429.03,0,0,4,533.905,1513.24,0,156,136,50,1513.24,9.83803,9.83803,15.8026,15.8026,-81.6974,-81.6974,1.27356,10.0826,0
25,2052,5,5,8.99896,1770.99,1770.99,0,0,4,749.513,1803.83,0,156,136,50,1803.83,8.99896,8.99896,17.1341,17.1341,-80.3659,-80.3659,1.27356,10.0826,0
25,2053,5,5,8.6659,2474.94,2474.94,0,0,4,2008.3,1776.68,0,156,136,50,1776.68,8.6659,8.6659,18.746,18.746,-78.754,-78.754,1.27356,10.0826,0
25,2054,5,5,13.9407,1752.04,1752.04,0,0,4,1515.4,1240.17,0,156,136,50,1240.17,13.9407,13.9407,21.9214,21.9214,-75.5786,-75.5786,1.27356,10.0826,0
25,2055,5,5,15.2451,694.994,694.994,0,0,4,454.365,761.696,0,156,136,50,761.696,15.2451,15.2451,22.778,22.778,-74.722,-74.722,1.27356,10.0826,0
25,2056,5,5,8.44779,2338.45,2338.45,0,0,4,996.492,2317.61,0,156,136,50,2317.61,8.44779,8.44779,18.1334,18.1334,-79.3666,-79.3666,1.27356,10.0826,0
25,2057,5,5,9.9892,2348.79,2348.79,0,0,4,1809.56,1803.36,0,156,136,50,1803.36,9.9892,9.9892,18.2261,18.2261,-79.2739,-79.2739,1.27356,10.0826,0
25,2058,5,5,20.7898,1310.34,1310.34,0,0,4,427.703,1416.88,0,156,136,50,1416.88,20.7898,20.7898,25.9855,25.9855,-71.5145,-71.5145,1.27356,10.0826,0
26,2049,5,5,19.1121,2130.26,2135.37,0,0,4,1794.01,1505.02,0,156,136,50,1505.02,3.9674,19.1121,25.4881,14.3847,-83.1153,-72.0119,1.27356,10.0826,0
26,2050,5,5,5.23591,2032.08,2026.95,0,0,1,1849.68,1248.42,0,156,136,50,1248.42,14.1696,5.23591,13.1382,22.6836,-74.8164,-84.3618,1.27356,10.0826,0
26,2051,5,5,10.3854,1429.03,1437.77,0,0,4,541.038,1520.35,0,156,136,50,1520.35,9.83803,10.3854,17.1775,15.8026,-81.6974,-80.3225,1.27356,10.0826,0
26,2052,5,5,4.76567,1770.99,1765.68,0,0,4,757.837,1795.19,0,156,136,50,1795.19,8.99896,4.76567,10.5805,17.1341,-80.3659,-86.9195,1.27356,10.0826,0
26,2053,5,5,12.6265,2474.94,2469.34,0,0,5,2001.67,1775.71,0,156,136,50,1775.71,8.6659,12.6265,19.7644,18.746,-78.754,-77.7356,1.27356,10.0826,0
26,2054,5,5,11.4188,1752.04,1755.34,0,0,4,1520.56,1239.04,0,156,136,50,1239.04,13.9407,11.4188,20.3789,21.9214,-75.5786,-77.1211,1.27356,10.0826,0
26,2055,5,5,23.5441,694.994,701.341,0,0,4,454.816,768.525,0,156,136,50,768.525,15.2451,23.5441,31.7127,22.778,-74.722,-65.7873,1.27356,10.0826,0
26,2056,5,5,14.0997,2338.45,2333.85,0,0,5,991.997,2314.41,0,156,136,50,2314.41,8.44779,14.0997,19.8197,18.1334,-79.3666,-77.6803,1.27356,10.0826,0
26,2057,5,5,2.42138,2348.79,2347,0,0,1,1809.41,1800.97,0,156,136,50,1800.97,9.9892,2.42138,9.1885,18.2261,-79.2739,-88.3115,1.27356,10.0826,0
26,2058,5,5,8.90035,1310.34,1321.61,0,0,4,437.675,1426.28,0,156,136,50,1426.28,20.7898,8.90035,17.3527,25.9855,-71.5145,-80.1473,1.27356,10.0826,0
26,2049,5,5,21.6232,2130.26,1841.7,0,0,2,1794.01,1505.02,0,391,313,50,1505.02,3.9674,21.6232,27.9992,14.3847,-83.1153,-69.5008,1.27356,10.0826,0
26,2050,5,5,7.88953,2032.08,1733.57,0,0,2,1849.68,1248.42,0,391,313,50,1248.42,14.1696,7.88953,15.7918,22.6836,-74.8164,-81.7082,1.27356,10.0826,0
26,2051,5,5,13.2055,1429.03,1217.66,0,0,2,541.038,1520.35,0,391,313,50,1520.35,9.83803,13.2055,19.9975,15.8026,-81.6974,-77.5025,1.27356,10.0826,0
26,2052,5,5,7.22244,1770.99,1527.73,0,0,2,757.837,1795.19,0,391,313,50,1795.19,8.99896,7.22244,13.0372,17.1341,-80.3659,-84.4628,1.27356,10.0826,0
26,2053,5,5,14.7705,2474.94,2176.3,0,0,2,2001.67,1775.71,0,391,313,50,1775.71,8.6659,14.7705,21.9085,18.746,-78.754,-75.5915,1.27356,10.0826,0
26,2054,5,5,14.5282,1752.04,1461.49,0,0,2,1520.56,1239.04,0,391,313,50,1239.04,13.9407,14.5282,23.4883,21.9214,-75.5786,-74.0117,1.27356,10.0826,0
26,2055,5,5,30.6037,694.994,462.683,0,0,2,454.816,768.525,0,391,313,50,768.525,15.2451,30.6037,38.7723,22.778,-74.722,-58.7277,1.27356,10.0826,0
26,2056,5,5,15.9703,2338.45,2090.3,0,0,2,991.997,2314.41,0,391,313,50,2314.41,8.44779,15.9703,21.6903,18.1334,-79.3666,-75.8097,1.27356,10.0826,0
26,2057,5,5,4.66543,2348.79,2056.32,0,0,2,1809.41,1800.97,0,391,313,50,1800.97,9.9892,4.66543,11.4326,18.2261,-79.2739,-86.0674,1.27356,10.0826,0
26,2058,5,5,11.7799,1310.34,1115.38,0,0,2,437.675,1426.28,0,391,313,50,1426.28,20.7898,11.7799,20.2322,25.9855,-71.5145,-77.2678,1.27356,10.0826,0
26,2049,5,5,19.1121,2130.26,2135.37,0,0,2,1794.01,1505.02,0,156,136,50,1505.02,3.9674,19.1121,25.4881,14.3847,-83.1153,-72.0119,1.27356,10.0826,0
26,2050,5,5,5.23591,2032.08,2026.95,0,0,2,1849.68,1248.42,0,156,136,50,1248.42,14.1696,5.23591,13.1382,22.6836,-74.8164,-84.3618,1.27356,10.0826,0
26,2051,5,5,10.3854,1429.03,1437.77,0,0,2,541.038,1520.35,0,156,136,50,1520.35,9.83803,10.3854,17.1775,15.8026,-81.6974,-80.3225,1.27356,10.0826,0
26,2052,5,5,4.76567,1770.99,1765.68,0,0,2,757.837,1795.19,0,156,136,50,1795.19,8.99896,4.76567,10.5805,17.1341,-80.3659,-86.9195,1.27356,10.0826,0
26,2053,5,5,12.6265,2474.94,2469.34,0,0,2,2001.67,1775.71,0,156,136,50,1775.71,8.6659,12.6265,19.7644,18.746,-78.754,-77.7356,1.27356,10.0826,0
26,2054,5,5,11.4188,1752.04,1755.34,0,0,2,1520.56,1239.04,0,156,136,50,1239.04,13.9407,11.4188,20.3789,21.9214,-75.5786,-77.1211,1.27356,10.0826,0
26,2055,5,5,23.5441,694.994,701.341,0,0,2,454.816,768.525,0,156,136,50,768.525,15.2451,23.5441,31.7127,22.778,-74.722,-65.7873,1.27356,10.0826,0
26,2056,5,5,14.0997,2338.45,2333.85,0,0,2,991.997,2314.41,0,156,136,50,2314.41,8.44779,14.0997,19.8197,18.1334,-79.3666,-77.6803,1.27356,10.0826,0
26,2057,5,5,2.42138,2348.79,2347,0,0,2,1809.41,1800.97,0,156,136,50,1800.97,9.9892,2.42138,9.1885,18.2261,-79.2739,-88.3115,1.27356,10.0826,0
26,2058,5,5,8.90035,1310.34,1321.61,0,0,2,437.675,1426.28,0,156,136,50,1426.28,20.7898,8.90035,17.3527,25.9855,-71.5145,-80.1473,1.27356,10.0826,0
26,2049,5,5,21.6232,2130.26,1841.7,0,0,4,1794.01,1505.02,0,391,313,50,1505.02,3.9674,21.6232,27.9992,14.3847,-83.1153,-69.5008,1.27356,10.0826,0
26,2050,5,5,7.88953,2032.08,1733.57,0,0,4,1849.68,1248.42,0,391,313,50,1248.42,14.1696,7.88953,15.7918,22.6836,-74.8164,-81.7082,1.27356,10.0826,0
26,2051,5,5,13.2055,1429.03,1217.66,0,0,4,541.038,1520.35,0,391,313,50,1520.35,9.83803,13.2055,19.9975,15.8026,-81.6974,-77.5025,1.27356,10.0826,0
26,2052,5,5,7.22244,1770.99,1527.73,0,0,4,757.837,1795.19,0,391,313,50,1795.19,8.99896,7.22244,13.0372,17.1341,-80.3659,-84.4628,1.27356,10.0826,0
26,2053,5,5,14.7705,2474.94,2176.3,0,0,4,2001.67,1775.71,0,391,313,50,1775.71,8.6659,14.7705,21.9085,18.746,-78.754,-75.5915,1.27356,10.0826,0
26,2054,5,5,14.5282,1752.04,1461.49,0,0,4,1520.56,1239.04,0,391,313,50,1239.04,13.9407,14.5282,23.4883,21.9214,-75.5786,-74.0117,1.27356,10.0826,0
26,2055,5,5,30.6037,694.994,462.683,0,0,4,454.816,768.525,0,391,313,50,768.525,15.2451,30.6037,38.7723,22.778,-74.722,-58.7277,1.27356,10.0826,0
26,2056,5,5,15.9703,2338.45,2090.3,0,0,4,991.997,2314.41,0,391,313,50,2314.41,8.44779,15.9703,21.6903,18.1334,-79.3666,-75.8097,1.27356,10.0826,0
26,2057,5,5,4.66543,2348.79,2056.32,0,0,4,1809.41,1800.97,0,391,313,50,1800.97,9.9892,4.66543,11.4326,18.2261,-79.2739,-86.0674,1.27356,10.0826,0
26,2058,5,5,11.7799,1310.34,1115.38,0,0,4,437.675,1426.28,0,391,313,50,1426.28,20.7898,11.7799,20.2322,25.9855,-71.5145,-77.2678,1.27356,10.0826,0
26,2049,5,5,19.1121,2135.37,2135.37,0,0,4,1794.01,1505.02,0,156,136,50,1505.02,19.1121,19.1121,25.4881,25.4881,-72.0119,-72.0119,1.27356,10.0826,0
26,2050,5,5,5.23591,2026.95,2026.95,0,0,4,1849.68,1248.42,0,156,136,50,1248.42,5.23591,5.23591,13.1382,13.1382,-84.3618,-84.3618,1.27356,10.0826,0
26,2051,5,5,10.3854,1437.77,1437.77,0,0,4,541.038,1520.35,0,156,136,50,1520.35,10.3854,10.3854,17.1775,17.1775,-80.3225,-80.3225,1.27356,10.0826,0
26,2052,5,5,4.76567,1765.68,1765.68,0,0,4,757.837,1795.19,0,156,136,50,1795.19,4.76567,4.76567,10.5805,10.5805,-86.9195,-86.9195,1.27356,10.0826,0
26,2053,5,5,12.6265,2469.34,2469.34,0,0,4,2001.67,1775.71,0,156,136,50,1775.71,12.6265,12.6265,19.7644,19.7644,-77.7356,-77.7356,1.27356,10.0826,0
26,2054,5,5,11.4188,1755.34,1755.34,0,0,4,1520.56,1239.04,0,156,136,50,1239.04,11.4188,11.4188,20.3789,20.3789,-77.1211,-77.1211,1.27356,10.0826,0
26,2055,5,5,23.5441,701.341,701.341,0,0,4,454.816,768.525,0,156,136,50,768.525,23.5441,23.5441,31.7127,31.7127,-65.7873,-65.7873,1.27356,10.0826,0
26,2056,5,5,14.0997,2333.85,2333.85,0,0,4,991.997,2314.41,0,156,136,50,2314.41,14.0997,14.0997,19.8197,19.8197,-77.6803,-77.6803,1.27356,10.0826,0
26,2057,5,5,2.42138,2347,2347,0,0,4,1809.41,1800.97,0,156,136,50,1800.97,2.42138,2.42138,9.1885,9.1885,-88.3115,-88.3115,1.27356,10.0826,0
26,2058,5,5,8.90035,1321.61,1321.61,0,0,4,437.675,1426.28,0,156,136,50,1426.28,8.90035,8.90035,17.3527,17.3527,-80.1473,-80.1473,1.27356,10.0826,0
27,2049,5,5,17.4466,2135.37,2140.21,0,0,4,1795.76,1510.48,0,156,136,50,1510.48,19.1121,17.4466,24.2452,25.4881,-72.0119,-73.2548,1.27356,10.0826,0
27,2051,5,5,7.47073,1437.77,1446.53,0,0,4,548.173,1527.46,0,156,136,50,1527.46,10.3854,7.47073,13.2664,17.1775,-80.3225,-84.2336,1.27356,10.0826,0
27,2052,5,5,11.9248,1765.68,1760.6,0,0,4,766.268,1786.69,0,156,136,50,1786.69,4.76567,11.9248,21.3364,10.5805,-86.9195,-76.1636,1.27356,10.0826,0
27,2053,5,5,-3.20545,2469.34,2463.75,0,0,5,1995.04,1774.75,0,156,136,50,1774.75,12.6265,-3.20545,4.35509,19.7644,-77.7356,-93.1449,1.27356,10.0826,0
27,2054,5,5,11.957,1755.34,1758.07,0,0,4,1524.82,1238.11,0,156,136,50,1238.11,11.4188,11.957,19.4423,20.3789,-77.1211,-78.0577,1.27356,10.0826,0
27,2055,5,5,17.1362,701.341,707.715,0,0,4,455.268,775.374,0,156,136,50,775.374,23.5441,17.1362,24.0899,31.7127,-65.7873,-73.4101,1.27356,10.0826,0
27,2056,5,5,15.9044,2333.85,2329.28,0,0,5,987.524,2311.22,0,156,136,50,2311.22,14.0997,15.9044,23.3711,19.8197,-77.6803,-74.1289,1.27356,10.0826,0
27,2057,5,5,-4.99638,2347,2345.12,0,0,5,1809.16,1798.57,0,156,136,50,1798.57,2.42138,-4.99638,4.07641,9.1885,-88.3115,-93.4236,1.27356,10.0826,0
27,2058,5,5,17.3852,1321.61,1332.93,0,0,4,447.644,1435.67,0,156,136,50,1435.67,8.90035,17.3852,25.166,17.3527,-80.1473,-72.334,1.27356,10.0826,0
27,2049,5,5,19.9513,2135.37,1846.57,0,0,2,1795.76,1510.48,0,391,313,50,1510.48,19.1121,19.9513,26.7499,25.4881,-72.0119,-70.7501,1.27356,10.0826,0
27,2051,5,5,10.2836,1437.77,1225.61,0,0,2,548.173,1527.46,0,391,313,50,1527.46,10.3854,10.2836,16.0793,17.1775,-80.3225,-81.4207,1.27356,10.0826,0
27,2052,5,5,14.4015,1765.68,1521.54,0,0,2,766.268,1786.69,0,391,313,50,1786.69,4.76567,14.4015,23.8131,10.5805,-86.9195,-73.6869,1.27356,10.0826,0
27,2053,5,5,-1.05656,2469.34,2170.75,0,0,2,1995.04,1774.75,0,391,313,50,1774.75,12.6265,-1.05656,6.50398,19.7644,-77.7356,-90.996,1.27356,10.0826,0
27,2054,5,5,15.0614,1755.34,1464.2,0,0,2,1524.82,1238.11,0,391,313,50,1238.11,11.4188,15.0614,22.5467,20.3789,-77.1211,-74.9533,1.27356,10.0826,0
27,2055,5,5,24.1015,701.341,469.49,0,0,2,455.268,775.374,0,391,313,50,775.374,23.5441,24.1015,31.0552,31.7127,-65.7873,-66.4448,1.27356,10.0826,0
27,2056,5,5,17.7769,2333.85,2085.96,0,0,2,987.524,2311.22,0,391,313,50,2311.22,14.0997,17.7769,25.2436,19.8197,-77.6803,-72.2564,1.27356,10.0826,0
27,2057,5,5,-2.75015,2347,2054.41,0,0,2,1809.16,1798.57,0,391,313,50,1798.57,2.42138,-2.75015,6.32264,9.1885,-88.3115,-91.1774,1.27356,10.0826,0
27,2058,5,5,20.2605,1321.61,1125.21,0,0,2,447.644,1435.67,0,391,313,50,1435.67,8.90035,20.2605,28.0413,17.3527,-80.1473,-69.4587,1.27356,10.0826,0
27,2049,5,5,17.4466,2135.37,2140.21,0,0,2,1795.76,1510.48,0,156,136,50,1510.48,19.1121,17.4466,24.2452,25.4881,-72.0119,-73.2548,1.27356,10.0826,0
27,2051,5,5,7.47073,1437.77,1446.53,0,0,2,548.173,1527.46,0,156,136,50,1527.46,10.3854,7.47073,13.2664,17.1775,-80.3225,-84.2336,1.27356,10.0826,0
27,2052,5,5,11.9248,1765.68,1760.6,0,0,2,766.268,1786.69,0,156,136,50,1786.69,4.76567,11.9248,21.3364,10.5805,-86.9195,-76.1636,1.27356,10.0826,0
27,2053,5,5,-3.20545,2469.34,2463.75,0,0,2,1995.04,1774.75,0,156,136,50,1774.75,12.6265,-3.20545,4.35509,19.7644,-77.7356,-93.1449,1.27356,10.0826,0
27,2054,5,5,11.957,1755.34,1758.07,0,0,2,1524.82,1238.11,0,156,136,50,1238.11,11.4188,11.957,19.4423,20.3789,-77.1211,-78.0577,1.27356,10.0826,0
27,2055,5,5,17.1362,701.341,707.715,0,0,2,455.268,775.374,0,156,136,50,775.374,23.5441,17.1362,24.0899,31.7127,-65.7873,-73.4101,1.27356,10.0826,0
27,2056,5,5,15.9044,2333.85,2329.28,0,0,2,987.524,2311.22,0,156,136,50,2311.22,14.0997,15.9044,23.3711,19.8197,-77.6803,-74.1289,1.27356,10.0826,0
27,2057,5,5,-4.99638,2347,2345.12,0,0,2,1809.16,1798.57,0,156,136,50,1798.57,2.42138,-4.99638,4.07641,9.1885,-88.3115,-93.4236,1.27356,10.0826,0
27,2058,5,5,17.3852,1321.61,1332.93,0,0,2,447.644,1435.67,0,156,136,50,1435.67,8.90035,17.3852,25.166,17.3527,-80.1473,-72.334,1.27356,10.0826,0
27,2049,5,5,19.9513,2135.37,1846.57,0,0,4,1795.76,1510.48,0,391,313,50,1510.48,19.1121,19.9513,26.7499,25.4881,-72.0119,-70.7501,1.27356,10.0826,0
27,2051,5,5,10.2836,1437.77,1225.61,0,0,4,548.173,1527.46,0,391,313,50,1527.46,10.3854,10.2836,16.0793,17.1775,-80.3225,-81.4207,1.27356,10.0826,0
27,2052,5,5,14.4015,1765.68,1521.54,0,0,4,766.268,1786.69,0,391,313,50,1786.69,4.76567,14.4015,23.8131,10.5805,-86.9195,-73.6869,1.27356,10.0826,0
27,2053,5,5,-1.05656,2469.34,2170.75,0,0,4,1995.04,1774.75,0,391,313,50,1774.75,12.6265,-1.05656,6.50398,19.7644,-77.7356,-90.996,1.27356,10.0826,0
27,2054,5,5,15.0614,1755.34,1464.2,0,0,4,1524.82,1238.11,0,391,313,50,1238.11,11.4188,15.0614,22.5467,20.3789,-77.1211,-74.9533,1.27356,10.0826,0
27,2055,5,5,24.1015,701.341,469.49,0,0,4,455.268,775.374,0,391,313,50,775.374,23.5441,24.1015,31.0552,31.7127,-65.7873,-66.4448,1.27356,10.0826,0
27,2056,5,5,17.7769,2333.85,2085.96,0,0,4,987.524,2311.22,0,391,313,50,2311.22,14.0997,17.7769,25.2436,19.8197,-77.6803,-72.2564,1.27356,10.0826,0
27,2057,5,5,-2.75015,2347,2054.41,0,0,4,1809.16,1798.57,0,391,313,50,1798.57,2.42138,-2.75015,6.32264,9.1885,-88.3115,-91.1774,1.27356,10.0826,0
27,2058,5,5,20.2605,1321.61,1125.21,0,0,4,447.644,1435.67,0,391,313,50,1435.67,8.90035,20.2605,28.0413,17.3527,-80.1473,-69.4587,1.27356,10.0826,0
27,2049,5,5,17.4466,2140.21,2140.21,0,0,4,1795.76,1510.48,0,156,136,50,1510.48,17.4466,17.4466,24.2452,24.2452,-73.2548,-73.2548,1.27356,10.0826,0
27,2051,5,5,7.47073,1446.53,1446.53,0,0,4,548.173,1527.46,0,156,136,50,1527.46,7.47073,7.47073,13.2664,13.2664,-84.2336,-84.2336,1.27356,10.0826,0
27,2052,5,5,11.9248,1760.6,1760.6,0,0,4,766.268,1786.69,0,156,136,50,1786.69,11.9248,11.9248,21.3364,21.3364,-76.1636,-76.1636,1.27356,10.0826,0
27,2053,5,5,-3.20545,2463.75,2463.75,0,0,4,1995.04,1774.75,0,156,136,50,1774.75,-3.20545,-3.20545,4.35509,4.35509,-93.1449,-93.1449,1.27356,10.0826,0
27,2054,5,5,11.957,1758.07,1758.07,0,0,4,1524.82,1238.11,0,156,136,50,1238.11,11.957,11.957,19.4423,19.4423,-78.0577,-78.0577,1.27356,10.0826,0
27,2055,5,5,17.1362,707.715,707.715,0,0,4,455.268,775.374,0,156,136,50,775.374,17.1362,17.1362,24.0899,24.0899,-73.4101,-73.4101,1.27356,10.0826,0
27,2056,5,5,15.9044,2329.28,2329.28,0,0,4,987.524,2311.22,0,156,136,50,2311.22,15.9044,15.9044,23.3711,23.3711,-74.1289,-74.1289,1.27356,10.0826,0
27,2057,5,5,-4.99638,2345.12,2345.12,0,0,4,1809.16,1798.57,0,156,136,50,1798.57,-4.99638,-4.99638,4.07641,4.07641,-93.4236,-93.4236,1.27356,10.0826,0
27,2058,5,5,17.3852,1332.93,1332.93,0,0,4,447.644,1435.67,0,156,136,50,1435.67,17.3852,17.3852,25.166,25.166,-72.334,-72.334,1.27356,10.0826,0
28,2049,5,5,15.0585,2140.21,2144.89,0,0,4,1797.23,1516.01,0,156,136,50,1516.01,17.4466,15.0585,24.4228,24.2452,-73.2548,-73.0772,1.27356,10.0826,0
28,2051,5,5,5.42617,1446.53,1453.73,0,0,4,553.83,1533.34,0,156,136,50,1533.34,7.47073,5.42617,13.2518,13.2664,-84.2336,-84.2482,1.27356,10.0826,0
28,2052,5,5,13.2558,1760.6,1755.95,0,0,4,774.977,1778.48,0,156,136,50,1778.48,11.9248,13.2558,19.0719,21.3364,-76.1636,-78.4281,1.27356,10.0826,0
28,2053,5,5,-0.0852901,2463.75,2458.16,0,0,1,1988.41,1773.78,0,156,136,50,1773.78,-3.20545,-0.0852901,7.25595,4.35509,-93.1449,-90.2441,1.27356,10.0826,0
28,2054,5,5,9.72496,1758.07,1765.19,0,0,4,1536.25,1235.24,0,156,136,50,1235.24,11.957,9.72496,17.6993,19.4423,-78.0577,-79.8007,1.27356,10.0826,0
28,2055,5,5,33.204,707.715,714.093,0,0,4,455.72,782.217,0,156,136,50,782.217,17.1362,33.204,39.9753,24.0899,-73.4101,-57.5247,1.27356,10.0826,0
28,2056,5,5,10.0401,2329.28,2324.7,0,0,1,983.043,2308.03,0,156,136,50,2308.03,15.9044,10.0401,17.1934,23.3711,-74.1289,-80.3066,1.27356,10.0826,0
28,2057,5,5,-3.60281,2345.12,2343.23,0,0,5,1808.89,1796.17,0,156,136,50,1796.17,-4.99638,-3.60281,5.0349,4.07641,-93.4236,-92.4651,1.27356,10.0826,0
28,2058,5,5,27.2265,1332.93,1344.29,0,0,4,457.613,1445.06,0,156,136,50,1445.06,17.3852,27.2265,33.578,25.166,-72.334,-63.922,1.27356,10.0826,0
28,2049,5,5,17.5571,2140.21,1851.27,0,0,2,1797.23,1516.01,0,391,313,50,1516.01,17.4466,17.5571,26.9214,24.2452,-73.2548,-70.5786,1.27356,10.0826,0
28,2051,5,5,8.23262,1446.53,1232.17,0,0,2,553.83,1533.34,0,391,313,50,1533.34,7.47073,8.23262,16.0582,13.2664,-84.2336,-81.4418,1.27356,10.0826,0
28,2052,5,5,15.7522,1760.6,1515.77,0,0,2,774.977,1778.48,0,391,313,50,1778.48,11.9248,15.7522,21.5683,21.3364,-76.1636,-75.9317,1.27356,10.0826,0
28,2053,5,5,2.06848,2463.75,2165.2,0,0,2,1988.41,1773.78,0,391,313,50,1773.78,-3.20545,2.06848,9.40972,4.35509,-93.1449,-88.0903,1.27356,10.0826,0
28,2054,5,5,12.8163,1758.07,1471.26,0,0,2,1536.25,1235.24,0,391,313,50,1235.24,11.957,12.8163,20.7906,19.4423,-78.0577,-76.7094,1.27356,10.0826,0
28,2055,5,5,40.0775,707.715,476.291,0,0,2,455.72,782.217,0,391,313,50,782.217,17.1362,40.0775,46.8488,24.0899,-73.4101,-50.6512,1.27356,10.0826,0
28,2056,5,5,11.9145,2329.28,2081.63,0,0,2,983.043,2308.03,0,391,313,50,2308.03,15.9044,11.9145,19.0678,23.3711,-74.1289,-78.4322,1.27356,10.0826,0
28,2057,5,5,-1.3544,2345.12,2052.49,0,0,2,1808.89,1796.17,0,391,313,50,1796.17,-4.99638,-1.3544,7.28332,4.07641,-93.4236,-90.2167,1.27356,10.0826,0
28,2058,5,5,30.097,1332.93,1135.12,0,0,2,457.613,1445.06,0,391,313,50,1445.06,17.3852,30.097,36.4484,25.166,-72.334,-61.0516,1.27356,10.0826,0
28,2049,5,5,15.0585,2140.21,2144.89,0,0,2,1797.23,1516.01,0,156,136,50,1516.01,17.4466,15.0585,24.4228,24.2452,-73.2548,-73.0772,1.27356,10.0826,0
28,2051,5,5,5.42617,1446.53,1453.73,0,0,2,553.83,1533.34,0,156,136,50,1533.34,7.47073,5.42617,13.2518,13.2664,-84.2336,-84.2482,1.27356,10.0826,0
28,2052,5,5,13.2558,1760.6,1755.95,0,0,2,774.977,1778.48,0,156,136,50,1778.48,11.9248,13.2558,19.0719,21.3364,-76.1636,-78.4281,1.27356,10.0826,0
28,2053,5,5,-0.0852901,2463.75,2458.16,0,0,2,1988.41,1773.78,0,156,136,50,1773.78,-3.20545,-0.0852901,7.25595,4.35509,-93.1449,-90.2441,1.27356,10.0826,0
28,2054,5,5,9.72496,1758.07,1765.19,0,0,2,1536.25,1235.24,0,156,136,50,1235.24,11.957,9.72496,17.6993,19.4423,-78.0577,-79.8007,1.27356,10.0826,0
28,2055,5,5,33.204,707.715,714.093,0,0,2,455.72,782.217,0,156,136,50,782.217,17.1362,33.204,39.9753,24.0899,-73.4101,-57.5247,1.27356,10.0826,0
28,2056,5,5,10.0401,2329.28,2324.7,0,0,2,983.043,2308.03,0,156,136,50,2308.03,15.9044,10.0401,17.1934,23.3711,-74.1289,-80.3066,1.27356,10.0826,0
28,2057,5,5,-3.60281,2345.12,2343.23,0,0,2,1808.89,1796.17,0,156,136,50,1796.17,-4.99638,-3.60281,5.0349,4.07641,-93.4236,-92.4651,1.27356,10.0826,0
28,2058,5,5,27.2265,1332.93,1344.29,0,0,2,457.613,1445.06,0,156,136,50,1445.06,17.3852,27.2265,33.578,25.166,-72.334,-63.922,1.27356,10.0826,0
28,2049,5,5,17.5571,2140.21,1851.27,0,0,4,1797.23,1516.01,0,391,313,50,1516.01,17.4466,17.5571,26.9214,24.2452,-73.2548,-70.5786,1.27356,10.0826,0
28,2051,5,5,8.23262,1446.53,1232.17,0,0,4,553.83,1533.34,0,391,313,50,1533.34,7.47073,8.23262,16.0582,13.2664,-84.2336,-81.4418,1.27356,10.0826,0
28,2052,5,5,15.7522,1760.6,1515.77,0,0,4,774.977,1778.48,0,391,313,50,1778.48,11.9248,15.7522,21.5683,21.3364,-76.1636,-75.9317,1.27356,10.0826,0
28,2053,5,5,2.06848,2463.75,2165.2,0,0,4,1988.41,1773.78,0,391,313,50,1773.78,-3.20545,2.06848,9.40972,4.35509,-93.1449,-88.0903,1.27356,10.0826,0
28,2054,5,5,12.8163,1758.07,1471.26,0,0,4,1536.25,1235.24,0,391,313,50,1235.24,11.957,12.8163,20.7906,19.4423,-78.0577,-76.7094,1.27356,10.0826,0
28,2055,5,5,40.0775,707.715,476.291,0,0,4,455.72,782.217,0,391,313,50,782.217,17.1362,40.0775,46.8488,24.0899,-73.4101,-50.6512,1.27356,10.0826,0
28,2056,5,5,11.9145,2329.28,2081.63,0,0,4,983.043,2308.03,0,391,313,50,2308.03,15.9044,11.9145,19.0678,23.3711,-74.1289,-78.4322,1.27356,10.0826,0
28,2057,5,5,-1.3544,2345.12,2052.49,0,0,4,1808.89,1796.17,0,391,313,50,1796.17,-4.99638,-1.3544,7.28332,4.07641,-93.4236,-90.2167,1.27356,10.0826,0
28,2058,5,5,30.097,1332.93,1135.12,0,0,4,457.613,1445.06,0,391,313,50,1445.06,17.3852,30.097,36.4484,25.166,-72.334,-61.0516,1.27356,10.0826,0
28,2049,5,5,15.0585,2144.89,2144.89,0,0,4,1797.23,1516.01,0,156,136,50,1516.01,15.0585,15.0585,24.4228,24.4228,-73.0772,-73.0772,1.27356,10.0826,0
28,2051,5,5,5.42617,1453.73,1453.73,0,0,4,553.83,1533.34,0,156,136,50,1533.34,5.42617,5.42617,13.2518,13.2518,-84.2482,-84.2482,1.27356,10.0826,0
28,2052,5,5,13.2558,1755.95,1755.95,0,0,4,774.977,1778.48,0,156,136,50,1778.48,13.2558,13.2558,19.0719,19.0719,-78.4281,-78.4281,1.27356,10.0826,0
28,2053,5,5,-0.0852901,2458.16,2458.16,0,0,4,1988.41,1773.78,0,156,136,50,1773.78,-0.0852901,-0.0852901,7.25595,7.25595,-90.2441,-90.2441,1.27356,10.0826,0
28,2054,5,5,9.72496,1765.19,1765.19,0,0,4,1536.25,1235.24,0,156,136,50,1235.24,9.72496,9.72496,17.6993,17.6993,-79.8007,-79.8007,1.27356,10.0826,0
28,2055,5,5,33.204,714.093,714.093,0,0,4,455.72,782.217,0,156,136,50,782.217,33.204,33.204,39.9753,39.9753,-57.5247,-57.5247,1.27356,10.0826,0
28,2056,5,5,10.0401,2324.7,2324.7,0,0,4,983.043,2308.03,0,156,136,50,2308.03,10.0401,10.0401,17.1934,17.1934,-80.3066,-80.3066,1.27356,10.0826,0
28,2057,5,5,-3.60281,2343.23,2343.23,0,0,4,1808.89,1796.17,0,156,136,50,1796.17,-3.60281,-3.60281,5.0349,5.0349,-92.4651,-92.4651,1.27356,10.0826,0
28,2058,5,5,27.2265,1344.29,1344.29,0,0,4,457.613,1445.06,0,156,136,50,1445.06,27.2265,27.2265,33.578,33.578,-63.922,-63.922,1.27356,10.0826,0
29,2049,5,5,7.38782,2144.89,2156.6,0,0,4,1799.82,1531.1,0,156,136,50,1531.1,15.0585,7.38782,14.4846,24.4228,-73.0772,-83.0154,1.27356,10.0826,0
29,2051,5,5,14.8619,1453.73,1458.53,0,0,4,557.319,1537.34,0,156,136,50,1537.34,5.42617,14.8619,23.7787,13.2518,-84.2482,-73.7213,1.27356,10.0826,0
29,2052,5,5,4.70853,1755.95,1751.31,0,0,4,783.662,1770.21,0,156,136,50,1770.21,13.2558,4.70853,12.4048,19.0719,-78.4281,-85.0952,1.27356,10.0826,0
29,2053,5,5,6.95396,2458.16,2452.77,0,0,1,1981.76,1773.13,0,156,136,50,1773.13,-0.0852901,6.95396,14.2894,7.25595,-90.2441,-83.2106,1.27356,10.0826,0
29,2054,5,5,12.5074,1765.19,1768.1,0,0,4,1540.71,1234.3,0,156,136,50,1234.3,9.72496,12.5074,21.3637,17.6993,-79.8007,-76.1363,1.27356,10.0826,0
29,2055,5,5,28.5084,714.093,720.473,0,0,4,456.171,789.054,0,156,136,50,789.054,33.204,28.5084,34.414,39.9753,-57.5247,-63.086,1.27356,10.0826,0
29,2056,5,5,7.54608,2324.7,2320.12,0,0,1,978.554,2304.84,0,156,136,50,2304.84,10.0401,7.54608,15.0022,17.1934,-80.3066,-82.4978,1.27356,10.0826,0
29,2057,5,5,-2.24832,2343.23,2341.34,0,0,5,1808.62,1793.77,0,156,136,50,1793.77,-3.60281,-2.24832,3.99338,5.0349,-92.4651,-93.5066,1.27356,10.0826,0
29,2058,5,5,11.6984,1344.29,1366.07,0,0,4,476.536,1462.99,0,156,136,50,1462.99,27.2265,11.6984,18.8508,33.578,-63.922,-78.6492,1.27356,10.0826,0
29,2049,5,5,9.871,2144.89,1863.07,0,0,2,1799.82,1531.1,0,391,313,50,1531.1,15.0585,9.871,16.9678,24.4228,-73.0772,-80.5322,1.27356,10.0826,0
29,2051,5,5,17.6635,1453.73,1236.59,0,0,2,557.319,1537.34,0,391,313,50,1537.34,5.42617,17.6635,26.5803,13.2518,-84.2482,-70.9197,1.27356,10.0826,0
29,2052,5,5,7.22462,1755.95,1510.01,0,0,2,783.662,1770.21,0,391,313,50,1770.21,13.2558,7.22462,14.9209,19.0719,-78.4281,-82.5791,1.27356,10.0826,0
29,2053,5,5,9.11241,2458.16,2159.86,0,0,2,1981.76,1773.13,0,391,313,50,1773.13,-0.0852901,9.11241,16.4478,7.25595,-90.2441,-81.0522,1.27356,10.0826,0
29,2054,5,5,15.5934,1765.19,1474.15,0,0,2,1540.71,1234.3,0,391,313,50,1234.3,9.72496,15.5934,24.4497,17.6993,-79.8007,-73.0503,1.27356,10.0826,0
29,2055,5,5,35.2924,714.093,483.088,0,0,2,456.171,789.054,0,391,313,50,789.054,33.204,35.2924,41.1979,39.9753,-57.5247,-56.3021,1.27356,10.0826,0
29,2056,5,5,9.42243,2324.7,2077.29,0,0,2,978.554,2304.84,0,391,313,50,2304.84,10.0401,9.42243,16.8785,17.1934,-80.3066,-80.6215,1.27356,10.0826,0
29,2057,5,5,0.00228302,2343.23,2050.57,0,0,2,1808.62,1793.77,0,391,313,50,1793.77,-3.60281,0.00228302,6.24398,5.0349,-92.4651,-91.256,1.27356,10.0826,0
29,2058,5,5,14.558,1344.29,1154.25,0,0,2,476.536,1462.99,0,391,313,50,1462.99,27.2265,14.558,21.7104,33.578,-63.922,-75.7896,1.27356,10.0826,0
29,2049,5,5,7.38782,2144.89,2156.6,0,0,2,1799.82,1531.1,0,156,136,50,1531.1,15.0585,7.38782,14.4846,24.4228,-73.0772,-83.0154,1.27356,10.0826,0
29,2051,5,5,14.8619,1453.73,1458.53,0,0,2,557.319,1537.34,0,156,136,50,1537.34,5.42617,14.8619,23.7787,13.2518,-84.2482,-73.7213,1.27356,10.0826,0
29,2052,5,5,4.70853,1755.95,1751.31,0,0,2,783.662,1770.21,0,156,136,50,1770.21,13.2558,4.70853,12.4048,19.0719,-78.4281,-85.0952,1.27356,10.0826,0
29,2053,5,5,6.95396,2458.16,2452.77,0,0,2,1981.76,1773.13,0,156,136,50,1773.13,-0.0852901,6.95396,14.2894,7.25595,-90.2441,-83.2106,1.27356,10.0826,0
29,2054,5,5,12.5074,1765.19,1768.1,0,0,2,1540.71,1234.3,0,156,136,50,1234.3,9.72496,12.5074,21.3637,17.6993,-79.8007,-76.1363,1.27356,10.0826,0
29,2055,5,5,28.5084,714.093,720.473,0,0,2,456.171,789.054,0,156,136,50,789.054,33.204,28.5084,34.414,39.9753,-57.5247,-63.086,1.27356,10.0826,0
29,2056,5,5,7.54608,2324.7,2320.12,0,0,2,978.554,2304.84,0,156,136,50,2304.84,10.0401,7.54608,15.0022,17.1934,-80.3066,-82.4978,1.27356,10.0826,0
29,2057,5,5,-2.24832,2343.23,2341.34,0,0,2,1808.62,1793.77,0,156,136,50,1793.77,-3.60281,-2.24832,3.99338,5.0349,-92.4651,-93.5066,1.27356,10.0826,0
29,2058,5,5,11.6984,1344.29,1366.07,0,0,2,476.536,1462.99,0,156,136,50,1462.99,27.2265,11.6984,18.8508,33.578,-63.922,-78.6492,1.27356,10.0826,0
29,2049,5,5,9.871,2144.89,1863.07,0,0,4,1799.82,1531.1,0,391,313,50,1531.1,15.0585,9.871,16.9678,24.4228,-73.0772,-80.5322,1.27356,10.0826,0
29,2051,5,5,17.6635,1453.73,1236.59,0,0,4,557.319,1537.34,0,391,313,50,1537.34,5.42617,17.6635,26.5803,13.2518,-84.2482,-70.9197,1.27356,10.0826,0
29,2052,5,5,7.22462,1755.95,1510.01,0,0,4,783.662,1770.21,0,391,313,50,1770.21,13.2558,7.22462,14.9209,19.0719,-78.4281,-82.5791,1.27356,10.0826,0
29,2053,5,5,9.11241,2458.16,2159.86,0,0,4,1981.76,1773.13,0,391,313,50,1773.13,-0.0852901,9.11241,16.4478,7.25595,-90.2441,-81.0522,1.27356,10.0826,0
29,2054,5,5,15.5934,1765.19,1474.15,0,0,4,1540.71,1234.3,0,391,313,50,1234.3,9.72496,15.5934,24.4497,17.6993,-79.8007,-73.0503,1.27356,10.0826,0
29,2055,5,5,35.2924,714.093,483.088,0,0,4,456.171,789.054,0,391,313,50,789.054,33.204,35.2924,41.1979,39.9753,-57.5247,-56.3021,1.27356,10.0826,0
29,2056,5,5,9.42243,2324.7,2077.29,0,0,4,978.554,2304.84,0,391,313,50,2304.84,10.0401,9.42243,16.8785,17.1934,-80.3066,-80.6215,1.27356,10.0826,0
29,2057,5,5,0.00228302,2343.23,2050.57,0,0,4,1808.62,1793.77,0,391,313,50,1793.77,-3.60281,0.00228302,6.24398,5.0349,-92.4651,-91.256,1.27356,10.0826,0
29,2058,5,5,14.558,1344.29,1154.25,0,0,4,476.536,1462.99,0,391,313,50,1462.99,27.2265,14.558,21.7104,33.578,-63.922,-75.7896,1.27356,10.0826,0
29,2049,5,5,7.38782,2156.6,2156.6,0,0,4,1799.82,1531.1,0,156,136,50,1531.1,7.38782,7.38782,14.4846,14.4846,-83.0154,-83.0154,1.27356,10.0826,0
29,2051,5,5,14.8619,1458.53,1458.53,0,0,4,557.319,1537.34,0,156,136,50,1537.34,14.8619,14.8619,23.7787,23.7787,-73.7213,-73.7213,1.27356,10.0826,0
29,2052,5,5,4.70853,1751.31,1751.31,0,0,4,783.662,1770.21,0,156,136,50,1770.21,4.70853,4.70853,12.4048,12.4048,-85.0952,-85.0952,1.27356,10.0826,0
29,2053,5,5,6.95396,2452.77,2452.77,0,0,4,1981.76,1773.13,0,156,136,50,1773.13,6.95396,6.95396,14.2894,14.2894,-83.2106,-83.2106,1.27356,10.0826,0
29,2054,5,5,12.5074,1768.1,1768.1,0,0,4,1540.71,1234.3,0,156,136,50,1234.3,12.5074,12.5074,21.3637,21.3637,-76.1363,-76.1363,1.27356,10.0826,0
29,2055,5,5,28.5084,720.473,720.473,0,0,4,456.171,789.054,0,156,136,50,789.054,28.5084,28.5084,34.414,34.414,-63.086,-63.086,1.27356,10.0826,0
29,2056,5,5,7.54608,2320.12,2320.12,0,0,4,978.554,2304.84,0,156,136,50,2304.84,7.54608,7.54608,15.0022,15.0022,-82.4978,-82.4978,1.27356,10.0826,0
29,2057,5,5,-2.24832,2341.34,2341.34,0,0,4,1808.62,1793.77,0,156,136,50,1793.77,-2.24832,-2.24832,3.99338,3.99338,-93.5066,-93.5066,1.27356,10.0826,0
29,2058,5,5,11.6984,1366.07,1366.07,0,0,4,476.536,1462.99,0,156,136,50,1462.99,11.6984,11.6984,18.8508,18.8508,-78.6492,-78.6492,1.27356,10.0826,0
30,2049,5,5,12.1774,2156.6,2162.29,0,0,4,1801.76,1537.6,0,156,136,50,1537.6,7.38782,12.1774,19.8689,14.4846,-83.0154,-77.6311,1.27356,18.6718,0
30,2051,5,5,3.46246,1458.53,1460.06,0,0,1,578.696,1532.64,0,156,136,50,1532.64,14.8619,3.46246,10.0811,23.7787,-73.7213,-87.4189,1.27356,18.6718,0
30,2052,5,5,13.0283,1751.31,1746.88,0,0,5,799.238,1759.37,0,156,136,50,1759.37,4.70853,13.0283,20.2498,12.4048,-85.0952,-77.2502,1.27356,18.6718,0
30,2053,5,5,-4.01695,2452.77,2440.23,0,0,5,1966.14,1771.73,0,156,136,50,1771.73,6.95396,-4.01695,4.87251,14.2894,-83.2106,-92.6275,1.27356,18.6718,0
30,2054,5,5,7.15357,1768.1,1771.02,0,0,1,1545.18,1233.36,0,156,136,50,1233.36,12.5074,7.15357,13.7144,21.3637,-76.1363,-83.7856,1.27356,18.6718,0
30,2055,5,5,26.7813,720.473,726.841,0,0,4,456.621,795.867,0,156,136,50,795.867,28.5084,26.7813,33.0164,34.414,-63.086,-64.4836,1.27356,18.6718,0
30,2056,5,5,4.52551,2320.12,2315.54,0,0,5,974.068,2301.64,0,156,136,50,2301.64,7.54608,4.52551,11.3741,15.0022,-82.4978,-86.1259,1.27356,18.6718,0
30,2057,5,5,2.97163,2341.34,2339.45,0,0,5,1808.35,1791.38,0,156,136,50,1791.38,-2.24832,2.97163,10.0716,3.99338,-93.5066,-87.4284,1.27356,18.6718,0
30,2058,5,5,12.6054,1366.07,1379.46,0,0,1,488.043,1473.97,0,156,136,50,1473.97,11.6984,12.6054,18.7871,18.8508,-78.6492,-78.7129,1.27356,18.6718,0
30,2049,5,5,14.6533,2156.6,1868.79,0,0,2,1801.76,1537.6,0,391,313,50,1537.6,7.38782,14.6533,22.3447,14.4846,-83.0154,-75.1553,1.27356,18.6718,0
30,2051,5,5,6.30358,1458.53,1235.01,0,0,2,578.696,1532.64,0,391,313,50,1532.64,14.8619,6.30358,12.9223,23.7787,-73.7213,-84.5777,1.27356,18.6718,0
30,2052,5,5,15.5724,1751.31,1503.71,0,0,2,799.238,1759.37,0,391,313,50,1759.37,4.70853,15.5724,22.7939,12.4048,-85.0952,-74.7061,1.27356,18.6718,0
30,2053,5,5,-1.84756,2452.77,2147.43,0,0,2,1966.14,1771.73,0,391,313,50,1771.73,6.95396,-1.84756,7.0419,14.2894,-83.2106,-90.4581,1.27356,18.6718,0
30,2054,5,5,10.2341,1768.1,1477.05,0,0,2,1545.18,1233.36,0,391,313,50,1233.36,12.5074,10.2341,16.795,21.3637,-76.1363,-80.705,1.27356,18.6718,0
30,2055,5,5,33.4782,720.473,489.864,0,0,2,456.621,795.867,0,391,313,50,795.867,28.5084,33.4782,39.7133,34.414,-63.086,-57.7867,1.27356,18.6718,0
30,2056,5,5,6.40377,2320.12,2072.96,0,0,2,974.068,2301.64,0,391,313,50,2301.64,7.54608,6.40377,13.2524,15.0022,-82.4978,-84.2476,1.27356,18.6718,0
30,2057,5,5,5.22442,2341.34,2048.66,0,0,2,1808.35,1791.38,0,391,313,50,1791.38,-2.24832,5.22442,12.3244,3.99338,-93.5066,-85.1756,1.27356,18.6718,0
30,2058,5,5,15.4574,1366.07,1166.09,0,0,2,488.043,1473.97,0,391,313,50,1473.97,11.6984,15.4574,21.639,18.8508,-78.6492,-75.861,1.27356,18.6718,0
30,2049,5,5,12.1774,2156.6,2162.29,0,0,2,1801.76,1537.6,0,156,136,50,1537.6,7.38782,12.1774,19.8689,14.4846,-83.0154,-77.6311,1.27356,18.6718,0
30,2051,5,5,3.46246,1458.53,1460.06,0,0,2,578.696,1532.64,0,156,136,50,1532.64,14.8619,3.46246,10.0811,23.7787,-73.7213,-87.4189,1.27356,18.6718,0
30,2052,5,5,13.0283,1751.31,1746.88,0,0,2,799.238,1759.37,0,156,136,50,1759.37,4.70853,13.0283,20.2498,12.4048,-85.0952,-77.2502,1.27356,18.6718,0
30,2053,5,5,-4.01695,2452.77,2440.23,0,0,2,1966.14,1771.73,0,156,136,50,1771.73,6.95396,-4.01695,4.87251,14.2894,-83.2106,-92.6275,1.27356,18.6718,0
30,2054,5,5,7.15357,1768.1,1771.02,0,0,2,1545.18,1233.36,0,156,136,50,1233.36,12.5074,7.15357,13.7144,21.3637,-76.1363,-83.7856,1.27356,18.6718,0
30,2055,5,5,26.7813,720.473,726.841,0,0,2,456.621,795.867,0,156,136,50,795.867,28.5084,26.7813,33.0164,34.414,-63.086,-64.4836,1.27356,18.6718,0
30,2056,5,5,4.52551,2320.12,2315.54,0,0,2,974.068,2301.64,0,156,136,50,2301.64,7.54608,4.52551,11.3741,15.0022,-82.4978,-86.1259,1.27356,18.6718,0
30,2057,5,5,2.97163,2341.34,2339.45,0,0,2,1808.35,1791.38,0,156,136,50,1791.38,-2.24832,2.97163,10.0716,3.99338,-93.5066,-87.4284,1.27356,18.6718,0
30,2058,5,5,12.6054,1366.07,1379.46,0,0,2,488.043,1473.97,0,156,136,50,1473.97,11.6984,12.6054,18.7871,18.8508,-78.6492,-78.7129,1.27356,18.6718,0
30,2049,5,5,14.6533,2156.6,1868.79,0,0,4,1801.76,1537.6,0,391,313,50,1537.6,7.38782,14.6533,22.3447,14.4846,-83.0154,-75.1553,1.27356,18.6718,0
30,2051,5,5,6.30358,1458.53,1235.01,0,0,4,578.696,1532.64,0,391,313,50,1532.64,14.8619,6.30358,12.9223,23.7787,-73.7213,-84.5777,1.27356,18.6718,0
30,2052,5,5,15.5724,1751.31,1503.71,0,0,4,799.238,1759.37,0,391,313,50,1759.37,4.70853,15.5724,22.7939,12.4048,-85.0952,-74.7061,1.27356,18.6718,0
30,2053,5,5,-1.84756,2452.77,2147.43,0,0,4,1966.14,1771.73,0,391,313,50,1771.73,6.95396,-1.84756,7.0419,14.2894,-83.2106,-90.4581,1.27356,18.6718,0
30,2054,5,5,10.2341,1768.1,1477.05,0,0,4,1545.18,1233.36,0,391,313,50,1233.36,12.5074,10.2341,16.795,21.3637,-76.1363,-80.705,1.27356,18.6718,0
30,2055,5,5,33.4782,720.473,489.864,0,0,4,456.621,795.867,0,391,313,50,795.867,28.5084,33.4782,39.7133,34.414,-63.086,-57.7867,1.27356,18.6718,0
30,2056,5,5,6.40377,2320.12,2072.96,0,0,4,974.068,2301.64,0,391,313,50,2301.64,7.54608,6.40377,13.2524,15.0022,-82.4978,-84.2476,1.27356,18.6718,0
30,2057,5,5,5.22442,2341.34,2048.66,0,0,4,1808.35,1791.38,0,391,313,50,1791.38,-2.24832,5.22442,12.3244,3.99338,-93.5066,-85.1756,1.27356,18.6718,0
30,2058,5,5,15.4574,1366.07,1166.09,0,0,4,488.043,1473.97,0,391,313,50,1473.97,11.6984,15.4574,21.639,18.8508,-78.6492,-75.861,1.27356,18.6718,0
30,2049,5,5,12.1774,2162.29,2162.29,0,0,4,1801.76,1537.6,0,156,136,50,1537.6,12.1774,12.1774,19.8689,19.8689,-77.6311,-77.6311,1.27356,18.6718,0
30,2051,5,5,3.46246,1460.06,1460.06,0,0,4,578.696,1532.64,0,156,136,50,1532.64,3.46246,3.46246,10.0811,10.0811,-87.4189,-87.4189,1.27356,18.6718,0
30,2052,5,5,13.0283,1746.88,1746.88,0,0,4,799.238,1759.37,0,156,136,50,1759.37,13.0283,13.0283,20.2498,20.2498,-77.2502,-77.2502,1.27356,18.6718,0
30,2053,5,5,-4.01695,2440.23,2440.23,0,0,4,1966.14,1771.73,0,156,136,50,1771.73,-4.01695,-4.01695,4.87251,4.87251,-92.6275,-92.6275,1.27356,18.6718,0
30,2054,5,5,7.15357,1771.02,1771.02,0,0,4,1545.18,1233.36,0,156,136,50,1233.36,7.15357,7.15357,13.7144,13.7144,-83.7856,-83.7856,1.27356,18.6718,0
30,2055,5,5,26.7813,726.841,726.841,0,0,4,456.621,795.867,0,156,136,50,795.867,26.7813,26.7813,33.0164,33.0164,-64.4836,-64.4836,1.27356,18.6718,0
30,2056,5,5,4.52551,2315.54,2315.54,0,0,4,974.068,2301.64,0,156,136,50,2301.64,4.52551,4.52551,11.3741,11.3741,-86.1259,-86.1259,1.27356,18.6718,0
30,2057,5,5,2.97163,2339.45,2339.45,0,0,4,1808.35,1791.38,0,156,136,50,1791.38,2.97163,2.97163,10.0716,10.0716,-87.4284,-87.4284,1.27356,18.6718,0
30,2058,5,5,12.6054,1379.46,1379.46,0,0,4,488.043,1473.97,0,156,136,50,1473.97,12.6054,12.6054,18.7871,18.7871,-78.7129,-78.7129,1.27356,18.6718,0
31,2049,5,5,5.65774,2162.29,2168.85,0,0,4,1803.99,1545.09,0,156,136,50,1545.09,12.1774,5.65774,12.4354,19.8689,-77.6311,-85.0646,1.27356,18.6718,0
31,2051,5,5,7.56295,1460.06,1456.37,0,0,4,585.614,1526.67,0,156,136,50,1526.67,3.46246,7.56295,16.7265,10.0811,-87.4189,-80.7735,1.27356,18.6718,0
31,2052,5,5,14.8126,1746.88,1736.82,0,0,4,814.528,1742.36,0,156,136,50,1742.36,13.0283,14.8126,22.9377,20.2498,-77.2502,-74.5623,1.27356,18.6718,0
31,2053,5,5,-2.8555,2440.23,2435.53,0,0,1,1960.32,1771.16,0,156,136,50,1771.16,-4.01695,-2.8555,5.05982,4.87251,-92.6275,-92.4402,1.27356,18.6718,0
31,2054,5,5,13.1141,1771.02,1773.86,0,0,4,1549.35,1232.65,0,156,136,50,1232.65,7.15357,13.1141,22.1765,13.7144,-83.7856,-75.3235,1.27356,18.6718,0
31,2055,5,5,31.5877,726.841,733.232,0,0,4,457.072,802.697,0,156,136,50,802.697,26.7813,31.5877,37.6372,33.0164,-64.4836,-59.8628,1.27356,18.6718,0
31,2056,5,5,9.32856,2315.54,2310.96,0,0,5,969.567,2298.44,0,156,136,50,2298.44,4.52551,9.32856,15.9413,11.3741,-86.1259,-81.5587,1.27356,18.6718,0
31,2057,5,5,10.2571,2339.45,2337.57,0,0,5,1808.09,1788.98,0,156,136,50,1788.98,2.97163,10.2571,16.5939,10.0716,-87.4284,-80.9061,1.27356,18.6718,0
31,2058,5,5,16.7432,1379.46,1392.9,0,0,4,499.548,1484.94,0,156,136,50,1484.94,12.6054,16.7432,24.4021,18.7871,-78.7129,-73.0979,1.27356,18.6718,0
31,2049,5,5,8.12516,2162.29,1875.39,0,0,2,1803.99,1545.09,0,391,313,50,1545.09,12.1774,8.12516,14.9028,19.8689,-77.6311,-82.5972,1.27356,18.6718,0
31,2051,5,5,10.4276,1460.06,1230.19,0,0,2,585.614,1526.67,0,391,313,50,1526.67,3.46246,10.4276,19.5911,10.0811,-87.4189,-77.9089,1.27356,18.6718,0
31,2052,5,5,17.3956,1746.88,1491.63,0,0,2,814.528,1742.36,0,391,313,50,1742.36,13.0283,17.3956,25.5207,20.2498,-77.2502,-71.9793,1.27356,18.6718,0
31,2053,5,5,-0.681995,2440.23,2142.78,0,0,2,1960.32,1771.16,0,391,313,50,1771.16,-4.01695,-0.681995,7.23333,4.87251,-92.6275,-90.2667,1.27356,18.6718,0
31,2054,5,5,16.1894,1771.02,1479.87,0,0,2,1549.35,1232.65,0,391,313,50,1232.65,7.15357,16.1894,25.2518,13.7144,-83.7856,-72.2482,1.27356,18.6718,0
31,2055,5,5,38.1994,726.841,496.658,0,0,2,457.072,802.697,0,391,313,50,802.697,26.7813,38.1994,44.2489,33.0164,-64.4836,-53.2511,1.27356,18.6718,0
31,2056,5,5,11.2087,2315.54,2068.62,0,0,2,969.567,2298.44,0,391,313,50,2298.44,4.52551,11.2087,17.8215,11.3741,-86.1259,-79.6785,1.27356,18.6718,0
31,2057,5,5,12.5121,2339.45,2046.74,0,0,2,1808.09,1788.98,0,391,313,50,1788.98,2.97163,12.5121,18.8489,10.0716,-87.4284,-78.6511,1.27356,18.6718,0
31,2058,5,5,19.5869,1379.46,1178.02,0,0,2,499.548,1484.94,0,391,313,50,1484.94,12.6054,19.5869,27.2458,18.7871,-78.7129,-70.2542,1.27356,18.6718,0
31,2049,5,5,5.65774,2162.29,2168.85,0,0,2,1803.99,1545.09,0,156,136,50,1545.09,12.1774,5.65774,12.4354,19.8689,-77.6311,-85.0646,1.27356,18.6718,0
31,2051,5,5,7.56295,1460.06,1456.37,0,0,2,585.614,1526.67,0,156,136,50,1526.67,3.46246,7.56295,16.7265,10.0811,-87.4189,-80.7735,1.27356,18.6718,0
31,2052,5,5,14.8126,1746.88,1736.82,0,0,2,814.528,1742.36,0,156,136,50,1742.36,13.0283,14.8126,22.9377,20.2498,-77.2502,-74.5623,1.27356,18.6718,0
31,2053,5,5,-2.8555,2440.23,2435.53,0,0,2,1960.32,1771.16,0,156,136,50,1771.16,-4.01695,-2.8555,5.05982,4.87251,-92.6275,-92.4402,1.27356,18.6718,0
31,2054,5,5,13.1141,1771.02,1773.86,0,0,2,1549.35,1232.65,0,156,136,50,1232.65,7.15357,13.1141,22.1765,13.7144,-83.7856,-75.3235,1.27356,18.6718,0
31,2055,5,5,31.5877,726.841,733.232,0,0,2,457.072,802.697,0,156,136,50,802.697,26.7813,31.5877,37.6372,33.0164,-64.4836,-59.8628,1.27356,18.6718,0
31,2056,5,5,9.32856,2315.54,2310.96,0,0,2,969.567,2298.44,0,156,136,50,2298.44,4.52551,9.32856,15.9413,11.3741,-86.1259,-81.5587,1.27356,18.6718,0
31,2057,5,5,10.2571,2339.45,2337.57,0,0,2,1808.09,1788.98,0,156,136,50,1788.98,2.97163,10.2571,16.5939,10.0716,-87.4284,-80.9061,1.27356,18.6718,0
31,2058,5,5,16.7432,1379.46,1392.9,0,0,2,499.548,1484.94,0,156,136,50,1484.94,12.6054,16.7432,24.4021,18.7871,-78.7129,-73.0979,1.27356,18.6718,0
31,2049,5,5,8.12516,2162.29,1875.39,0,0,4,1803.99,1545.09,0,391,313,50,1545.09,12.1774,8.12516,14.9028,19.8689,-77.6311,-82.5972,1.27356,18.6718,0
31,2051,5,5,10.4276,1460.06,1230.19,0,0,4,585.614,1526.67,0,391,313,50,1526.67,3.46246,10.4276,19.5911,10.0811,-87.4189,-77.9089,1.27356,18.6718,0
31,2052,5,5,17.3956,1746.88,1491.63,0,0,4,814.528,1742.36,0,391,313,50,1742.36,13.0283,17.3956,25.5207,20.2498,-77.2502,-71.9793,1.27356,18.6718,0
31,2053,5,5,-0.681995,2440.23,2142.78,0,0,4,1960.32,1771.16,0,391,313,50,1771.16,-4.01695,-0.681995,7.23333,4.87251,-92.6275,-90.2667,1.27356,18.6718,0
31,2054,5,5,16.1894,1771.02,1479.87,0,0,4,1549.35,1232.65,0,391,313,50,1232.65,7.15357,16.1894,25.2518,13.7144,-83.7856,-72.2482,1.27356,18.6718,0
31,2055,5,5,38.1994,726.841,496.658,0,0,4,457.072,802.697,0,391,313,50,802.697,26.7813,38.1994,44.2489,33.0164,-64.4836,-53.2511,1.27356,18.6718,0
31,2056,5,5,11.2087,2315.54,2068.62,0,0,4,969.567,2298.44,0,391,313,50,2298.44,4.52551,11.2087,17.8215,11.3741,-86.1259,-79.6785,1.27356,18.6718,0
31,2057,5,5,12.5121,2339.45,2046.74,0,0,4,1808.09,1788.98,0,391,313,50,1788.98,2.97163,12.5121,18.8489,10.0716,-87.4284,-78.6511,1.27356,18.6718,0
31,2058,5,5,19.5869,1379.46,1178.02,0,0,4,499.548,1484.94,0,391,313,50,1484.94,12.6054,19.5869,27.2458,18.7871,-78.7129,-70.2542,1.27356,18.6718,0
31,2049,5,5,5.65774,2168.85,2168.85,0,0,4,1803.99,1545.09,0,156,136,50,1545.09,5.65774,5.65774,12.4354,12.4354,-85.0646,-85.0646,1.27356,18.6718,0
31,2051,5,5,7.56295,1456.37,1456.37,0,0,4,585.614,1526.67,0,156,136,50,1526.67,7.56295,7.56295,16.7265,16.7265,-80.7735,-80.7735,1.27356,18.6718,0
31,2052,5,5,14.8126,1736.82,1736.82,0,0,4,814.528,1742.36,0,156,136,50,1742.36,14.8126,14.8126,22.9377,22.9377,-74.5623,-74.5623,1.27356,18.6718,0
31,2053,5,5,-2.8555,2435.53,2435.53,0,0,4,1960.32,1771.16,0,156,136,50,1771.16,-2.8555,-2.8555,5.05982,5.05982,-92.4402,-92.4402,1.27356,18.6718,0
31,2054,5,5,13.1141,1773.86,1773.86,0,0,4,1549.35,1232.65,0,156,136,50,1232.65,13.1141,13.1141,22.1765,22.1765,-75.3235,-75.3235,1.27356,18.6718,0
31,2055,5,5,31.5877,733.232,733.232,0,0,4,457.072,802.697,0,156,136,50,802.697,31.5877,31.5877,37.6372,37.6372,-59.8628,-59.8628,1.27356,18.6718,0
31,2056,5,5,9.32856,2310.96,2310.96,0,0,4,969.567,2298.44,0,156,136,50,2298.44,9.32856,9.32856,15.9413,15.9413,-81.5587,-81.5587,1.27356,18.6718,0
31,2057,5,5,10.2571,2337.57,2337.57,0,0,4,1808.09,1788.98,0,156,136,50,1788.98,10.2571,10.2571,16.5939,16.5939,-80.9061,-80.9061,1.27356,18.6718,0
31,2058,5,5,16.7432,1392.9,1392.9,0,0,4,499.548,1484.94,0,156,136,50,1484.94,16.7432,16.7432,24.4021,24.4021,-73.0979,-73.0979,1.27356,18.6718,0
32,2049,5,5,8.24087,2168.85,2175.44,0,0,4,1806.23,1552.6,0,156,136,50,1552.6,5.65774,8.24087,15.8353,12.4354,-85.0646,-81.6647,1.27356,18.6718,0
32,2051,5,5,15.1308,1456.37,1452.01,0,0,4,593.907,1519.5,0,156,136,50,1519.5,7.56295,15.1308,21.4558,16.7265,-80.7735,-76.0442,1.27356,18.6718,0
32,2052,5,5,14.0483,1736.82,1732.04,0,0,4,821.358,1734.36,0,156,136,50,1734.36,14.8126,14.0483,21.5775,22.9377,-74.5623,-75.9225,1.27356,18.6718,0
32,2053,5,5,9.30225,2435.53,2430.84,0,0,1,1954.5,1770.59,0,156,136,50,1770.59,-2.8555,9.30225,17.2263,5.05982,-92.4402,-80.2737,1.27356,18.6718,0
32,2054,5,5,14.9831,1773.86,1775.56,0,0,4,1551.68,1232.44,0,156,136,50,1232.44,13.1141,14.9831,22.7124,22.1765,-75.3235,-74.7876,1.27356,18.6718,0
32,2055,5,5,22.9829,733.232,739.659,0,0,4,457.525,809.556,0,156,136,50,809.556,31.5877,22.9829,29.722,37.6372,-59.8628,-67.778,1.27356,18.6718,0
32,2056,5,5,9.40778,2310.96,2306.39,0,0,1,965.076,2295.24,0,156,136,50,2295.24,9.32856,9.40778,17.3147,15.9413,-81.5587,-80.1853,1.27356,18.6718,0
32,2057,5,5,5.12247,2337.57,2335.69,0,0,5,1807.82,1786.58,0,156,136,50,1786.58,10.2571,5.12247,13.0551,16.5939,-80.9061,-84.4449,1.27356,18.6718,0
32,2058,5,5,6.39892,1392.9,1406.38,0,0,4,511.05,1495.91,0,156,136,50,1495.91,16.7432,6.39892,14.0268,24.4021,-73.0979,-83.4732,1.27356,18.6718,0
32,2049,5,5,10.6999,2168.85,1882.02,0,0,2,1806.23,1552.6,0,391,313,50,1552.6,5.65774,10.6999,18.2943,12.4354,-85.0646,-79.2057,1.27356,18.6718,0
32,2051,5,5,18.0237,1456.37,1224.46,0,0,2,593.907,1519.5,0,391,313,50,1519.5,7.56295,18.0237,24.3487,16.7265,-80.7735,-73.1513,1.27356,18.6718,0
32,2052,5,5,16.6495,1736.82,1485.92,0,0,2,821.358,1734.36,0,391,313,50,1734.36,14.8126,16.6495,24.1787,22.9377,-74.5623,-73.3213,1.27356,18.6718,0
32,2053,5,5,11.4799,2435.53,2138.13,0,0,2,1954.5,1770.59,0,391,313,50,1770.59,-2.8555,11.4799,19.4039,5.05982,-92.4402,-78.0961,1.27356,18.6718,0
32,2054,5,5,18.0552,1773.86,1481.57,0,0,2,1551.68,1232.44,0,391,313,50,1232.44,13.1141,18.0552,25.7846,22.1765,-75.3235,-71.7154,1.27356,18.6718,0
32,2055,5,5,29.5111,733.232,503.482,0,0,2,457.525,809.556,0,391,313,50,809.556,31.5877,29.5111,36.2502,37.6372,-59.8628,-61.2498,1.27356,18.6718,0
32,2056,5,5,11.2898,2310.96,2064.3,0,0,2,965.076,2295.24,0,391,313,50,2295.24,9.32856,11.2898,19.1967,15.9413,-81.5587,-78.3033,1.27356,18.6718,0
32,2057,5,5,7.37963,2337.57,2044.83,0,0,2,1807.82,1786.58,0,391,313,50,1786.58,10.2571,7.37963,15.3123,16.5939,-80.9061,-82.1877,1.27356,18.6718,0
32,2058,5,5,9.23392,1392.9,1190.03,0,0,2,511.05,1495.91,0,391,313,50,1495.91,16.7432,9.23392,16.8618,24.4021,-73.0979,-80.6382,1.27356,18.6718,0
32,2049,5,5,8.24087,2168.85,2175.44,0,0,2,1806.23,1552.6,0,156,136,50,1552.6,5.65774,8.24087,15.8353,12.4354,-85.0646,-81.6647,1.27356,18.6718,0
32,2051,5,5,15.1308,1456.37,1452.01,0,0,2,593.907,1519.5,0,156,136,50,1519.5,7.56295,15.1308,21.4558,16.7265,-80.7735,-76.0442,1.27356,18.6718,0
32,2052,5,5,14.0483,1736.82,1732.04,0,0,2,821.358,1734.36,0,156,136,50,1734.36,14.8126,14.0483,21.5775,22.9377,-74.5623,-75.9225,1.27356,18.6718,0
32,2053,5,5,9.30225,2435.53,2430.84,0,0,2,1954.5,1770.59,0,156,136,50,1770.59,-2.8555,9.30225,17.2263,5.05982,-92.4402,-80.2737,1.27356,18.6718,0
32,2054,5,5,14.9831,1773.86,1775.56,0,0,2,1551.68,1232.44,0,156,136,50,1232.44,13.1141,14.9831,22.7124,22.1765,-75.3235,-74.7876,1.27356,18.6718,0
32,2055,5,5,22.9829,733.232,739.659,0,0,2,457.525,809.556,0,156,136,50,809.556,31.5877,22.9829,29.722,37.6372,-59.8628,-67.778,1.27356,18.6718,0
32,2056,5,5,9.40778,2310.96,2306.39,0,0,2,965.076,2295.24,0,156,136,50,2295.24,9.32856,9.40778,17.3147,15.9413,-81.5587,-80.1853,1.27356,18.6718,0
32,2057,5,5,5.12247,2337.57,2335.69,0,0,2,1807.82,1786.58,0,156,136,50,1786.58,10.2571,5.12247,13.0551,16.5939,-80.9061,-84.4449,1.27356,18.6718,0
32,2058,5,5,6.39892,1392.9,1406.38,0,0,2,511.05,1495.91,0,156,136,50,1495.91,16.7432,6.39892,14.0268,24.4021,-73.0979,-83.4732,1.27356,18.6718,0
32,2049,5,5,10.6999,2168.85,1882.02,0,0,4,1806.23,1552.6,0,391,313,50,1552.6,5.65774,10.6999,18.2943,12.4354,-85.0646,-79.2057,1.27356,18.6718,0
32,2051,5,5,18.0237,1456.37,1224.46,0,0,4,593.907,1519.5,0,391,313,50,1519.5,7.56295,18.0237,24.3487,16.7265,-80.7735,-73.1513,1.27356,18.6718,0
32,2052,5,5,16.6495,1736.82,1485.92,0,0,4,821.358,1734.36,0,391,313,50,1734.36,14.8126,16.6495,24.1787,22.9377,-74.5623,-73.3213,1.27356,18.6718,0
32,2053,5,5,11.4799,2435.53,2138.13,0,0,4,1954.5,1770.59,0,391,313,50,1770.59,-2.8555,11.4799,19.4039,5.05982,-92.4402,-78.0961,1.27356,18.6718,0
32,2054,5,5,18.0552,1773.86,1481.57,0,0,4,1551.68,1232.44,0,391,313,50,1232.44,13.1141,18.0552,25.7846,22.1765,-75.3235,-71.7154,1.27356,18.6718,0
32,2055,5,5,29.5111,733.232,503.482,0,0,4,457.525,809.556,0,391,313,50,809.556,31.5877,29.5111,36.2502,37.6372,-59.8628,-61.2498,1.27356,18.6718,0
32,2056,5,5,11.2898,2310.96,2064.3,0,0,4,965.076,2295.24,0,391,313,50,2295.24,9.32856,11.2898,19.1967,15.9413,-81.5587,-78.3033,1.27356,18.6718,0
32,2057,5,5,7.37963,2337.57,2044.83,0,0,4,1807.82,1786.58,0,391,313,50,1786.58,10.2571,7.37963,15.3123,16.5939,-80.9061,-82.1877,1.27356,18.6718,0
32,2058,5,5,9.23392,1392.9,1190.03,0,0,4,511.05,1495.91,0,391,313,50,1495.91,16.7432,9.23392,16.8618,24.4021,-73.0979,-80.6382,1.27356,18.6718,0
32,2049,5,5,8.24087,2175.44,2175.44,0,0,4,1806.23,1552.6,0,156,136,50,1552.6,8.24087,8.24087,15.8353,15.8353,-81.6647,-81.6647,1.27356,18.6718,0
32,2051,5,5,15.1308,1452.01,1452.01,0,0,4,593.907,1519.5,0,156,136,50,1519.5,15.1308,15.1308,21.4558,21.4558,-76.0442,-76.0442,1.27356,18.6718,0
32,2052,5,5,14.0483,1732.04,1732.04,0,0,4,821.358,1734.36,0,156,136,50,1734.36,14.0483,14.0483,21.5775,21.5775,-75.9225,-75.9225,1.27356,18.6718,0
32,2053,5,5,9.30225,2430.84,2430.84,0,0,4,1954.5,1770.59,0,156,136,50,1770.59,9.30225,9.30225,17.2263,17.2263,-80.2737,-80.2737,1.27356,18.6718,0
32,2054,5,5,14.9831,1775.56,1775.56,0,0,4,1551.68,1232.44,0,156,136,50,1232.44,14.9831,14.9831,22.7124,22.7124,-74.7876,-74.7876,1.27356,18.6718,0
32,2055,5,5,22.9829,739.659,739.659,0,0,4,457.525,809.556,0,156,136,50,809.556,22.9829,22.9829,29.722,29.722,-67.778,-67.778,1.27356,18.6718,0
32,2056,5,5,9.40778,2306.39,2306.39,0,0,4,965.076,2295.24,0,156,136,50,2295.24,9.40778,9.40778,17.3147,17.3147,-80.1853,-80.1853,1.27356,18.6718,0
32,2057,5,5,5.12247,2335.69,2335.69,0,0,4,1807.82,1786.58,0,156,136,50,1786.58,5.12247,5.12247,13.0551,13.0551,-84.4449,-84.4449,1.27356,18.6718,0
32,2058,5,5,6.39892,1406.38,1406.38,0,0,4,511.05,1495.91,0,156,136,50,1495.91,6.39892,6.39892,14.0268,14.0268,-83.4732,-83.4732,1.27356,18.6718,0
33,2049,5,5,18.4086,2175.44,2182.04,0,0,4,1808.48,1560.11,0,156,136,50,1560.11,8.24087,18.4086,24.126,15.8353,-81.6647,-73.374,1.27356,18.6718,0
33,2051,5,5,14.1445,1452.01,1447.29,0,0,4,603.03,1511.61,0,156,136,50,1511.61,15.1308,14.1445,20.734,21.4558,-76.0442,-76.766,1.27356,18.6718,0
33,2052,5,5,15.012,1732.04,1732,0,0,4,821.407,1734.29,0,156,136,50,1734.29,14.0483,15.012,22.1505,21.5775,-75.9225,-75.3495,1.27356,18.6718,0
33,2053,5,5,14.909,2430.84,2426.15,0,0,1,1948.68,1770.02,0,156,136,50,1770.02,9.30225,14.909,21.7782,17.2263,-80.2737,-75.7218,1.27356,18.6718,0
33,2054,5,5,14.3092,1775.56,1775.83,0,0,4,1552.05,1232.41,0,156,136,50,1232.41,14.9831,14.3092,24.1292,22.7124,-74.7876,-73.3708,1.27356,18.6718,0
33,2055,5,5,25.9676,739.659,746.081,0,0,4,457.977,816.401,0,156,136,50,816.401,22.9829,25.9676,34.0242,29.722,-67.778,-63.4758,1.27356,18.6718,0
33,2056,5,5,16.1588,2306.39,2301.8,0,0,1,960.565,2292.03,0,156,136,50,2292.03,9.40778,16.1588,22.6308,17.3147,-80.1853,-74.8692,1.27356,18.6718,0
33,2057,5,5,-0.530233,2335.69,2333.8,0,0,5,1807.55,1784.18,0,156,136,50,1784.18,5.12247,-0.530233,6.78318,13.0551,-84.4449,-90.7168,1.27356,18.6718,0
33,2058,5,5,19.4322,1406.38,1419.92,0,0,4,522.556,1506.88,0,156,136,50,1506.88,6.39892,19.4322,29.2896,14.0268,-83.4732,-68.2104,1.27356,18.6718,0
33,2049,5,5,20.8592,2175.44,1888.66,0,0,2,1808.48,1560.11,0,391,313,50,1560.11,8.24087,20.8592,26.5766,15.8353,-81.6647,-70.9234,1.27356,18.6718,0
33,2051,5,5,17.0684,1452.01,1218.25,0,0,2,603.03,1511.61,0,391,313,50,1511.61,15.1308,17.0684,23.6579,21.4558,-76.0442,-73.8421,1.27356,18.6718,0
33,2052,5,5,17.6134,1732.04,1485.88,0,0,2,821.407,1734.29,0,391,313,50,1734.29,14.0483,17.6134,24.7518,21.5775,-75.9225,-72.7482,1.27356,18.6718,0
33,2053,5,5,17.0908,2430.84,2133.49,0,0,2,1948.68,1770.02,0,391,313,50,1770.02,9.30225,17.0908,23.96,17.2263,-80.2737,-73.54,1.27356,18.6718,0
33,2054,5,5,17.3808,1775.56,1481.84,0,0,2,1552.05,1232.41,0,391,313,50,1232.41,14.9831,17.3808,27.2009,22.7124,-74.7876,-70.2991,1.27356,18.6718,0
33,2055,5,5,32.4144,739.659,510.293,0,0,2,457.977,816.401,0,391,313,50,816.401,22.9829,32.4144,40.4711,29.722,-67.778,-57.0289,1.27356,18.6718,0
33,2056,5,5,18.0427,2306.39,2059.97,0,0,2,960.565,2292.03,0,391,313,50,2292.03,9.40778,18.0427,24.5148,17.3147,-80.1853,-72.9852,1.27356,18.6718,0
33,2057,5,5,1.72914,2335.69,2042.91,0,0,2,1807.55,1784.18,0,391,313,50,1784.18,5.12247,1.72914,9.04255,13.0551,-84.4449,-88.4574,1.27356,18.6718,0
33,2058,5,5,22.2579,1406.38,1202.14,0,0,2,522.556,1506.88,0,391,313,50,1506.88,6.39892,22.2579,32.1154,14.0268,-83.4732,-65.3846,1.27356,18.6718,0
33,2049,5,5,18.4086,2175.44,2182.04,0,0,2,1808.48,1560.11,0,156,136,50,1560.11,8.24087,18.4086,24.126,15.8353,-81.6647,-73.374,1.27356,18.6718,0
33,2051,5,5,14.1445,1452.01,1447.29,0,0,2,603.03,1511.61,0,156,136,50,1511.61,15.1308,14.1445,20.734,21.4558,-76.0442,-76.766,1.27356,18.6718,0
33,2052,5,5,15.012,1732.04,1732,0,0,2,821.407,1734.29,0,156,136,50,1734.29,14.0483,15.012,22.1505,21.5775,-75.9225,-75.3495,1.27356,18.6718,0
33,2053,5,5,14.909,2430.84,2426.15,0,0,2,1948.68,1770.02,0,156,136,50,1770.02,9.30225,14.909,21.7782,17.2263,-80.2737,-75.7218,1.27356,18.6718,0
33,2054,5,5,14.3092,1775.56,1775.83,0,0,2,1552.05,1232.41,0,156,136,50,1232.41,14.9831,14.3092,24.1292,22.7124,-74.7876,-73.3708,1.27356,18.6718,0
33,2055,5,5,25.9676,739.659,746.081,0,0,2,457.977,816.401,0,156,136,50,816.401,22.9829,25.9676,34.0242,29.722,-67.778,-63.4758,1.27356,18.6718,0
33,2056,5,5,16.1588,2306.39,2301.8,0,0,2,960.565,2292.03,0,156,136,50,2292.03,9.40778,16.1588,22.6308,17.3147,-80.1853,-74.8692,1.27356,18.6718,0
33,2057,5,5,-0.530233,2335.69,2333.8,0,0,2,1807.55,1784.18,0,156,136,50,1784.18,5.12247,-0.530233,6.78318,13.0551,-84.4449,-90.7168,1.27356,18.6718,0
33,2058,5,5,19.4322,1406.38,1419.92,0,0,2,522.556,1506.88,0,156,136,50,1506.88,6.39892,19.4322,29.2896,14.0268,-83.4732,-68.2104,1.27356,18.6718,0
33,2049,5,5,20.8592,2175.44,1888.66,0,0,4,1808.48,1560.11,0,391,313,50,1560.11,8.24087,20.8592,26.5766,15.8353,-81.6647,-70.9234,1.27356,18.6718,0
33,2051,5,5,17.0684,1452.01,1218.25,0,0,4,603.03,1511.61,0,391,313,50,1511.61,15.1308,17.0684,23.6579,21.4558,-76.0442,-73.8421,1.27356,18.6718,0
33,2052,5,5,17.6134,1732.04,1485.88,0,0,4,821.407,1734.29,0,391,313,50,1734.29,14.0483,17.6134,24.7518,21.5775,-75.9225,-72.7482,1.27356,18.6718,0
33,2053,5,5,17.0908,2430.84,2133.49,0,0,4,1948.68,1770.02,0,391,313,50,1770.02,9.30225,17.0908,23.96,17.2263,-80.2737,-73.54,1.27356,18.6718,0
33,2054,5,5,17.3808,1775.56,1481.84,0,0,4,1552.05,1232.41,0,391,313,50,1232.41,14.9831,17.3808,27.2009,22.7124,-74.7876,-70.2991,1.27356,18.6718,0
33,2055,5,5,32.4144,739.659,510.293,0,0,4,457.977,816.401,0,391,313,50,816.401,22.9829,32.4144,40.4711,29.722,-67.778,-57.0289,1.27356,18.6718,0
33,2056,5,5,18.0427,2306.39,2059.97,0,0,4,960.565,2292.03,0,391,313,50,2292.03,9.40778,18.0427,24.5148,17.3147,-80.1853,-72.9852,1.27356,18.6718,0
33,2057,5,5,1.72914,2335.69,2042.91,0,0,4,1807.55,1784.18,0,391,313,50,1784.18,5.12247,1.72914,9.04255,13.0551,-84.4449,-88.4574,1.27356,18.6718,0
33,2058,5,5,22.2579,1406.38,1202.14,0,0,4,522.556,1506.88,0,391,313,50,1506.88,6.39892,22.2579,32.1154,14.0268,-83.4732,-65.3846,1.27356,18.6718,0
33,2049,5,5,18.4086,2182.04,2182.04,0,0,4,1808.48,1560.11,0,156,136,50,1560.11,18.4086,18.4086,24.126,24.126,-73.374,-73.374,1.27356,18.6718,0
33,2051,5,5,14.1445,1447.29,1447.29,0,0,4,603.03,1511.61,0,156,136,50,1511.61,14.1445,14.1445,20.734,20.734,-76.766,-76.766,1.27356,18.6718,0
33,2052,5,5,15.012,1732,1732,0,0,4,821.407,1734.29,0,156,136,50,1734.29,15.012,15.012,22.1505,22.1505,-75.3495,-75.3495,1.27356,18.6718,0
33,2053,5,5,14.909,2426.15,2426.15,0,0,4,1948.68,1770.02,0,156,136,50,1770.02,14.909,14.909,21.7782,21.7782,-75.7218,-75.7218,1.27356,18.6718,0
33,2054,5,5,14.3092,1775.83,1775.83,0,0,4,1552.05,1232.41,0,156,136,50,1232.41,14.3092,14.3092,24.1292,24.1292,-73.3708,-73.3708,1.27356,18.6718,0
33,2055,5,5,25.9676,746.081,746.081,0,0,4,457.977,816.401,0,156,136,50,816.401,25.9676,25.9676,34.0242,34.0242,-63.4758,-63.4758,1.27356,18.6718,0
33,2056,5,5,16.1588,2301.8,2301.8,0,0,4,960.565,2292.03,0,156,136,50,2292.03,16.1588,16.1588,22.6308,22.6308,-74.8692,-74.8692,1.27356,18.6718,0
33,2057,5,5,-0.530233,2333.8,2333.8,0,0,4,1807.55,1784.18,0,156,136,50,1784.18,-0.530233,-0.530233,6.78318,6.78318,-90.7168,-90.7168,1.27356,18.6718,0
33,2058,5,5,19.4322,1419.92,1419.92,0,0,4,522.556,1506.88,0,156,136,50,1506.88,19.4322,19.4322,29.2896,29.2896,-68.2104,-68.2104,1.27356,18.6718,0
34,2049,5,5,19.689,2182.04,2188.5,0,0,4,1810.47,1567.7,0,156,136,50,1567.7,18.4086,19.689,27.5689,24.126,-73.374,-69.9311,1.27356,18.6718,0
34,2051,5,5,10.5969,1447.29,1442.65,0,0,4,612.179,1503.71,0,156,136,50,1503.71,14.1445,10.5969,19.2486,20.734,-76.766,-78.2514,1.27356,18.6718,0
34,2052,5,5,13.7673,1732,1731.98,0,0,4,821.432,1734.26,0,156,136,50,1734.26,15.012,13.7673,20.202,22.1505,-75.3495,-77.298,1.27356,18.6718,0
34,2053,5,5,1.25796,2426.15,2421.48,0,0,1,1942.87,1769.46,0,156,136,50,1769.46,14.909,1.25796,8.27462,21.7782,-75.7218,-89.2254,1.27356,18.6718,0
34,2054,5,5,15.1919,1775.83,1775.83,0,0,4,1552.05,1232.41,0,156,136,50,1232.41,14.3092,15.1919,23.2219,24.1292,-73.3708,-74.2781,1.27356,18.6718,0
34,2055,5,5,18.012,746.081,757.632,0,0,5,455.522,830.113,0,156,136,50,830.113,25.9676,18.012,25.2541,34.0242,-63.4758,-72.2459,1.27356,18.6718,0
34,2056,5,5,10.6411,2301.8,2297.24,0,0,1,956.081,2288.83,0,156,136,50,2288.83,16.1588,10.6411,18.9642,22.6308,-74.8692,-78.5358,1.27356,18.6718,0
34,2057,5,5,1.63145,2333.8,2331.92,0,0,1,1807.28,1781.79,0,156,136,50,1781.79,-0.530233,1.63145,10.2545,6.78318,-90.7168,-87.2455,1.27356,18.6718,0
34,2058,5,5,7.6982,1419.92,1432.76,0,0,4,533.404,1517.26,0,156,136,50,1517.26,19.4322,7.6982,14.5833,29.2896,-68.2104,-82.9167,1.27356,18.6718,0
34,2049,5,5,22.1314,2182.04,1895.17,0,0,2,1810.47,1567.7,0,391,313,50,1567.7,18.4086,22.1314,30.0114,24.126,-73.374,-67.4886,1.27356,18.6718,0
34,2051,5,5,13.552,1447.29,1212.11,0,0,2,612.179,1503.71,0,391,313,50,1503.71,14.1445,13.552,22.2038,20.734,-76.766,-75.2962,1.27356,18.6718,0
34,2052,5,5,16.3687,1732,1485.85,0,0,2,821.432,1734.26,0,391,313,50,1734.26,15.012,16.3687,22.8034,22.1505,-75.3495,-74.6966,1.27356,18.6718,0
34,2053,5,5,3.44385,2426.15,2128.86,0,0,2,1942.87,1769.46,0,391,313,50,1769.46,14.909,3.44385,10.4605,21.7782,-75.7218,-87.0395,1.27356,18.6718,0
34,2054,5,5,18.2636,1775.83,1481.84,0,0,2,1552.05,1232.41,0,391,313,50,1232.41,14.3092,18.2636,26.2935,24.1292,-73.3708,-71.2065,1.27356,18.6718,0
34,2055,5,5,24.2855,746.081,523.516,0,0,2,455.522,830.113,0,391,313,50,830.113,25.9676,24.2855,31.5276,34.0242,-63.4758,-65.9724,1.27356,18.6718,0
34,2056,5,5,12.5269,2301.8,2055.66,0,0,2,956.081,2288.83,0,391,313,50,2288.83,16.1588,12.5269,20.85,22.6308,-74.8692,-76.65,1.27356,18.6718,0
34,2057,5,5,3.89301,2333.8,2041,0,0,2,1807.28,1781.79,0,391,313,50,1781.79,-0.530233,3.89301,12.5161,6.78318,-90.7168,-84.9839,1.27356,18.6718,0
34,2058,5,5,10.5147,1419.92,1213.68,0,0,2,533.404,1517.26,0,391,313,50,1517.26,19.4322,10.5147,17.3998,29.2896,-68.2104,-80.1002,1.27356,18.6718,0
34,2049,5,5,19.689,2182.04,2188.5,0,0,2,1810.47,1567.7,0,156,136,50,1567.7,18.4086,19.689,27.5689,24.126,-73.374,-69.9311,1.27356,18.6718,0
34,2051,5,5,10.5969,1447.29,1442.65,0,0,2,612.179,1503.71,0,156,136,50,1503.71,14.1445,10.5969,19.2486,20.734,-76.766,-78.2514,1.27356,18.6718,0
34,2052,5,5,13.7673,1732,1731.98,0,0,2,821.432,1734.26,0,156,136,50,1734.26,15.012,13.7673,20.202,22.1505,-75.3495,-77.298,1.27356,18.6718,0
34,2053,5,5,1.25796,2426.15,2421.48,0,0,2,1942.87,1769.46,0,156,136,50,1769.46,14.909,1.25796,8.27462,21.7782,-75.7218,-89.2254,1.27356,18.6718,0
34,2054,5,5,15.1919,1775.83,1775.83,0,0,2,1552.05,1232.41,0,156,136,50,1232.41,14.3092,15.1919,23.2219,24.1292,-73.3708,-74.2781,1.27356,18.6718,0
34,2055,5,5,18.012,746.081,757.632,0,0,2,455.522,830.113,0,156,136,50,830.113,25.9676,18.012,25.2541,34.0242,-63.4758,-72.2459,1.27356,18.6718,0
34,2056,5,5,10.6411,2301.8,2297.24,0,0,2,956.081,2288.83,0,156,136,50,2288.83,16.1588,10.6411,18.9642,22.6308,-74.8692,-78.5358,1.27356,18.6718,0
34,2057,5,5,1.63145,2333.8,2331.92,0,0,2,1807.28,1781.79,0,156,136,50,1781.79,-0.530233,1.63145,10.2545,6.78318,-90.7168,-87.2455,1.27356,18.6718,0
34,2058,5,5,7.6982,1419.92,1432.76,0,0,2,533.404,1517.26,0,156,136,50,1517.26,19.4322,7.6982,14.5833,29.2896,-68.2104,-82.9167,1.27356,18.6718,0
34,2049,5,5,22.1314,2182.04,1895.17,0,0,4,1810.47,1567.7,0,391,313,50,1567.7,18.4086,22.1314,30.0114,24.126,-73.374,-67.4886,1.27356,18.6718,0
34,2051,5,5,13.552,1447.29,1212.11,0,0,4,612.179,1503.71,0,391,313,50,1503.71,14.1445,13.552,22.2038,20.734,-76.766,-75.2962,1.27356,18.6718,0
34,2052,5,5,16.3687,1732,1485.85,0,0,4,821.432,1734.26,0,391,313,50,1734.26,15.012,16.3687,22.8034,22.1505,-75.3495,-74.6966,1.27356,18.6718,0
34,2053,5,5,3.44385,2426.15,2128.86,0,0,4,1942.87,1769.46,0,391,313,50,1769.46,14.909,3.44385,10.4605,21.7782,-75.7218,-87.0395,1.27356,18.6718,0
34,2054,5,5,18.2636,1775.83,1481.84,0,0,4,1552.05,1232.41,0,391,313,50,1232.41,14.3092,18.2636,26.2935,24.1292,-73.3708,-71.2065,1.27356,18.6718,0
34,2055,5,5,24.2855,746.081,523.516,0,0,4,455.522,830.113,0,391,313,50,830.113,25.9676,24.2855,31.5276,34.0242,-63.4758,-65.9724,1.27356,18.6718,0
34,2056,5,5,12.5269,2301.8,2055.66,0,0,4,956.081,2288.83,0,391,313,50,2288.83,16.1588,12.5269,20.85,22.6308,-74.8692,-76.65,1.27356,18.6718,0
34,2057,5,5,3.89301,2333.8,2041,0,0,4,1807.28,1781.79,0,391,313,50,1781.79,-0.530233,3.89301,12.5161,6.78318,-90.7168,-84.9839,1.27356,18.6718,0
34,2058,5,5,10.5147,1419.92,1213.68,0,0,4,533.404,1517.26,0,391,313,50,1517.26,19.4322,10.5147,17.3998,29.2896,-68.2104,-80.1002,1.27356,18.6718,0
34,2049,5,5,19.689,2188.5,2188.5,0,0,4,1810.47,1567.7,0,156,136,50,1567.7,19.689,19.689,27.5689,27.5689,-69.9311,-69.9311,1.27356,18.6718,0
34,2051,5,5,10.5969,1442.65,1442.65,0,0,4,612.179,1503.71,0,156,136,50,1503.71,10.5969,10.5969,19.2486,19.2486,-78.2514,-78.2514,1.27356,18.6718,0
34,2052,5,5,13.7673,1731.98,1731.98,0,0,4,821.432,1734.26,0,156,136,50,1734.26,13.7673,13.7673,20.202,20.202,-77.298,-77.298,1.27356,18.6718,0
34,2053,5,5,1.25796,2421.48,2421.48,0,0,4,1942.87,1769.46,0,156,136,50,1769.46,1.25796,1.25796,8.27462,8.27462,-89.2254,-89.2254,1.27356,18.6718,0
34,2054,5,5,15.1919,1775.83,1775.83,0,0,4,1552.05,1232.41,0,156,136,50,1232.41,15.1919,15.1919,23.2219,23.2219,-74.2781,-74.2781,1.27356,18.6718,0
34,2055,5,5,18.012,757.632,757.632,0,0,4,455.522,830.113,0,156,136,50,830.113,18.012,18.012,25.2541,25.2541,-72.2459,-72.2459,1.27356,18.6718,0
34,2056,5,5,10.6411,2297.24,2297.24,0,0,4,956.081,2288.83,0,156,136,50,2288.83,10.6411,10.6411,18.9642,18.9642,-78.5358,-78.5358,1.27356,18.6718,0
34,2057,5,5,1.63145,2331.92,2331.92,0,0,4,1807.28,1781.79,0,156,136,50,1781.79,1.63145,1.63145,10.2545,10.2545,-87.2455,-87.2455,1.27356,18.6718,0
34,2058,5,5,7.6982,1432.76,1432.76,0,0,4,533.404,1517.26,0,156,136,50,1517.26,7.6982,7.6982,14.5833,14.5833,-82.9167,-82.9167,1.27356,18.6718,0
35,2049,5,5,-1.07401,2188.5,2194.67,0,0,4,1811.96,1575.4,0,156,136,50,1575.4,19.689,-1.07401,7.69235,27.5689,-69.9311,-89.8077,1.27356,18.6718,0
35,2051,5,5,22.7535,1442.65,1438.09,0,0,1,621.335,1495.8,0,156,136,50,1495.8,10.5969,22.7535,31.6054,19.2486,-78.2514,-65.8946,1.27356,18.6718,0
35,2052,5,5,15.2174,1731.98,1731.97,0,0,5,821.434,1734.26,0,156,136,50,1734.26,13.7673,15.2174,23.5675,20.202,-77.298,-73.9325,1.27356,18.6718,0
35,2053,5,5,7.19138,2421.48,2416.81,0,0,5,1937.05,1768.89,0,156,136,50,1768.89,1.25796,7.19138,14.7044,8.27462,-89.2254,-82.7956,1.27356,18.6718,0
35,2054,5,5,15.1919,1775.83,1775.83,0,0,5,1552.05,1232.41,0,156,136,50,1232.41,15.1919,15.1919,23.2219,23.2219,-74.2781,-74.2781,1.27356,18.6718,0
35,2055,5,5,12.2484,757.632,762.042,0,0,4,455.536,834.918,0,156,136,50,834.918,18.012,12.2484,19.2473,25.2541,-72.2459,-78.2527,1.27356,18.6718,0
35,2056,5,5,15.4638,2297.24,2292.7,0,0,5,951.603,2285.65,0,156,136,50,2285.65,10.6411,15.4638,22.1682,18.9642,-78.5358,-75.3318,1.27356,18.6718,0
35,2057,5,5,1.80781,2331.92,2330.03,0,0,1,1807.01,1779.38,0,156,136,50,1779.38,1.63145,1.80781,10.584,10.2545,-87.2455,-86.916,1.27356,18.6718,0
35,2058,5,5,22.5962,1432.76,1443.5,0,0,1,542.167,1525.99,0,156,136,50,1525.99,7.6982,22.5962,29.1911,14.5833,-82.9167,-68.3089,1.27356,18.6718,0
35,2049,5,5,1.3606,2188.5,1901.39,0,0,2,1811.96,1575.4,0,391,313,50,1575.4,19.689,1.3606,10.127,27.5689,-69.9311,-87.373,1.27356,18.6718,0
35,2051,5,5,25.7399,1442.65,1206.06,0,0,2,621.335,1495.8,0,391,313,50,1495.8,10.5969,25.7399,34.5918,19.2486,-78.2514,-62.9082,1.27356,18.6718,0
35,2052,5,5,17.8189,1731.98,1485.85,0,0,2,821.434,1734.26,0,391,313,50,1734.26,13.7673,17.8189,26.1689,20.202,-77.298,-71.3311,1.27356,18.6718,0
35,2053,5,5,9.3814,2421.48,2124.24,0,0,2,1937.05,1768.89,0,391,313,50,1768.89,1.25796,9.3814,16.8944,8.27462,-89.2254,-80.6056,1.27356,18.6718,0
35,2054,5,5,18.2636,1775.83,1481.84,0,0,2,1552.05,1232.41,0,391,313,50,1232.41,15.1919,18.2636,26.2935,23.2219,-74.2781,-71.2065,1.27356,18.6718,0
35,2055,5,5,18.4671,757.632,528.264,0,0,2,455.536,834.918,0,391,313,50,834.918,18.012,18.4671,25.466,25.2541,-72.2459,-72.034,1.27356,18.6718,0
35,2056,5,5,17.3514,2297.24,2051.37,0,0,2,951.603,2285.65,0,391,313,50,2285.65,10.6411,17.3514,24.0559,18.9642,-78.5358,-73.4441,1.27356,18.6718,0
35,2057,5,5,4.07158,2331.92,2039.08,0,0,2,1807.01,1779.38,0,391,313,50,1779.38,1.63145,4.07158,12.8478,10.2545,-87.2455,-84.6522,1.27356,18.6718,0
35,2058,5,5,25.4042,1432.76,1223.4,0,0,2,542.167,1525.99,0,391,313,50,1525.99,7.6982,25.4042,31.999,14.5833,-82.9167,-65.501,1.27356,18.6718,0
35,2049,5,5,-1.07401,2188.5,2194.67,0,0,2,1811.96,1575.4,0,156,136,50,1575.4,19.689,-1.07401,7.69235,27.5689,-69.9311,-89.8077,1.27356,18.6718,0
35,2051,5,5,22.7535,1442.65,1438.09,0,0,2,621.335,1495.8,0,156,136,50,1495.8,10.5969,22.7535,31.6054,19.2486,-78.2514,-65.8946,1.27356,18.6718,0
35,2052,5,5,15.2174,1731.98,1731.97,0,0,2,821.434,1734.26,0,156,136,50,1734.26,13.7673,15.2174,23.5675,20.202,-77.298,-73.9325,1.27356,18.6718,0
35,2053,5,5,7.19138,2421.48,2416.81,0,0,2,1937.05,1768.89,0,156,136,50,1768.89,1.25796,7.19138,14.7044,8.27462,-89.2254,-82.7956,1.27356,18.6718,0
35,2054,5,5,15.1919,1775.83,1775.83,0,0,2,1552.05,1232.41,0,156,136,50,1232.41,15.1919,15.1919,23.2219,23.2219,-74.2781,-74.2781,1.27356,18.6718,0
35,2055,5,5,12.2484,757.632,762.042,0,0,2,455.536,834.918,0,156,136,50,834.918,18.012,12.2484,19.2473,25.2541,-72.2459,-78.2527,1.27356,18.6718,0
35,2056,5,5,15.4638,2297.24,2292.7,0,0,2,951.603,2285.65,0,156,136,50,2285.65,10.6411,15.4638,22.1682,18.9642,-78.5358,-75.3318,1.27356,18.6718,0
35,2057,5,5,1.80781,2331.92,2330.03,0,0,2,1807.01,1779.38,0,156,136,50,1779.38,1.63145,1.80781,10.584,10.2545,-87.2455,-86.916,1.27356,18.6718,0
35,2058,5,5,22.5962,1432.76,1443.5,0,0,2,542.167,1525.99,0,156,136,50,1525.99,7.6982,22.5962,29.1911,14.5833,-82.9167,-68.3089,1.27356,18.6718,0
35,2049,5,5,1.3606,2188.5,1901.39,0,0,4,1811.96,1575.4,0,391,313,50,1575.4,19.689,1.3606,10.127,27.5689,-69.9311,-87.373,1.27356,18.6718,0
35,2051,5,5,25.7399,1442.65,1206.06,0,0,4,621.335,1495.8,0,391,313,50,1495.8,10.5969,25.7399,34.5918,19.2486,-78.2514,-62.9082,1.27356,18.6718,0
35,2052,5,5,17.8189,1731.98,1485.85,0,0,4,821.434,1734.26,0,391,313,50,1734.26,13.7673,17.8189,26.1689,20.202,-77.298,-71.3311,1.27356,18.6718,0
35,2053,5,5,9.3814,2421.48,2124.24,0,0,4,1937.05,1768.89,0,391,313,50,1768.89,1.25796,9.3814,16.8944,8.27462,-89.2254,-80.6056,1.27356,18.6718,0
35,2054,5,5,18.2636,1775.83,1481.84,0,0,4,1552.05,1232.41,0,391,313,50,1232.41,15.1919,18.2636,26.2935,23.2219,-74.2781,-71.2065,1.27356,18.6718,0
35,2055,5,5,18.4671,757.632,528.264,0,0,4,455.536,834.918,0,391,313,50,834.918,18.012,18.4671,25.466,25.2541,-72.2459,-72.034,1.27356,18.6718,0
35,2056,5,5,17.3514,2297.24,2051.37,0,0,4,951.603,2285.65,0,391,313,50,2285.65,10.6411,17.3514,24.0559,18.9642,-78.5358,-73.4441,1.27356,18.6718,0
35,2057,5,5,4.07158,2331.92,2039.08,0,0,4,1807.01,1779.38,0,391,313,50,1779.38,1.63145,4.07158,12.8478,10.2545,-87.2455,-84.6522,1.27356,18.6718,0
35,2058,5,5,25.4042,1432.76,1223.4,0,0,4,542.167,1525.99,0,391,313,50,1525.99,7.6982,25.4042,31.999,14.5833,-82.9167,-65.501,1.27356,18.6718,0
35,2049,5,5,-1.07401,2194.67,2194.67,0,0,4,1811.96,1575.4,0,156,136,50,1575.4,-1.07401,-1.07401,7.69235,7.69235,-89.8077,-89.8077,1.27356,18.6718,0
35,2051,5,5,22.7535,1438.09,1438.09,0,0,4,621.335,1495.8,0,156,136,50,1495.8,22.7535,22.7535,31.6054,31.6054,-65.8946,-65.8946,1.27356,18.6718,0
35,2052,5,5,15.2174,1731.97,1731.97,0,0,4,821.434,1734.26,0,156,136,50,1734.26,15.2174,15.2174,23.5675,23.5675,-73.9325,-73.9325,1.27356,18.6718,0
35,2053,5,5,7.19138,2416.81,2416.81,0,0,4,1937.05,1768.89,0,156,136,50,1768.89,7.19138,7.19138,14.7044,14.7044,-82.7956,-82.7956,1.27356,18.6718,0
35,2054,5,5,15.1919,1775.83,1775.83,0,0,4,1552.05,1232.41,0,156,136,50,1232.41,15.1919,15.1919,23.2219,23.2219,-74.2781,-74.2781,1.27356,18.6718,0
35,2055,5,5,12.2484,762.042,762.042,0,0,4,455.536,834.918,0,156,136,50,834.918,12.2484,12.2484,19.2473,19.2473,-78.2527,-78.2527,1.27356,18.6718,0
35,2056,5,5,15.4638,2292.7,2292.7,0,0,4,951.603,2285.65,0,156,136,50,2285.65,15.4638,15.4638,22.1682,22.1682,-75.3318,-75.3318,1.27356,18.6718,0
35,2057,5,5,1.80781,2330.03,2330.03,0,0,4,1807.01,1779.38,0,156,136,50,1779.38,1.80781,1.80781,10.584,10.584,-86.916,-86.916,1.27356,18.6718,0
35,2058,5,5,22.5962,1443.5,1443.5,0,0,4,542.167,1525.99,0,156,136,50,1525.99,22.5962,22.5962,29.1911,29.1911,-68.3089,-68.3089,1.27356,18.6718,0
36,2049,5,5,4.25147,2194.67,2200.74,0,0,4,1813.28,1583.12,0,156,136,50,1583.12,-1.07401,4.25147,10.7246,7.69235,-89.8077,-86.7754,1.27356,18.6718,0
36,2051,5,5,18.9196,1438.09,1433.62,0,0,4,630.485,1487.89,0,156,136,50,1487.89,22.7535,18.9196,29.8888,31.6054,-65.8946,-67.6112,1.27356,18.6718,0
36,2052,5,5,15.2174,1731.97,1731.97,0,0,4,821.434,1734.26,0,156,136,50,1734.26,15.2174,15.2174,23.5675,23.5675,-73.9325,-73.9325,1.27356,18.6718,0
36,2053,5,5,14.6274,2416.81,2412.15,0,0,5,1931.24,1768.33,0,156,136,50,1768.33,7.19138,14.6274,23.2548,14.7044,-82.7956,-74.2452,1.27356,18.6718,0
36,2054,5,5,15.1919,1775.83,1775.83,0,0,4,1552.05,1232.41,0,156,136,50,1232.41,15.1919,15.1919,23.2219,23.2219,-74.2781,-74.2781,1.27356,18.6718,0
36,2055,5,5,17.1874,762.042,765.269,0,0,4,455.552,838.428,0,156,136,50,838.428,12.2484,17.1874,25.4939,19.2473,-78.2527,-72.0061,1.27356,18.6718,0
36,2056,5,5,10.5008,2292.7,2288.14,0,0,1,947.106,2282.44,0,156,136,50,2282.44,15.4638,10.5008,15.8966,22.1682,-75.3318,-81.6034,1.27356,18.6718,0
36,2057,5,5,4.82021,2330.03,2328.15,0,0,5,1806.74,1776.98,0,156,136,50,1776.98,1.80781,4.82021,13.5979,10.584,-86.916,-83.9021,1.27356,18.6718,0
36,2058,5,5,8.67884,1443.5,1454.33,0,0,4,550.872,1534.81,0,156,136,50,1534.81,22.5962,8.67884,16.6142,29.1911,-68.3089,-80.8858,1.27356,18.6718,0
36,2049,5,5,6.67839,2194.67,1907.51,0,0,2,1813.28,1583.12,0,391,313,50,1583.12,-1.07401,6.67839,13.1515,7.69235,-89.8077,-84.3485,1.27356,18.6718,0
36,2051,5,5,21.9372,1438.09,1200.1,0,0,2,630.485,1487.89,0,391,313,50,1487.89,22.7535,21.9372,32.9064,31.6054,-65.8946,-64.5936,1.27356,18.6718,0
36,2052,5,5,17.8189,1731.97,1485.85,0,0,2,821.434,1734.26,0,391,313,50,1734.26,15.2174,17.8189,26.1689,23.5675,-73.9325,-71.3311,1.27356,18.6718,0
36,2053,5,5,16.8215,2416.81,2119.63,0,0,2,1931.24,1768.33,0,391,313,50,1768.33,7.19138,16.8215,25.449,14.7044,-82.7956,-72.051,1.27356,18.6718,0
36,2054,5,5,18.2636,1775.83,1481.84,0,0,2,1552.05,1232.41,0,391,313,50,1232.41,15.1919,18.2636,26.2935,23.2219,-74.2781,-71.2065,1.27356,18.6718,0
36,2055,5,5,23.3667,762.042,531.734,0,0,2,455.552,838.428,0,391,313,50,838.428,12.2484,23.3667,31.6732,19.2473,-78.2527,-65.8268,1.27356,18.6718,0
36,2056,5,5,12.3903,2292.7,2047.06,0,0,2,947.106,2282.44,0,391,313,50,2282.44,15.4638,12.3903,17.7862,22.1682,-75.3318,-79.7138,1.27356,18.6718,0
36,2057,5,5,7.08618,2330.03,2037.17,0,0,2,1806.74,1776.98,0,391,313,50,1776.98,1.80781,7.08618,15.8639,10.584,-86.916,-81.6361,1.27356,18.6718,0
36,2058,5,5,11.4777,1443.5,1233.24,0,0,2,550.872,1534.81,0,391,313,50,1534.81,22.5962,11.4777,19.4131,29.1911,-68.3089,-78.0869,1.27356,18.6718,0
36,2049,5,5,4.25147,2194.67,2200.74,0,0,2,1813.28,1583.12,0,156,136,50,1583.12,-1.07401,4.25147,10.7246,7.69235,-89.8077,-86.7754,1.27356,18.6718,0
36,2051,5,5,18.9196,1438.09,1433.62,0,0,2,630.485,1487.89,0,156,136,50,1487.89,22.7535,18.9196,29.8888,31.6054,-65.8946,-67.6112,1.27356,18.6718,0
36,2052,5,5,15.2174,1731.97,1731.97,0,0,2,821.434,1734.26,0,156,136,50,1734.26,15.2174,15.2174,23.5675,23.5675,-73.9325,-73.9325,1.27356,18.6718,0
36,2053,5,5,14.6274,2416.81,2412.15,0,0,2,1931.24,1768.33,0,156,136,50,1768.33,7.19138,14.6274,23.2548,14.7044,-82.7956,-74.2452,1.27356,18.6718,0
36,2054,5,5,15.1919,1775.83,1775.83,0,0,2,1552.05,1232.41,0,156,136,50,1232.41,15.1919,15.1919,23.2219,23.2219,-74.2781,-74.2781,1.27356,18.6718,0
36,2055,5,5,17.1874,762.042,765.269,0,0,2,455.552,838.428,0,156,136,50,838.428,12.2484,17.1874,25.4939,19.2473,-78.2527,-72.0061,1.27356,18.6718,0
36,2056,5,5,10.5008,2292.7,2288.14,0,0,2,947.106,2282.44,0,156,136,50,2282.44,15.4638,10.5008,15.8966,22.1682,-75.3318,-81.6034,1.27356,18.6718,0
36,2057,5,5,4.82021,2330.03,2328.15,0,0,2,1806.74,1776.98,0,156,136,50,1776.98,1.80781,4.82021,13.5979,10.584,-86.916,-83.9021,1.27356,18.6718,0
36,2058,5,5,8.67884,1443.5,1454.33,0,0,2,550.872,1534.81,0,156,136,50,1534.81,22.5962,8.67884,16.6142,29.1911,-68.3089,-80.8858,1.27356,18.6718,0
36,2049,5,5,6.67839,2194.67,1907.51,0,0,4,1813.28,1583.12,0,391,313,50,1583.12,-1.07401,6.67839,13.1515,7.69235,-89.8077,-84.3485,1.27356,18.6718,0
36,2051,5,5,21.9372,1438.09,1200.1,0,0,4,630.485,1487.89,0,391,313,50,1487.89,22.7535,21.9372,32.9064,31.6054,-65.8946,-64.5936,1.27356,18.6718,0
36,2052,5,5,17.8189,1731.97,1485.85,0,0,4,821.434,1734.26,0,391,313,50,1734.26,15.2174,17.8189,26.1689,23.5675,-73.9325,-71.3311,1.27356,18.6718,0
36,2053,5,5,16.8215,2416.81,2119.63,0,0,4,1931.24,1768.33,0,391,313,50,1768.33,7.19138,16.8215,25.449,14.7044,-82.7956,-72.051,1.27356,18.6718,0
36,2054,5,5,18.2636,1775.83,1481.84,0,0,4,1552.05,1232.41,0,391,313,50,1232.41,15.1919,18.2636,26.2935,23.2219,-74.2781,-71.2065,1.27356,18.6718,0
36,2055,5,5,23.3667,762.042,531.734,0,0,4,455.552,838.428,0,391,313,50,838.428,12.2484,23.3667,31.6732,19.2473,-78.2527,-65.8268,1.27356,18.6718,0
36,2056,5,5,12.3903,2292.7,2047.06,0,0,4,947.106,2282.44,0,391,313,50,2282.44,15.4638,12.3903,17.7862,22.1682,-75.3318,-79.7138,1.27356,18.6718,0
36,2057,5,5,7.08618,2330.03,2037.17,0,0,4,1806.74,1776.98,0,391,313,50,1776.98,1.80781,7.08618,15.8639,10.584,-86.916,-81.6361,1.27356,18.6718,0
36,2058,5,5,11.4777,1443.5,1233.24,0,0,4,550.872,1534.81,0,391,313,50,1534.81,22.5962,11.4777,19.4131,29.1911,-68.3089,-78.0869,1.27356,18.6718,0
36,2049,5,5,4.25147,2200.74,2200.74,0,0,4,1813.28,1583.12,0,156,136,50,1583.12,4.25147,4.25147,10.7246,10.7246,-86.7754,-86.7754,1.27356,18.6718,0
36,2051,5,5,18.9196,1433.62,1433.62,0,0,4,630.485,1487.89,0,156,136,50,1487.89,18.9196,18.9196,29.8888,29.8888,-67.6112,-67.6112,1.27356,18.6718,0
36,2052,5,5,15.2174,1731.97,1731.97,0,0,4,821.434,1734.26,0,156,136,50,1734.26,15.2174,15.2174,23.5675,23.5675,-73.9325,-73.9325,1.27356,18.6718,0
36,2053,5,5,14.6274,2412.15,2412.15,0,0,4,1931.24,1768.33,0,156,136,50,1768.33,14.6274,14.6274,23.2548,23.2548,-74.2452,-74.2452,1.27356,18.6718,0
36,2054,5,5,15.1919,1775.83,1775.83,0,0,4,1552.05,1232.41,0,156,136,50,1232.41,15.1919,15.1919,23.2219,23.2219,-74.2781,-74.2781,1.27356,18.6718,0
36,2055,5,5,17.1874,765.269,765.269,0,0,4,455.552,838.428,0,156,136,50,838.428,17.1874,17.1874,25.4939,25.4939,-72.0061,-72.0061,1.27356,18.6718,0
36,2056,5,5,10.5008,2288.14,2288.14,0,0,4,947.106,2282.44,0,156,136,50,2282.44,10.5008,10.5008,15.8966,15.8966,-81.6034,-81.6034,1.27356,18.6718,0
36,2057,5,5,4.82021,2328.15,2328.15,0,0,4,1806.74,1776.98,0,156,136,50,1776.98,4.82021,4.82021,13.5979,13.5979,-83.9021,-83.9021,1.27356,18.6718,0
36,2058,5,5,8.67884,1454.33,1454.33,0,0,4,550.872,1534.81,0,156,136,50,1534.81,8.67884,8.67884,16.6142,16.6142,-80.8858,-80.8858,1.27356,18.6718,0
37,2049,5,5,7.54745,2200.74,2206.64,0,0,4,1814.33,1590.89,0,156,136,50,1590.89,4.25147,7.54745,12.7469,10.7246,-86.7754,-84.7531,1.27356,18.6718,0
37,2051,5,5,6.35602,1433.62,1429.06,0,0,4,639.515,1479.85,0,156,136,50,1479.85,18.9196,6.35602,13.3102,29.8888,-67.6112,-84.1898,1.27356,18.6718,0
37,2052,5,5,15.2174,1731.97,1731.97,0,0,4,821.434,1734.26,0,156,136,50,1734.26,15.2174,15.2174,23.5675,23.5675,-73.9325,-73.9325,1.27356,18.6718,0
37,2053,5,5,-7.17819,2412.15,2401.03,0,0,5,1917.87,1766.43,0,156,136,50,1766.43,14.6274,-7.17819,0.259107,23.2548,-74.2452,-97.2409,1.27356,18.6718,0
37,2054,5,5,15.1919,1775.83,1775.83,0,0,4,1552.05,1232.41,0,156,136,50,1232.41,15.1919,15.1919,23.2219,23.2219,-74.2781,-74.2781,1.27356,18.6718,0
37,2055,5,5,17.5786,765.269,766.503,0,0,4,455.558,839.77,0,156,136,50,839.77,17.1874,17.5786,23.9781,25.4939,-72.0061,-73.5219,1.27356,18.6718,0
37,2056,5,5,-0.289521,2288.14,2283.61,0,0,1,942.633,2279.26,0,156,136,50,2279.26,10.5008,-0.289521,7.8416,15.8966,-81.6034,-89.6584,1.27356,18.6718,0
37,2057,5,5,4.25868,2328.15,2326.63,0,0,5,1806.98,1774.59,0,156,136,50,1774.59,4.82021,4.25868,10.4916,13.5979,-83.9021,-87.0084,1.27356,18.6718,0
37,2058,5,5,19.3682,1454.33,1478.57,0,0,4,568.62,1554.95,0,156,136,50,1554.95,8.67884,19.3682,26.3662,16.6142,-80.8858,-71.1338,1.27356,18.6718,0
37,2049,5,5,9.96688,2200.74,1913.47,0,0,2,1814.33,1590.89,0,391,313,50,1590.89,4.25147,9.96688,15.1664,10.7246,-86.7754,-82.3336,1.27356,18.6718,0
37,2051,5,5,9.40513,1433.62,1194.06,0,0,2,639.515,1479.85,0,391,313,50,1479.85,18.9196,9.40513,16.3594,29.8888,-67.6112,-81.1406,1.27356,18.6718,0
37,2052,5,5,17.8189,1731.97,1485.85,0,0,2,821.434,1734.26,0,391,313,50,1734.26,15.2174,17.8189,26.1689,23.5675,-73.9325,-71.3311,1.27356,18.6718,0
37,2053,5,5,-4.97406,2412.15,2108.62,0,0,2,1917.87,1766.43,0,391,313,50,1766.43,14.6274,-4.97406,2.46324,23.2548,-74.2452,-95.0368,1.27356,18.6718,0
37,2054,5,5,18.2636,1775.83,1481.84,0,0,2,1552.05,1232.41,0,391,313,50,1232.41,15.1919,18.2636,26.2935,23.2219,-74.2781,-71.2065,1.27356,18.6718,0
37,2055,5,5,23.7429,765.269,533.061,0,0,2,455.558,839.77,0,391,313,50,839.77,17.1874,23.7429,30.1424,25.4939,-72.0061,-67.3576,1.27356,18.6718,0
37,2056,5,5,1.60188,2288.14,2042.79,0,0,2,942.633,2279.26,0,391,313,50,2279.26,10.5008,1.60188,9.733,15.8966,-81.6034,-87.767,1.27356,18.6718,0
37,2057,5,5,6.52653,2328.15,2035.62,0,0,2,1806.98,1774.59,0,391,313,50,1774.59,4.82021,6.52653,12.7595,13.5979,-83.9021,-84.7405,1.27356,18.6718,0
37,2058,5,5,22.1427,1454.33,1255.59,0,0,2,568.62,1554.95,0,391,313,50,1554.95,8.67884,22.1427,29.1408,16.6142,-80.8858,-68.3592,1.27356,18.6718,0
37,2049,5,5,7.54745,2200.74,2206.64,0,0,2,1814.33,1590.89,0,156,136,50,1590.89,4.25147,7.54745,12.7469,10.7246,-86.7754,-84.7531,1.27356,18.6718,0
37,2051,5,5,6.35602,1433.62,1429.06,0,0,2,639.515,1479.85,0,156,136,50,1479.85,18.9196,6.35602,13.3102,29.8888,-67.6112,-84.1898,1.27356,18.6718,0
37,2052,5,5,15.2174,1731.97,1731.97,0,0,2,821.434,1734.26,0,156,136,50,1734.26,15.2174,15.2174,23.5675,23.5675,-73.9325,-73.9325,1.27356,18.6718,0
37,2053,5,5,-7.17819,2412.15,2401.03,0,0,2,1917.87,1766.43,0,156,136,50,1766.43,14.6274,-7.17819,0.259107,23.2548,-74.2452,-97.2409,1.27356,18.6718,0
37,2054,5,5,15.1919,1775.83,1775.83,0,0,2,1552.05,1232.41,0,156,136,50,1232.41,15.1919,15.1919,23.2219,23.2219,-74.2781,-74.2781,1.27356,18.6718,0
37,2055,5,5,17.5786,765.269,766.503,0,0,2,455.558,839.77,0,156,136,50,839.77,17.1874,17.5786,23.9781,25.4939,-72.0061,-73.5219,1.27356,18.6718,0
37,2056,5,5,-0.289521,2288.14,2283.61,0,0,2,942.633,2279.26,0,156,136,50,2279.26,10.5008,-0.289521,7.8416,15.8966,-81.6034,-89.6584,1.27356,18.6718,0
37,2057,5,5,4.25868,2328.15,2326.63,0,0,2,1806.98,1774.59,0,156,136,50,1774.59,4.82021,4.25868,10.4916,13.5979,-83.9021,-87.0084,1.27356,18.6718,0
37,2058,5,5,19.3682,1454.33,1478.57,0,0,2,568.62,1554.95,0,156,136,50,1554.95,8.67884,19.3682,26.3662,16.6142,-80.8858,-71.1338,1.27356,18.6718,0
37,2049,5,5,9.96688,2200.74,1913.47,0,0,4,1814.33,1590.89,0,391,313,50,1590.89,4.25147,9.96688,15.1664,10.7246,-86.7754,-82.3336,1.27356,18.6718,0
37,2051,5,5,9.40513,1433.62,1194.06,0,0,4,639.515,1479.85,0,391,313,50,1479.85,18.9196,9.40513,16.3594,29.8888,-67.6112,-81.1406,1.27356,18.6718,0
37,2052,5,5,17.8189,1731.97,1485.85,0,0,4,821.434,1734.26,0,391,313,50,1734.26,15.2174,17.8189,26.1689,23.5675,-73.9325,-71.3311,1.27356,18.6718,0
37,2053,5,5,-4.97406,2412.15,2108.62,0,0,4,1917.87,1766.43,0,391,313,50,1766.43,14.6274,-4.97406,2.46324,23.2548,-74.2452,-95.0368,1.27356,18.6718,0
37,2054,5,5,18.2636,1775.83,1481.84,0,0,4,1552.05,1232.41,0,391,313,50,1232.41,15.1919,18.2636,26.2935,23.2219,-74.2781,-71.2065,1.27356,18.6718,0
37,2055,5,5,23.7429,765.269,533.061,0,0,4,455.558,839.77,0,391,313,50,839.77,17.1874,23.7429,30.1424,25.4939,-72.0061,-67.3576,1.27356,18.6718,0
37,2056,5,5,1.60188,2288.14,2042.79,0,0,4,942.633,2279.26,0,391,313,50,2279.26,10.5008,1.60188,9.733,15.8966,-81.6034,-87.767,1.27356,18.6718,0
37,2057,5,5,6.52653,2328.15,2035.62,0,0,4,1806.98,1774.59,0,391,313,50,1774.59,4.82021,6.52653,12.7595,13.5979,-83.9021,-84.7405,1.27356,18.6718,0
37,2058,5,5,22.1427,1454.33,1255.59,0,0,4,568.62,1554.95,0,391,313,50,1554.95,8.67884,22.1427,29.1408,16.6142,-80.8858,-68.3592,1.27356,18.6718,0
37,2049,5,5,7.54745,2206.64,2206.64,0,0,4,1814.33,1590.89,0,156,136,50,1590.89,7.54745,7.54745,12.7469,12.7469,-84.7531,-84.7531,1.27356,18.6718,0
37,2051,5,5,6.35602,1429.06,1429.06,0,0,4,639.515,1479.85,0,156,136,50,1479.85,6.35602,6.35602,13.3102,13.3102,-84.1898,-84.1898,1.27356,18.6718,0
37,2052,5,5,15.2174,1731.97,1731.97,0,0,4,821.434,1734.26,0,156,136,50,1734.26,15.2174,15.2174,23.5675,23.5675,-73.9325,-73.9325,1.27356,18.6718,0
37,2053,5,5,-7.17819,2401.03,2401.03,0,0,4,1917.87,1766.43,0,156,136,50,1766.43,-7.17819,-7.17819,0.259107,0.259107,-97.2409,-97.2409,1.27356,18.6718,0
37,2054,5,5,15.1919,1775.83,1775.83,0,0,4,1552.05,1232.41,0,156,136,50,1232.41,15.1919,15.1919,23.2219,23.2219,-74.2781,-74.2781,1.27356,18.6718,0
37,2055,5,5,17.5786,766.503,766.503,0,0,4,455.558,839.77,0,156,136,50,839.77,17.5786,17.5786,23.9781,23.9781,-73.5219,-73.5219,1.27356,18.6718,0
37,2056,5,5,-0.289521,2283.61,2283.61,0,0,4,942.633,2279.26,0,156,136,50,2279.26,-0.289521,-0.289521,7.8416,7.8416,-89.6584,-89.6584,1.27356,18.6718,0
37,2057,5,5,4.25868,2326.63,2326.63,0,0,4,1806.98,1774.59,0,156,136,50,1774.59,4.25868,4.25868,10.4916,10.4916,-87.0084,-87.0084,1.27356,18.6718,0
37,2058,5,5,19.3682,1478.57,1478.57,0,0,4,568.62,1554.95,0,156,136,50,1554.95,19.3682,19.3682,26.3662,26.3662,-71.1338,-71.1338,1.27356,18.6718,0
38,2049,5,5,10.6433,2206.64,2211.44,0,0,4,1815.18,1597.18,0,156,136,50,1597.18,7.54745,10.6433,18.3852,12.7469,-84.7531,-79.1148,1.27356,18.6718,0
38,2051,5,5,7.36552,1429.06,1424.77,0,0,4,648.174,1472.13,0,156,136,50,1472.13,6.35602,7.36552,15.4512,13.3102,-84.1898,-82.0488,1.27356,18.6718,0
38,2052,5,5,15.2174,1731.97,1731.97,0,0,4,821.434,1734.26,0,156,136,50,1734.26,15.2174,15.2174,23.5675,23.5675,-73.9325,-73.9325,1.27356,18.6718,0
38,2053,5,5,11.9045,2401.03,2398.42,0,0,1,1914.83,1765.87,0,156,136,50,1765.87,-7.17819,11.9045,19.694,0.259107,-97.2409,-77.806,1.27356,18.6718,0
38,2054,5,5,16.5701,1775.83,1778.03,0,0,4,1552.34,1235.6,0,156,136,50,1235.6,15.1919,16.5701,25.2965,23.2219,-74.2781,-72.2035,1.27356,18.6718,0
38,2055,5,5,15.0714,766.503,766.518,0,0,4,455.558,839.786,0,156,136,50,839.786,17.5786,15.0714,24.7746,23.9781,-73.5219,-72.7254,1.27356,18.6718,0
38,2056,5,5,-1.6353,2283.61,2272.33,0,0,5,932.183,2271.07,0,156,136,50,2271.07,-0.289521,-1.6353,5.13913,7.8416,-89.6584,-92.3609,1.27356,18.6718,0
38,2057,5,5,9.22924,2326.63,2326.47,0,0,4,1808.46,1772.87,0,156,136,50,1772.87,4.25868,9.22924,17.6641,10.4916,-87.0084,-79.8359,1.27356,18.6718,0
38,2058,5,5,19.2703,1478.57,1489.77,0,0,4,576.92,1564.2,0,156,136,50,1564.2,19.3682,19.2703,28.0667,26.3662,-71.1338,-69.4333,1.27356,18.6718,0
38,2049,5,5,13.0567,2206.64,1918.31,0,0,2,1815.18,1597.18,0,391,313,50,1597.18,7.54745,13.0567,20.7986,12.7469,-84.7531,-76.7014,1.27356,18.6718,0
38,2051,5,5,10.4448,1429.06,1188.36,0,0,2,648.174,1472.13,0,391,313,50,1472.13,6.35602,10.4448,18.5305,13.3102,-84.1898,-78.9695,1.27356,18.6718,0
38,2052,5,5,17.8189,1731.97,1485.85,0,0,2,821.434,1734.26,0,391,313,50,1734.26,15.2174,17.8189,26.1689,23.5675,-73.9325,-71.3311,1.27356,18.6718,0
38,2053,5,5,14.111,2401.03,2106.03,0,0,2,1914.83,1765.87,0,391,313,50,1765.87,-7.17819,14.111,21.9005,0.259107,-97.2409,-75.5995,1.27356,18.6718,0
38,2054,5,5,19.6375,1775.83,1484.05,0,0,2,1552.34,1235.6,0,391,313,50,1235.6,15.1919,19.6375,28.3639,23.2219,-74.2781,-69.1361,1.27356,18.6718,0
38,2055,5,5,21.2355,766.503,533.078,0,0,2,455.558,839.786,0,391,313,50,839.786,17.5786,21.2355,30.9387,23.9781,-73.5219,-66.5613,1.27356,18.6718,0
38,2056,5,5,0.261137,2283.61,2032.1,0,0,2,932.183,2271.07,0,391,313,50,2271.07,-0.289521,0.261137,7.03557,7.8416,-89.6584,-90.4644,1.27356,18.6718,0
38,2057,5,5,11.4976,2326.63,2035.41,0,0,2,1808.46,1772.87,0,391,313,50,1772.87,4.25868,11.4976,19.9325,10.4916,-87.0084,-77.5675,1.27356,18.6718,0
38,2058,5,5,22.0338,1478.57,1265.92,0,0,2,576.92,1564.2,0,391,313,50,1564.2,19.3682,22.0338,30.8302,26.3662,-71.1338,-66.6698,1.27356,18.6718,0
38,2049,5,5,10.6433,2206.64,2211.44,0,0,2,1815.18,1597.18,0,156,136,50,1597.18,7.54745,10.6433,18.3852,12.7469,-84.7531,-79.1148,1.27356,18.6718,0
38,2051,5,5,7.36552,1429.06,1424.77,0,0,2,648.174,1472.13,0,156,136,50,1472.13,6.35602,7.36552,15.4512,13.3102,-84.1898,-82.0488,1.27356,18.6718,0
38,2052,5,5,15.2174,1731.97,1731.97,0,0,2,821.434,1734.26,0,156,136,50,1734.26,15.2174,15.2174,23.5675,23.5675,-73.9325,-73.9325,1.27356,18.6718,0
38,2053,5,5,11.9045,2401.03,2398.42,0,0,2,1914.83,1765.87,0,156,136,50,1765.87,-7.17819,11.9045,19.694,0.259107,-97.2409,-77.806,1.27356,18.6718,0
38,2054,5,5,16.5701,1775.83,1778.03,0,0,2,1552.34,1235.6,0,156,136,50,1235.6,15.1919,16.5701,25.2965,23.2219,-74.2781,-72.2035,1.27356,18.6718,0
38,2055,5,5,15.0714,766.503,766.518,0,0,2,455.558,839.786,0,156,136,50,839.786,17.5786,15.0714,24.7746,23.9781,-73.5219,-72.7254,1.27356,18.6718,0
38,2056,5,5,-1.6353,2283.61,2272.33,0,0,2,932.183,2271.07,0,156,136,50,2271.07,-0.289521,-1.6353,5.13913,7.8416,-89.6584,-92.3609,1.27356,18.6718,0
38,2057,5,5,9.22924,2326.63,2326.47,0,0,2,1808.46,1772.87,0,156,136,50,1772.87,4.25868,9.22924,17.6641,10.4916,-87.0084,-79.8359,1.27356,18.6718,0
38,2058,5,5,19.2703,1478.57,1489.77,0,0,2,576.92,1564.2,0,156,136,50,1564.2,19.3682,19.2703,28.0667,26.3662,-71.1338,-69.4333,1.27356,18.6718,0
38,2049,5,5,13.0567,2206.64,1918.31,0,0,4,1815.18,1597.18,0,391,313,50,1597.18,7.54745,13.0567,20.7986,12.7469,-84.7531,-76.7014,1.27356,18.6718,0
38,2051,5,5,10.4448,1429.06,1188.36,0,0,4,648.174,1472.13,0,391,313,50,1472.13,6.35602,10.4448,18.5305,13.3102,-84.1898,-78.9695,1.27356,18.6718,0
38,2052,5,5,17.8189,1731.97,1485.85,0,0,4,821.434,1734.26,0,391,313,50,1734.26,15.2174,17.8189,26.1689,23.5675,-73.9325,-71.3311,1.27356,18.6718,0
38,2053,5,5,14.111,2401.03,2106.03,0,0,4,1914.83,1765.87,0,391,313,50,1765.87,-7.17819,14.111,21.9005,0.259107,-97.2409,-75.5995,1.27356,18.6718,0
38,2054,5,5,19.6375,1775.83,1484.05,0,0,4,1552.34,1235.6,0,391,313,50,1235.6,15.1919,19.6375,28.3639,23.2219,-74.2781,-69.1361,1.27356,18.6718,0
38,2055,5,5,21.2355,766.503,533.078,0,0,4,455.558,839.786,0,391,313,50,839.786,17.5786,21.2355,30.9387,23.9781,-73.5219,-66.5613,1.27356,18.6718,0
38,2056,5,5,0.261137,2283.61,2032.1,0,0,4,932.183,2271.07,0,391,313,50,2271.07,-0.289521,0.261137,7.03557,7.8416,-89.6584,-90.4644,1.27356,18.6718,0
38,2057,5,5,11.4976,2326.63,2035.41,0,0,4,1808.46,1772.87,0,391,313,50,1772.87,4.25868,11.4976,19.9325,10.4916,-87.0084,-77.5675,1.27356,18.6718,0
38,2058,5,5,22.0338,1478.57,1265.92,0,0,4,576.92,1564.2,0,391,313,50,1564.2,19.3682,22.0338,30.8302,26.3662,-71.1338,-66.6698,1.27356,18.6718,0
38,2049,5,5,10.6433,2211.44,2211.44,0,0,4,1815.18,1597.18,0,156,136,50,1597.18,10.6433,10.6433,18.3852,18.3852,-79.1148,-79.1148,1.27356,18.6718,0
38,2051,5,5,7.36552,1424.77,1424.77,0,0,4,648.174,1472.13,0,156,136,50,1472.13,7.36552,7.36552,15.4512,15.4512,-82.0488,-82.0488,1.27356,18.6718,0
38,2052,5,5,15.2174,1731.97,1731.97,0,0,4,821.434,1734.26,0,156,136,50,1734.26,15.2174,15.2174,23.5675,23.5675,-73.9325,-73.9325,1.27356,18.6718,0
38,2053,5,5,11.9045,2398.42,2398.42,0,0,4,1914.83,1765.87,0,156,136,50,1765.87,11.9045,11.9045,19.694,19.694,-77.806,-77.806,1.27356,18.6718,0
38,2054,5,5,16.5701,1778.03,1778.03,0,0,4,1552.34,1235.6,0,156,136,50,1235.6,16.5701,16.5701,25.2965,25.2965,-72.2035,-72.2035,1.27356,18.6718,0
38,2055,5,5,15.0714,766.518,766.518,0,0,4,455.558,839.786,0,156,136,50,839.786,15.0714,15.0714,24.7746,24.7746,-72.7254,-72.7254,1.27356,18.6718,0
38,2056,5,5,-1.6353,2272.33,2272.33,0,0,4,932.183,2271.07,0,156,136,50,2271.07,-1.6353,-1.6353,5.13913,5.13913,-92.3609,-92.3609,1.27356,18.6718,0
38,2057,5,5,9.22924,2326.47,2326.47,0,0,4,1808.46,1772.87,0,156,136,50,1772.87,9.22924,9.22924,17.6641,17.6641,-79.8359,-79.8359,1.27356,18.6718,0
38,2058,5,5,19.2703,1489.77,1489.77,0,0,4,576.92,1564.2,0,156,136,50,1564.2,19.2703,19.2703,28.0667,28.0667,-69.4333,-69.4333,1.27356,18.6718,0
39,2049,5,5,10.4156,2211.44,2229.25,0,0,4,1831.08,1606.08,0,156,136,50,1606.08,10.6433,10.4156,15.8981,18.3852,-79.1148,-81.6019,1.27356,18.6718,0
39,2051,5,5,14.9184,1424.77,1421.85,0,0,4,654.37,1466.71,0,156,136,50,1466.71,7.36552,14.9184,22.2676,15.4512,-82.0488,-75.2324,1.27356,18.6718,0
39,2052,5,5,15.2174,1731.97,1731.97,0,0,4,821.434,1734.26,0,156,136,50,1734.26,15.2174,15.2174,23.5675,23.5675,-73.9325,-73.9325,1.27356,18.6718,0
39,2053,5,5,4.37919,2398.42,2388.73,0,0,1,1902.97,1764.39,0,156,136,50,1764.39,11.9045,4.37919,11.0148,19.694,-77.806,-86.4852,1.27356,18.6718,0
39,2054,5,5,18.2228,1778.03,1778.03,0,0,4,1552.34,1235.6,0,156,136,50,1235.6,16.5701,18.2228,26.2528,25.2965,-72.2035,-71.2472,1.27356,18.6718,0
39,2055,5,5,14.9238,766.518,766.518,0,0,4,455.558,839.786,0,156,136,50,839.786,15.0714,14.9238,24.0003,24.7746,-72.7254,-73.4997,1.27356,18.6718,0
39,2056,5,5,-5.44773,2272.33,2269.44,0,0,5,929.735,2268.89,0,156,136,50,2268.89,-1.6353,-5.44773,-0.0179547,5.13913,-92.3609,-97.518,1.27356,18.6718,0
39,2057,5,5,-0.29479,2326.47,2327.09,0,0,4,1810.5,1771.69,0,156,136,50,1771.69,9.22924,-0.29479,10.0986,17.6641,-79.8359,-87.4014,1.27356,18.6718,0
39,2058,5,5,16.6071,1489.77,1500.79,0,0,4,585.503,1573.15,0,156,136,50,1573.15,19.2703,16.6071,21.872,28.0667,-69.4333,-75.628,1.27356,18.6718,0
39,2049,5,5,12.8087,2211.44,1936.08,0,0,2,1831.08,1606.08,0,391,313,50,1606.08,10.6433,12.8087,18.2912,18.3852,-79.1148,-79.2088,1.27356,18.6718,0
39,2051,5,5,18.019,1424.77,1184.44,0,0,2,654.37,1466.71,0,391,313,50,1466.71,7.36552,18.019,25.3681,15.4512,-82.0488,-72.1319,1.27356,18.6718,0
39,2052,5,5,17.8189,1731.97,1485.85,0,0,2,821.434,1734.26,0,391,313,50,1734.26,15.2174,17.8189,26.1689,23.5675,-73.9325,-71.3311,1.27356,18.6718,0
39,2053,5,5,6.59442,2398.42,2096.44,0,0,2,1902.97,1764.39,0,391,313,50,1764.39,11.9045,6.59442,13.23,19.694,-77.806,-84.27,1.27356,18.6718,0
39,2054,5,5,21.2903,1778.03,1484.05,0,0,2,1552.34,1235.6,0,391,313,50,1235.6,16.5701,21.2903,29.3202,25.2965,-72.2035,-68.1798,1.27356,18.6718,0
39,2055,5,5,21.088,766.518,533.078,0,0,2,455.558,839.786,0,391,313,50,839.786,15.0714,21.088,30.1644,24.7746,-72.7254,-67.3356,1.27356,18.6718,0
39,2056,5,5,-3.54984,2272.33,2029.34,0,0,2,929.735,2268.89,0,391,313,50,2268.89,-1.6353,-3.54984,1.87993,5.13913,-92.3609,-95.6201,1.27356,18.6718,0
39,2057,5,5,1.97332,2326.47,2035.99,0,0,2,1810.5,1771.69,0,391,313,50,1771.69,9.22924,1.97332,12.3667,17.6641,-79.8359,-85.1333,1.27356,18.6718,0
39,2058,5,5,19.3603,1489.77,1276.05,0,0,2,585.503,1573.15,0,391,313,50,1573.15,19.2703,19.3603,24.6252,28.0667,-69.4333,-72.8748,1.27356,18.6718,0
39,2049,5,5,10.4156,2211.44,2229.25,0,0,2,1831.08,1606.08,0,156,136,50,1606.08,10.6433,10.4156,15.8981,18.3852,-79.1148,-81.6019,1.27356,18.6718,0
39,2051,5,5,14.9184,1424.77,1421.85,0,0,2,654.37,1466.71,0,156,136,50,1466.71,7.36552,14.9184,22.2676,15.4512,-82.0488,-75.2324,1.27356,18.6718,0
39,2052,5,5,15.2174,1731.97,1731.97,0,0,2,821.434,1734.26,0,156,136,50,1734.26,15.2174,15.2174,23.5675,23.5675,-73.9325,-73.9325,1.27356,18.6718,0
39,2053,5,5,4.37919,2398.42,2388.73,0,0,2,1902.97,1764.39,0,156,136,50,1764.39,11.9045,4.37919,11.0148,19.694,-77.806,-86.4852,1.27356,18.6718,0
39,2054,5,5,18.2228,1778.03,1778.03,0,0,2,1552.34,1235.6,0,156,136,50,1235.6,16.5701,18.2228,26.2528,25.2965,-72.2035,-71.2472,1.27356,18.6718,0
39,2055,5,5,14.9238,766.518,766.518,0,0,2,455.558,839.786,0,156,136,50,839.786,15.0714,14.9238,24.0003,24.7746,-72.7254,-73.4997,1.27356,18.6718,0
39,2056,5,5,-5.44773,2272.33,2269.44,0,0,2,929.735,2268.89,0,156,136,50,2268.89,-1.6353,-5.44773,-0.0179547,5.13913,-92.3609,-97.518,1.27356,18.6718,0
39,2057,5,5,-0.29479,2326.47,2327.09,0,0,2,1810.5,1771.69,0,156,136,50,1771.69,9.22924,-0.29479,10.0986,17.6641,-79.8359,-87.4014,1.27356,18.6718,0
39,2058,5,5,16.6071,1489.77,1500.79,0,0,2,585.503,1573.15,0,156,136,50,1573.15,19.2703,16.6071,21.872,28.0667,-69.4333,-75.628,1.27356,18.6718,0
39,2049,5,5,12.8087,2211.44,1936.08,0,0,4,1831.08,1606.08,0,391,313,50,1606.08,10.6433,12.8087,18.2912,18.3852,-79.1148,-79.2088,1.27356,18.6718,0
39,2051,5,5,18.019,1424.77,1184.44,0,0,4,654.37,1466.71,0,391,313,50,1466.71,7.36552,18.019,25.3681,15.4512,-82.0488,-72.1319,1.27356,18.6718,0
39,2052,5,5,17.8189,1731.97,1485.85,0,0,4,821.434,1734.26,0,391,313,50,1734.26,15.2174,17.8189,26.1689,23.5675,-73.9325,-71.3311,1.27356,18.6718,0
39,2053,5,5,6.59442,2398.42,2096.44,0,0,4,1902.97,1764.39,0,391,313,50,1764.39,11.9045,6.59442,13.23,19.694,-77.806,-84.27,1.27356,18.6718,0
39,2054,5,5,21.2903,1778.03,1484.05,0,0,4,1552.34,1235.6,0,391,313,50,1235.6,16.5701,21.2903,29.3202,25.2965,-72.2035,-68.1798,1.27356,18.6718,0
39,2055,5,5,21.088,766.518,533.078,0,0,4,455.558,839.786,0,391,313,50,839.786,15.0714,21.088,30.1644,24.7746,-72.7254,-67.3356,1.27356,18.6718,0
39,2056,5,5,-3.54984,2272.33,2029.34,0,0,4,929.735,2268.89,0,391,313,50,2268.89,-1.6353,-3.54984,1.87993,5.13913,-92.3609,-95.6201,1.27356,18.6718,0
39,2057,5,5,1.97332,2326.47,2035.99,0,0,4,1810.5,1771.69,0,391,313,50,1771.69,9.22924,1.97332,12.3667,17.6641,-79.8359,-85.1333,1.27356,18.6718,0
39,2058,5,5,19.3603,1489.77,1276.05,0,0,4,585.503,1573.15,0,391,313,50,1573.15,19.2703,19.3603,24.6252,28.0667,-69.4333,-72.8748,1.27356,18.6718,0
39,2049,5,5,10.4156,2229.25,2229.25,0,0,4,1831.08,1606.08,0,156,136,50,1606.08,10.4156,10.4156,15.8981,15.8981,-81.6019,-81.6019,1.27356,18.6718,0
39,2051,5,5,14.9184,1421.85,1421.85,0,0,4,654.37,1466.71,0,156,136,50,1466.71,14.9184,14.9184,22.2676,22.2676,-75.2324,-75.2324,1.27356,18.6718,0
39,2052,5,5,15.2174,1731.97,1731.97,0,0,4,821.434,1734.26,0,156,136,50,1734.26,15.2174,15.2174,23.5675,23.5675,-73.9325,-73.9325,1.27356,18.6718,0
39,2053,5,5,4.37919,2388.73,2388.73,0,0,4,1902.97,1764.39,0,156,136,50,1764.39,4.37919,4.37919,11.0148,11.0148,-86.4852,-86.4852,1.27356,18.6718,0
39,2054,5,5,18.2228,1778.03,1778.03,0,0,4,1552.34,1235.6,0,156,136,50,1235.6,18.2228,18.2228,26.2528,26.2528,-71.2472,-71.2472,1.27356,18.6718,0
39,2055,5,5,14.9238,766.518,766.518,0,0,4,455.558,839.786,0,156,136,50,839.786,14.9238,14.9238,24.0003,24.0003,-73.4997,-73.4997,1.27356,18.6718,0
39,2056,5,5,-5.44773,2269.44,2269.44,0,0,4,929.735,2268.89,0,156,136,50,2268.89,-5.44773,-5.44773,-0.0179547,-0.0179547,-97.518,-97.518,1.27356,18.6718,0
39,2057,5,5,-0.29479,2327.09,2327.09,0,0,4,1810.5,1771.69,0,156,136,50,1771.69,-0.29479,-0.29479,10.0986,10.0986,-87.4014,-87.4014,1.27356,18.6718,0
39,2058,5,5,16.6071,1500.79,1500.79,0,0,4,585.503,1573.15,0,156,136,50,1573.15,16.6071,16.6071,21.872,21.872,-75.628,-75.628,1.27356,18.6718,0
40,2049,5,5,1.48061,2229.25,2234.57,0,0,4,1839.18,1604.92,0,156,136,50,1604.92,10.4156,1.48061,10.206,15.8981,-81.6019,-87.294,1.27356,18.6718,0
40,2051,5,5,14.7865,1421.85,1416.4,0,0,1,668.953,1455.31,0,156,136,50,1455.31,14.9184,14.7865,21.2125,22.2676,-75.2324,-76.2875,1.27356,18.6718,0
40,2052,5,5,15.2174,1731.97,1731.97,0,0,5,821.434,1734.26,0,156,136,50,1734.26,15.2174,15.2174,23.5675,23.5675,-73.9325,-73.9325,1.27356,18.6718,0
40,2053,5,5,9.80924,2388.73,2386.15,0,0,5,1899.43,1764.39,0,156,136,50,1764.39,4.37919,9.80924,15.3295,11.0148,-86.4852,-82.1705,1.27356,18.6718,0
40,2054,5,5,18.2228,1778.03,1778.03,0,0,4,1552.34,1235.6,0,156,136,50,1235.6,18.2228,18.2228,26.2528,26.2528,-71.2472,-71.2472,1.27356,18.6718,0
40,2055,5,5,14.9238,766.518,766.518,0,0,4,455.558,839.786,0,156,136,50,839.786,14.9238,14.9238,24.0003,24.0003,-73.4997,-73.4997,1.27356,18.6718,0
40,2056,5,5,-8.37118,2269.44,2265.82,0,0,5,927.194,2265.95,0,156,136,50,2265.95,-5.44773,-8.37118,-0.154613,-0.0179547,-97.518,-97.6546,1.27356,18.6718,0
40,2057,5,5,-0.667834,2327.09,2328.47,0,0,1,1812.87,1771.25,0,156,136,50,1771.25,-0.29479,-0.667834,5.47563,10.0986,-87.4014,-92.0244,1.27356,18.6718,0
40,2058,5,5,18.5083,1500.79,1522.23,0,0,1,606.262,1589.25,0,156,136,50,1589.25,16.6071,18.5083,28.3794,21.872,-75.628,-69.1206,1.27356,18.6718,0
40,2049,5,5,3.86818,2229.25,1941.33,0,0,2,1839.18,1604.92,0,391,313,50,1604.92,10.4156,3.86818,12.5935,15.8981,-81.6019,-84.9065,1.27356,18.6718,0
40,2051,5,5,17.9332,1421.85,1176.7,0,0,2,668.953,1455.31,0,391,313,50,1455.31,14.9184,17.9332,24.3593,22.2676,-75.2324,-73.1407,1.27356,18.6718,0
40,2052,5,5,17.8189,1731.97,1485.85,0,0,2,821.434,1734.26,0,391,313,50,1734.26,15.2174,17.8189,26.1689,23.5675,-73.9325,-71.3311,1.27356,18.6718,0
40,2053,5,5,12.0267,2388.73,2093.9,0,0,2,1899.43,1764.39,0,391,313,50,1764.39,4.37919,12.0267,17.547,11.0148,-86.4852,-79.953,1.27356,18.6718,0
40,2054,5,5,21.2903,1778.03,1484.05,0,0,2,1552.34,1235.6,0,391,313,50,1235.6,18.2228,21.2903,29.3202,26.2528,-71.2472,-68.1798,1.27356,18.6718,0
40,2055,5,5,21.088,766.518,533.078,0,0,2,455.558,839.786,0,391,313,50,839.786,14.9238,21.088,30.1644,24.0003,-73.4997,-67.3356,1.27356,18.6718,0
40,2056,5,5,-6.4711,2269.44,2025.84,0,0,2,927.194,2265.95,0,391,313,50,2265.95,-5.44773,-6.4711,1.74547,-0.0179547,-97.518,-95.7545,1.27356,18.6718,0
40,2057,5,5,1.59917,2327.09,2037.33,0,0,2,1812.87,1771.25,0,391,313,50,1771.25,-0.29479,1.59917,7.74263,10.0986,-87.4014,-89.7574,1.27356,18.6718,0
40,2058,5,5,21.2489,1500.79,1295.24,0,0,2,606.262,1589.25,0,391,313,50,1589.25,16.6071,21.2489,31.12,21.872,-75.628,-66.38,1.27356,18.6718,0
40,2049,5,5,1.48061,2229.25,2234.57,0,0,2,1839.18,1604.92,0,156,136,50,1604.92,10.4156,1.48061,10.206,15.8981,-81.6019,-87.294,1.27356,18.6718,0
40,2051,5,5,14.7865,1421.85,1416.4,0,0,2,668.953,1455.31,0,156,136,50,1455.31,14.9184,14.7865,21.2125,22.2676,-75.2324,-76.2875,1.27356,18.6718,0
40,2052,5,5,15.2174,1731.97,1731.97,0,0,2,821.434,1734.26,0,156,136,50,1734.26,15.2174,15.2174,23.5675,23.5675,-73.9325,-73.9325,1.27356,18.6718,0
40,2053,5,5,9.80924,2388.73,2386.15,0,0,2,1899.43,1764.39,0,156,136,50,1764.39,4.37919,9.80924,15.3295,11.0148,-86.4852,-82.1705,1.27356,18.6718,0
40,2054,5,5,18.2228,1778.03,1778.03,0,0,2,1552.34,1235.6,0,156,136,50,1235.6,18.2228,18.2228,26.2528,26.2528,-71.2472,-71.2472,1.27356,18.6718,0
40,2055,5,5,14.9238,766.518,766.518,0,0,2,455.558,839.786,0,156,136,50,839.786,14.9238,14.9238,24.0003,24.0003,-73.4997,-73.4997,1.27356,18.6718,0
40,2056,5,5,-8.37118,2269.44,2265.82,0,0,2,927.194,2265.95,0,156,136,50,2265.95,-5.44773,-8.37118,-0.154613,-0.0179547,-97.518,-97.6546,1.27356,18.6718,0
40,2057,5,5,-0.667834,2327.09,2328.47,0,0,2,1812.87,1771.25,0,156,136,50,1771.25,-0.29479,-0.667834,5.47563,10.0986,-87.4014,-92.0244,1.27356,18.6718,0
40,2058,5,5,18.5083,1500.79,1522.23,0,0,2,606.262,1589.25,0,156,136,50,1589.25,16.6071,18.5083,28.3794,21.872,-75.628,-69.1206,1.27356,18.6718,0
40,2049,5,5,3.86818,2229.25,1941.33,0,0,4,1839.18,1604.92,0,391,313,50,1604.92,10.4156,3.86818,12.5935,15.8981,-81.6019,-84.9065,1.27356,18.6718,0
40,2051,5,5,17.9332,1421.85,1176.7,0,0,4,668.953,1455.31,0,391,313,50,1455.31,14.9184,17.9332,24.3593,22.2676,-75.2324,-73.1407,1.27356,18.6718,0
40,2052,5,5,17.8189,1731.97,1485.85,0,0,4,821.434,1734.26,0,391,313,50,1734.26,15.2174,17.8189,26.1689,23.5675,-73.9325,-71.3311,1.27356,18.6718,0
40,2053,5,5,12.0267,2388.73,2093.9,0,0,4,1899.43,1764.39,0,391,313,50,1764.39,4.37919,12.0267,17.547,11.0148,-86.4852,-79.953,1.27356,18.6718,0
40,2054,5,5,21.2903,1778.03,1484.05,0,0,4,1552.34,1235.6,0,391,313,50,1235.6,18.2228,21.2903,29.3202,26.2528,-71.2472,-68.1798,1.27356,18.6718,0
40,2055,5,5,21.088,766.518,533.078,0,0,4,455.558,839.786,0,391,313,50,839.786,14.9238,21.088,30.1644,24.0003,-73.4997,-67.3356,1.27356,18.6718,0
40,2056,5,5,-6.4711,2269.44,2025.84,0,0,4,927.194,2265.95,0,391,313,50,2265.95,-5.44773,-6.4711,1.74547,-0.0179547,-97.518,-95.7545,1.27356,18.6718,0
40,2057,5,5,1.59917,2327.09,2037.33,0,0,4,1812.87,1771.25,0,391,313,50,1771.25,-0.29479,1.59917,7.74263,10.0986,-87.4014,-89.7574,1.27356,18.6718,0
40,2058,5,5,21.2489,1500.79,1295.24,0,0,4,606.262,1589.25,0,391,313,50,1589.25,16.6071,21.2489,31.12,21.872,-75.628,-66.38,1.27356,18.6718,0
40,2049,5,5,1.48061,2234.57,2234.57,0,0,4,1839.18,1604.92,0,156,136,50,1604.92,1.48061,1.48061,10.206,10.206,-87.294,-87.294,1.27356,18.6718,0
40,2051,5,5,14.7865,1416.4,1416.4,0,0,4,668.953,1455.31,0,156,136,50,1455.31,14.7865,14.7865,21.2125,21.2125,-76.2875,-76.2875,1.27356,18.6718,0
40,2052,5,5,15.2174,1731.97,1731.97,0,0,4,821.434,1734.26,0,156,136,50,1734.26,15.2174,15.2174,23.5675,23.5675,-73.9325,-73.9325,1.27356,18.6718,0
40,2053,5,5,9.80924,2386.15,2386.15,0,0,4,1899.43,1764.39,0,156,136,50,1764.39,9.80924,9.80924,15.3295,15.3295,-82.1705,-82.1705,1.27356,18.6718,0
40,2054,5,5,18.2228,1778.03,1778.03,0,0,4,1552.34,1235.6,0,156,136,50,1235.6,18.2228,18.2228,26.2528,26.2528,-71.2472,-71.2472,1.27356,18.6718,0
40,2055,5,5,14.9238,766.518,766.518,0,0,4,455.558,839.786,0,156,136,50,839.786,14.9238,14.9238,24.0003,24.0003,-73.4997,-73.4997,1.27356,18.6718,0
40,2056,5,5,-8.37118,2265.82,2265.82,0,0,4,927.194,2265.95,0,156,136,50,2265.95,-8.37118,-8.37118,-0.154613,-0.154613,-97.6546,-97.6546,1.27356,18.6718,0
40,2057,5,5,-0.667834,2328.47,2328.47,0,0,4,1812.87,1771.25,0,156,136,50,1771.25,-0.667834,-0.667834,5.47563,5.47563,-92.0244,-92.0244,1.27356,18.6718,0
40,2058,5,5,18.5083,1522.23,1522.23,0,0,4,606.262,1589.25,0,156,136,50,1589.25,18.5083,18.5083,28.3794,28.3794,-69.1206,-69.1206,1.27356,18.6718,0
41,2049,5,5,10.2218,2234.57,2239.92,0,0,4,1847.27,1603.76,0,156,136,50,1603.76,1.48061,10.2218,16.8755,10.206,-87.294,-80.6245,1.27356,18.6718,0
41,2051,5,5,12.0045,1416.4,1416.34,0,0,4,669.087,1455.19,0,156,136,50,1455.19,14.7865,12.0045,21.1468,21.2125,-76.2875,-76.3532,1.27356,18.6718,0
41,2052,5,5,15.2174,1731.97,1731.97,0,0,4,821.434,1734.26,0,156,136,50,1734.26,15.2174,15.2174,23.5675,23.5675,-73.9325,-73.9325,1.27356,18.6718,0
41,2053,5,5,4.09275,2386.15,2383.76,0,0,1,1896.07,1764.49,0,156,136,50,1764.49,9.80924,4.09275,7.7562,15.3295,-82.1705,-89.7438,1.27356,18.6718,0
41,2054,5,5,18.2228,1778.03,1778.03,0,0,4,1552.34,1235.6,0,156,136,50,1235.6,18.2228,18.2228,26.2528,26.2528,-71.2472,-71.2472,1.27356,18.6718,0
41,2055,5,5,14.9238,766.518,766.518,0,0,4,455.558,839.786,0,156,136,50,839.786,14.9238,14.9238,24.0003,24.0003,-73.4997,-73.4997,1.27356,18.6718,0
41,2056,5,5,10.8,2265.82,2256.12,0,0,5,922.998,2257.15,0,156,136,50,2257.15,-8.37118,10.8,20.2522,-0.154613,-97.6546,-77.2478,1.27356,18.6718,0
41,2057,5,5,1.13714,2328.47,2329.83,0,0,4,1815.23,1770.81,0,156,136,50,1770.81,-0.667834,1.13714,6.49028,5.47563,-92.0244,-91.0097,1.27356,18.6718,0
41,2058,5,5,3.1088,1522.23,1534.35,0,0,4,617.184,1598.55,0,156,136,50,1598.55,18.5083,3.1088,9.84631,28.3794,-69.1206,-87.6537,1.27356,18.6718,0
41,2049,5,5,12.6038,2234.57,1946.61,0,0,2,1847.27,1603.76,0,391,313,50,1603.76,1.48061,12.6038,19.2575,10.206,-87.294,-78.2425,1.27356,18.6718,0
41,2051,5,5,15.1517,1416.4,1176.62,0,0,2,669.087,1455.19,0,391,313,50,1455.19,14.7865,15.1517,24.294,21.2125,-76.2875,-73.206,1.27356,18.6718,0
41,2052,5,5,17.8189,1731.97,1485.85,0,0,2,821.434,1734.26,0,391,313,50,1734.26,15.2174,17.8189,26.1689,23.5675,-73.9325,-71.3311,1.27356,18.6718,0
41,2053,5,5,6.31233,2386.15,2091.54,0,0,2,1896.07,1764.49,0,391,313,50,1764.49,9.80924,6.31233,9.97578,15.3295,-82.1705,-87.5242,1.27356,18.6718,0
41,2054,5,5,21.2903,1778.03,1484.05,0,0,2,1552.34,1235.6,0,391,313,50,1235.6,18.2228,21.2903,29.3202,26.2528,-71.2472,-68.1798,1.27356,18.6718,0
41,2055,5,5,21.088,766.518,533.078,0,0,2,455.558,839.786,0,391,313,50,839.786,14.9238,21.088,30.1644,24.0003,-73.4997,-67.3356,1.27356,18.6718,0
41,2056,5,5,12.7078,2265.82,2016.25,0,0,2,922.998,2257.15,0,391,313,50,2257.15,-8.37118,12.7078,22.16,-0.154613,-97.6546,-75.34,1.27356,18.6718,0
41,2057,5,5,3.40303,2328.47,2038.66,0,0,2,1815.23,1770.81,0,391,313,50,1770.81,-0.667834,3.40303,8.75617,5.47563,-92.0244,-88.7438,1.27356,18.6718,0
41,2058,5,5,5.84043,1522.23,1306.25,0,0,2,617.184,1598.55,0,391,313,50,1598.55,18.5083,5.84043,12.5779,28.3794,-69.1206,-84.9221,1.27356,18.6718,0
41,2049,5,5,10.2218,2234.57,2239.92,0,0,2,1847.27,1603.76,0,156,136,50,1603.76,1.48061,10.2218,16.8755,10.206,-87.294,-80.6245,1.27356,18.6718,0
41,2051,5,5,12.0045,1416.4,1416.34,0,0,2,669.087,1455.19,0,156,136,50,1455.19,14.7865,12.0045,21.1468,21.2125,-76.2875,-76.3532,1.27356,18.6718,0
41,2052,5,5,15.2174,1731.97,1731.97,0,0,2,821.434,1734.26,0,156,136,50,1734.26,15.2174,15.2174,23.5675,23.5675,-73.9325,-73.9325,1.27356,18.6718,0
41,2053,5,5,4.09275,2386.15,2383.76,0,0,2,1896.07,1764.49,0,156,136,50,1764.49,9.80924,4.09275,7.7562,15.3295,-82.1705,-89.7438,1.27356,18.6718,0
41,2054,5,5,18.2228,1778.03,1778.03,0,0,2,1552.34,1235.6,0,156,136,50,1235.6,18.2228,18.2228,26.2528,26.2528,-71.2472,-71.2472,1.27356,18.6718,0
41,2055,5,5,14.9238,766.518,766.518,0,0,2,455.558,839.786,0,156,136,50,839.786,14.9238,14.9238,24.0003,24.0003,-73.4997,-73.4997,1.27356,18.6718,0
41,2056,5,5,10.8,2265.82,2256.12,0,0,2,922.998,2257.15,0,156,136,50,2257.15,-8.37118,10.8,20.2522,-0.154613,-97.6546,-77.2478,1.27356,18.6718,0
41,2057,5,5,1.13714,2328.47,2329.83,0,0,2,1815.23,1770.81,0,156,136,50,1770.81,-0.667834,1.13714,6.49028,5.47563,-92.0244,-91.0097,1.27356,18.6718,0
41,2058,5,5,3.1088,1522.23,1534.35,0,0,2,617.184,1598.55,0,156,136,50,1598.55,18.5083,3.1088,9.84631,28.3794,-69.1206,-87.6537,1.27356,18.6718,0
41,2049,5,5,12.6038,2234.57,1946.61,0,0,4,1847.27,1603.76,0,391,313,50,1603.76,1.48061,12.6038,19.2575,10.206,-87.294,-78.2425,1.27356,18.6718,0
41,2051,5,5,15.1517,1416.4,1176.62,0,0,4,669.087,1455.19,0,391,313,50,1455.19,14.7865,15.1517,24.294,21.2125,-76.2875,-73.206,1.27356,18.6718,0
41,2052,5,5,17.8189,1731.97,1485.85,0,0,4,821.434,1734.26,0,391,313,50,1734.26,15.2174,17.8189,26.1689,23.5675,-73.9325,-71.3311,1.27356,18.6718,0
41,2053,5,5,6.31233,2386.15,2091.54,0,0,4,1896.07,1764.49,0,391,313,50,1764.49,9.80924,6.31233,9.97578,15.3295,-82.1705,-87.5242,1.27356,18.6718,0
41,2054,5,5,21.2903,1778.03,1484.05,0,0,4,1552.34,1235.6,0,391,313,50,1235.6,18.2228,21.2903,29.3202,26.2528,-71.2472,-68.1798,1.27356,18.6718,0
41,2055,5,5,21.088,766.518,533.078,0,0,4,455.558,839.786,0,391,313,50,839.786,14.9238,21.088,30.1644,24.0003,-73.4997,-67.3356,1.27356,18.6718,0
41,2056,5,5,12.7078,2265.82,2016.25,0,0,4,922.998,2257.15,0,391,313,50,2257.15,-8.37118,12.7078,22.16,-0.154613,-97.6546,-75.34,1.27356,18.6718,0
41,2057,5,5,3.40303,2328.47,2038.66,0,0,4,1815.23,1770.81,0,391,313,50,1770.81,-0.667834,3.40303,8.75617,5.47563,-92.0244,-88.7438,1.27356,18.6718,0
41,2058,5,5,5.84043,1522.23,1306.25,0,0,4,617.184,1598.55,0,391,313,50,1598.55,18.5083,5.84043,12.5779,28.3794,-69.1206,-84.9221,1.27356,18.6718,0
41,2049,5,5,10.2218,2239.92,2239.92,0,0,4,1847.27,1603.76,0,156,136,50,1603.76,10.2218,10.2218,16.8755,16.8755,-80.6245,-80.6245,1.27356,18.6718,0
41,2051,5,5,12.0045,1416.34,1416.34,0,0,4,669.087,1455.19,0,156,136,50,1455.19,12.0045,12.0045,21.1468,21.1468,-76.3532,-76.3532,1.27356,18.6718,0
41,2052,5,5,15.2174,1731.97,1731.97,0,0,4,821.434,1734.26,0,156,136,50,1734.26,15.2174,15.2174,23.5675,23.5675,-73.9325,-73.9325,1.27356,18.6718,0
41,2053,5,5,4.09275,2383.76,2383.76,0,0,4,1896.07,1764.49,0,156,136,50,1764.49,4.09275,4.09275,7.7562,7.7562,-89.7438,-89.7438,1.27356,18.6718,0
41,2054,5,5,18.2228,1778.03,1778.03,0,0,4,1552.34,1235.6,0,156,136,50,1235.6,18.2228,18.2228,26.2528,26.2528,-71.2472,-71.2472,1.27356,18.6718,0
41,2055,5,5,14.9238,766.518,766.518,0,0,4,455.558,839.786,0,156,136,50,839.786,14.9238,14.9238,24.0003,24.0003,-73.4997,-73.4997,1.27356,18.6718,0
41,2056,5,5,10.8,2256.12,2256.12,0,0,4,922.998,2257.15,0,156,136,50,2257.15,10.8,10.8,20.2522,20.2522,-77.2478,-77.2478,1.27356,18.6718,0
41,2057,5,5,1.13714,2329.83,2329.83,0,0,4,1815.23,1770.81,0,156,136,50,1770.81,1.13714,1.13714,6.49028,6.49028,-91.0097,-91.0097,1.27356,18.6718,0
41,2058,5,5,3.1088,1534.35,1534.35,0,0,4,617.184,1598.55,0,156,136,50,1598.55,3.1088,3.1088,9.84631,9.84631,-87.6537,-87.6537,1.27356,18.6718,0
42,2049,5,5,0.550755,2239.92,2245.27,0,0,4,1855.36,1602.6,0,156,136,50,1602.6,10.2218,0.550755,8.44894,16.8755,-80.6245,-89.0511,1.27356,18.6718,0
42,2051,5,5,22.5472,1416.34,1412.57,0,0,4,676.607,1448.19,0,156,136,50,1448.19,12.0045,22.5472,30.6175,21.1468,-76.3532,-66.8825,1.27356,18.6718,0
42,2052,5,5,15.2174,1731.97,1731.97,0,0,4,821.434,1734.26,0,156,136,50,1734.26,15.2174,15.2174,23.5675,23.5675,-73.9325,-73.9325,1.27356,18.6718,0
42,2053,5,5,-6.32309,2383.76,2374.42,0,0,1,1883.96,1763.74,0,156,136,50,1763.74,4.09275,-6.32309,-0.141518,7.7562,-89.7438,-97.6415,1.27356,18.6718,0
42,2054,5,5,-4.19986,1778.03,1787.14,0,0,4,1559.98,1240.64,0,156,136,50,1240.64,18.2228,-4.19986,4.50224,26.2528,-71.2472,-92.9978,1.27356,18.6718,0
42,2055,5,5,14.9238,766.518,766.518,0,0,4,455.558,839.786,0,156,136,50,839.786,14.9238,14.9238,24.0003,24.0003,-73.4997,-73.4997,1.27356,18.6718,0
42,2056,5,5,9.16137,2256.12,2244.97,0,0,5,921.678,2245.77,0,156,136,50,2245.77,10.8,9.16137,17.388,20.2522,-77.2478,-80.112,1.27356,18.6718,0
42,2057,5,5,-1.03967,2329.83,2331.21,0,0,4,1817.6,1770.36,0,156,136,50,1770.36,1.13714,-1.03967,4.27875,6.49028,-91.0097,-93.2212,1.27356,18.6718,0
42,2058,5,5,8.67467,1534.35,1546.51,0,0,4,628.104,1607.84,0,156,136,50,1607.84,3.1088,8.67467,15.9231,9.84631,-87.6537,-81.5769,1.27356,18.6718,0
42,2049,5,5,2.92724,2239.92,1951.9,0,0,2,1855.36,1602.6,0,391,313,50,1602.6,10.2218,2.92724,10.8254,16.8755,-80.6245,-86.6746,1.27356,18.6718,0
42,2051,5,5,25.7212,1416.34,1171.63,0,0,2,676.607,1448.19,0,391,313,50,1448.19,12.0045,25.7212,33.7915,21.1468,-76.3532,-63.7085,1.27356,18.6718,0
42,2052,5,5,17.8189,1731.97,1485.85,0,0,2,821.434,1734.26,0,391,313,50,1734.26,15.2174,17.8189,26.1689,23.5675,-73.9325,-71.3311,1.27356,18.6718,0
42,2053,5,5,-4.09515,2383.76,2082.32,0,0,2,1883.96,1763.74,0,391,313,50,1763.74,4.09275,-4.09515,2.08642,7.7562,-89.7438,-95.4136,1.27356,18.6718,0
42,2054,5,5,-1.14953,1778.03,1493.16,0,0,2,1559.98,1240.64,0,391,313,50,1240.64,18.2228,-1.14953,7.55256,26.2528,-71.2472,-89.9474,1.27356,18.6718,0
42,2055,5,5,21.088,766.518,533.078,0,0,2,455.558,839.786,0,391,313,50,839.786,14.9238,21.088,30.1644,24.0003,-73.4997,-67.3356,1.27356,18.6718,0
42,2056,5,5,11.0807,2256.12,2004.92,0,0,2,921.678,2245.77,0,391,313,50,2245.77,10.8,11.0807,19.3073,20.2522,-77.2478,-78.1927,1.27356,18.6718,0
42,2057,5,5,1.2251,2329.83,2040,0,0,2,1817.6,1770.36,0,391,313,50,1770.36,1.13714,1.2251,6.54353,6.49028,-91.0097,-90.9565,1.27356,18.6718,0
42,2058,5,5,11.3971,1534.35,1317.32,0,0,2,628.104,1607.84,0,391,313,50,1607.84,3.1088,11.3971,18.6455,9.84631,-87.6537,-78.8545,1.27356,18.6718,0
42,2049,5,5,0.550755,2239.92,2245.27,0,0,2,1855.36,1602.6,0,156,136,50,1602.6,10.2218,0.550755,8.44894,16.8755,-80.6245,-89.0511,1.27356,18.6718,0
42,2051,5,5,22.5472,1416.34,1412.57,0,0,2,676.607,1448.19,0,156,136,50,1448.19,12.0045,22.5472,30.6175,21.1468,-76.3532,-66.8825,1.27356,18.6718,0
42,2052,5,5,15.2174,1731.97,1731.97,0,0,2,821.434,1734.26,0,156,136,50,1734.26,15.2174,15.2174,23.5675,23.5675,-73.9325,-73.9325,1.27356,18.6718,0
42,2053,5,5,-6.32309,2383.76,2374.42,0,0,2,1883.96,1763.74,0,156,136,50,1763.74,4.09275,-6.32309,-0.141518,7.7562,-89.7438,-97.6415,1.27356,18.6718,0
42,2054,5,5,-4.19986,1778.03,1787.14,0,0,2,1559.98,1240.64,0,156,136,50,1240.64,18.2228,-4.19986,4.50224,26.2528,-71.2472,-92.9978,1.27356,18.6718,0
42,2055,5,5,14.9238,766.518,766.518,0,0,2,455.558,839.786,0,156,136,50,839.786,14.9238,14.9238,24.0003,24.0003,-73.4997,-73.4997,1.27356,18.6718,0
42,2056,5,5,9.16137,2256.12,2244.97,0,0,2,921.678,2245.77,0,156,136,50,2245.77,10.8,9.16137,17.388,20.2522,-77.2478,-80.112,1.27356,18.6718,0
42,2057,5,5,-1.03967,2329.83,2331.21,0,0,2,1817.6,1770.36,0,156,136,50,1770.36,1.13714,-1.03967,4.27875,6.49028,-91.0097,-93.2212,1.27356,18.6718,0
42,2058,5,5,8.67467,1534.35,1546.51,0,0,2,628.104,1607.84,0,156,136,50,1607.84,3.1088,8.67467,15.9231,9.84631,-87.6537,-81.5769,1.27356,18.6718,0
42,2049,5,5,2.92724,2239.92,1951.9,0,0,4,1855.36,1602.6,0,391,313,50,1602.6,10.2218,2.92724,10.8254,16.8755,-80.6245,-86.6746,1.27356,18.6718,0
42,2051,5,5,25.7212,1416.34,1171.63,0,0,4,676.607,1448.19,0,391,313,50,1448.19,12.0045,25.7212,33.7915,21.1468,-76.3532,-63.7085,1.27356,18.6718,0
42,2052,5,5,17.8189,1731.97,1485.85,0,0,4,821.434,1734.26,0,391,313,50,1734.26,15.2174,17.8189,26.1689,23.5675,-73.9325,-71.3311,1.27356,18.6718,0
42,2053,5,5,-4.09515,2383.76,2082.32,0,0,4,1883.96,1763.74,0,391,313,50,1763.74,4.09275,-4.09515,2.08642,7.7562,-89.7438,-95.4136,1.27356,18.6718,0
42,2054,5,5,-1.14953,1778.03,1493.16,0,0,4,1559.98,1240.64,0,391,313,50,1240.64,18.2228,-1.14953,7.55256,26.2528,-71.2472,-89.9474,1.27356,18.6718,0
42,2055,5,5,21.088,766.518,533.078,0,0,4,455.558,839.786,0,391,313,50,839.786,14.9238,21.088,30.1644,24.0003,-73.4997,-67.3356,1.27356,18.6718,0
42,2056,5,5,11.0807,2256.12,2004.92,0,0,4,921.678,2245.77,0,391,313,50,2245.77,10.8,11.0807,19.3073,20.2522,-77.2478,-78.1927,1.27356,18.6718,0
42,2057,5,5,1.2251,2329.83,2040,0,0,4,1817.6,1770.36,0,391,313,50,1770.36,1.13714,1.2251,6.54353,6.49028,-91.0097,-90.9565,1.27356,18.6718,0
42,2058,5,5,11.3971,1534.35,1317.32,0,0,4,628.104,1607.84,0,391,313,50,1607.84,3.1088,11.3971,18.6455,9.84631,-87.6537,-78.8545,1.27356,18.6718,0
42,2049,5,5,0.550755,2245.27,2245.27,0,0,4,1855.36,1602.6,0,156,136,50,1602.6,0.550755,0.550755,8.44894,8.44894,-89.0511,-89.0511,1.27356,18.6718,0
42,2051,5,5,22.5472,1412.57,1412.57,0,0,4,676.607,1448.19,0,156,136,50,1448.19,22.5472,22.5472,30.6175,30.6175,-66.8825,-66.8825,1.27356,18.6718,0
42,2052,5,5,15.2174,1731.97,1731.97,0,0,4,821.434,1734.26,0,156,136,50,1734.26,15.2174,15.2174,23.5675,23.5675,-73.9325,-73.9325,1.27356,18.6718,0
42,2053,5,5,-6.32309,2374.42,2374.42,0,0,4,1883.96,1763.74,0,156,136,50,1763.74,-6.32309,-6.32309,-0.141518,-0.141518,-97.6415,-97.6415,1.27356,18.6718,0
42,2054,5,5,-4.19986,1787.14,1787.14,0,0,4,1559.98,1240.64,0,156,136,50,1240.64,-4.19986,-4.19986,4.50224,4.50224,-92.9978,-92.9978,1.27356,18.6718,0
42,2055,5,5,14.9238,766.518,766.518,0,0,4,455.558,839.786,0,156,136,50,839.786,14.9238,14.9238,24.0003,24.0003,-73.4997,-73.4997,1.27356,18.6718,0
42,2056,5,5,9.16137,2244.97,2244.97,0,0,4,921.678,2245.77,0,156,136,50,2245.77,9.16137,9.16137,17.388,17.388,-80.112,-80.112,1.27356,18.6718,0
42,2057,5,5,-1.03967,2331.21,2331.21,0,0,4,1817.6,1770.36,0,156,136,50,1770.36,-1.03967,-1.03967,4.27875,4.27875,-93.2212,-93.2212,1.27356,18.6718,0
42,2058,5,5,8.67467,1546.51,1546.51,0,0,4,628.104,1607.84,0,156,136,50,1607.84,8.67467,8.67467,15.9231,15.9231,-81.5769,-81.5769,1.27356,18.6718,0
43,2049,5,5,14.8973,2245.27,2250.6,0,0,4,1863.44,1601.38,0,156,136,50,1601.38,0.550755,14.8973,20.7187,8.44894,-89.0511,-76.7813,1.27356,18.6718,0
43,2051,5,5,18.721,1412.57,1406.1,0,0,4,686.943,1437.05,0,156,136,50,1437.05,22.5472,18.721,25.1639,30.6175,-66.8825,-72.3361,1.27356,18.6718,0
43,2052,5,5,15.2174,1731.97,1731.97,0,0,4,821.434,1734.26,0,156,136,50,1734.26,15.2174,15.2174,23.5675,23.5675,-73.9325,-73.9325,1.27356,18.6718,0
43,2053,5,5,8.13958,2374.42,2370.71,0,0,1,1878.07,1764.56,0,156,136,50,1764.56,-6.32309,8.13958,14.7189,-0.141518,-97.6415,-82.7811,1.27356,18.6718,0
43,2054,5,5,12.8864,1787.14,1791.35,0,0,4,1563.6,1242.84,0,156,136,50,1242.84,-4.19986,12.8864,21.7289,4.50224,-92.9978,-75.7711,1.27356,18.6718,0
43,2055,5,5,14.9238,766.518,766.518,0,0,4,455.558,839.786,0,156,136,50,839.786,14.9238,14.9238,24.0003,24.0003,-73.4997,-73.4997,1.27356,18.6718,0
43,2056,5,5,-2.27367,2244.97,2239.66,0,0,1,919.372,2240.95,0,156,136,50,2240.95,9.16137,-2.27367,4.69708,17.388,-80.112,-92.8029,1.27356,18.6718,0
43,2057,5,5,1.06346,2331.21,2332.59,0,0,4,1819.96,1769.92,0,156,136,50,1769.92,-1.03967,1.06346,8.66644,4.27875,-93.2212,-88.8336,1.27356,18.6718,0
43,2058,5,5,4.84447,1546.51,1558.7,0,0,4,639.012,1617.12,0,156,136,50,1617.12,8.67467,4.84447,13.1408,15.9231,-81.5769,-84.3592,1.27356,18.6718,0
43,2049,5,5,17.2683,2245.27,1957.17,0,0,2,1863.44,1601.38,0,391,313,50,1601.38,0.550755,17.2683,23.0897,8.44894,-89.0511,-74.4103,1.27356,18.6718,0
43,2051,5,5,21.9364,1412.57,1163.43,0,0,2,686.943,1437.05,0,391,313,50,1437.05,22.5472,21.9364,28.3793,30.6175,-66.8825,-69.1207,1.27356,18.6718,0
43,2052,5,5,17.8189,1731.97,1485.85,0,0,2,821.434,1734.26,0,391,313,50,1734.26,15.2174,17.8189,26.1689,23.5675,-73.9325,-71.3311,1.27356,18.6718,0
43,2053,5,5,10.3707,2374.42,2078.68,0,0,2,1878.07,1764.56,0,391,313,50,1764.56,-6.32309,10.3707,16.95,-0.141518,-97.6415,-80.55,1.27356,18.6718,0
43,2054,5,5,15.9289,1787.14,1497.37,0,0,2,1563.6,1242.84,0,391,313,50,1242.84,-4.19986,15.9289,24.7714,4.50224,-92.9978,-72.7286,1.27356,18.6718,0
43,2055,5,5,21.088,766.518,533.078,0,0,2,455.558,839.786,0,391,313,50,839.786,14.9238,21.088,30.1644,24.0003,-73.4997,-67.3356,1.27356,18.6718,0
43,2056,5,5,-0.350027,2244.97,1999.67,0,0,2,919.372,2240.95,0,391,313,50,2240.95,9.16137,-0.350027,6.62072,17.388,-80.112,-90.8793,1.27356,18.6718,0
43,2057,5,5,3.32712,2331.21,2041.33,0,0,2,1819.96,1769.92,0,391,313,50,1769.92,-1.03967,3.32712,10.9301,4.27875,-93.2212,-86.5699,1.27356,18.6718,0
43,2058,5,5,7.55739,1546.51,1328.44,0,0,2,639.012,1617.12,0,391,313,50,1617.12,8.67467,7.55739,15.8538,15.9231,-81.5769,-81.6462,1.27356,18.6718,0
43,2049,5,5,14.8973,2245.27,2250.6,0,0,2,1863.44,1601.38,0,156,136,50,1601.38,0.550755,14.8973,20.7187,8.44894,-89.0511,-76.7813,1.27356,18.6718,0
43,2051,5,5,18.721,1412.57,1406.1,0,0,2,686.943,1437.05,0,156,136,50,1437.05,22.5472,18.721,25.1639,30.6175,-66.8825,-72.3361,1.27356,18.6718,0
43,2052,5,5,15.2174,1731.97,1731.97,0,0,2,821.434,1734.26,0,156,136,50,1734.26,15.2174,15.2174,23.5675,23.5675,-73.9325,-73.9325,1.27356,18.6718,0
43,2053,5,5,8.13958,2374.42,2370.71,0,0,2,1878.07,1764.56,0,156,136,50,1764.56,-6.32309,8.13958,14.7189,-0.141518,-97.6415,-82.7811,1.27356,18.6718,0
43,2054,5,5,12.8864,1787.14,1791.35,0,0,2,1563.6,1242.84,0,156,136,50,1242.84,-4.19986,12.8864,21.7289,4.50224,-92.9978,-75.7711,1.27356,18.6718,0
43,2055,5,5,14.9238,766.518,766.518,0,0,2,455.558,839.786,0,156,136,50,839.786,14.9238,14.9238,24.0003,24.0003,-73.4997,-73.4997,1.27356,18.6718,0
43,2056,5,5,-2.27367,2244.97,2239.66,0,0,2,919.372,2240.95,0,156,136,50,2240.95,9.16137,-2.27367,4.69708,17.388,-80.112,-92.8029,1.27356,18.6718,0
43,2057,5,5,1.06346,2331.21,2332.59,0,0,2,1819.96,1769.92,0,156,136,50,1769.92,-1.03967,1.06346,8.66644,4.27875,-93.2212,-88.8336,1.27356,18.6718,0
43,2058,5,5,4.84447,1546.51,1558.7,0,0,2,639.012,1617.12,0,156,136,50,1617.12,8.67467,4.84447,13.1408,15.9231,-81.5769,-84.3592,1.27356,18.6718,0
43,2049,5,5,17.2683,2245.27,1957.17,0,0,4,1863.44,1601.38,0,391,313,50,1601.38,0.550755,17.2683,23.0897,8.44894,-89.0511,-74.4103,1.27356,18.6718,0
43,2051,5,5,21.9364,1412.57,1163.43,0,0,4,686.943,1437.05,0,391,313,50,1437.05,22.5472,21.9364,28.3793,30.6175,-66.8825,-69.1207,1.27356,18.6718,0
43,2052,5,5,17.8189,1731.97,1485.85,0,0,4,821.434,1734.26,0,391,313,50,1734.26,15.2174,17.8189,26.1689,23.5675,-73.9325,-71.3311,1.27356,18.6718,0
43,2053,5,5,10.3707,2374.42,2078.68,0,0,4,1878.07,1764.56,0,391,313,50,1764.56,-6.32309,10.3707,16.95,-0.141518,-97.6415,-80.55,1.27356,18.6718,0
43,2054,5,5,15.9289,1787.14,1497.37,0,0,4,1563.6,1242.84,0,391,313,50,1242.84,-4.19986,15.9289,24.7714,4.50224,-92.9978,-72.7286,1.27356,18.6718,0
43,2055,5,5,21.088,766.518,533.078,0,0,4,455.558,839.786,0,391,313,50,839.786,14.9238,21.088,30.1644,24.0003,-73.4997,-67.3356,1.27356,18.6718,0
43,2056,5,5,-0.350027,2244.97,1999.67,0,0,4,919.372,2240.95,0,391,313,50,2240.95,9.16137,-0.350027,6.62072,17.388,-80.112,-90.8793,1.27356,18.6718,0
43,2057,5,5,3.32712,2331.21,2041.33,0,0,4,1819.96,1769.92,0,391,313,50,1769.92,-1.03967,3.32712,10.9301,4.27875,-93.2212,-86.5699,1.27356,18.6718,0
43,2058,5,5,7.55739,1546.51,1328.44,0,0,4,639.012,1617.12,0,391,313,50,1617.12,8.67467,7.55739,15.8538,15.9231,-81.5769,-81.6462,1.27356,18.6718,0
43,2049,5,5,14.8973,2250.6,2250.6,0,0,4,1863.44,1601.38,0,156,136,50,1601.38,14.8973,14.8973,20.7187,20.7187,-76.7813,-76.7813,1.27356,18.6718,0
43,2051,5,5,18.721,1406.1,1406.1,0,0,4,686.943,1437.05,0,156,136,50,1437.05,18.721,18.721,25.1639,25.1639,-72.3361,-72.3361,1.27356,18.6718,0
43,2052,5,5,15.2174,1731.97,1731.97,0,0,4,821.434,1734.26,0,156,136,50,1734.26,15.2174,15.2174,23.5675,23.5675,-73.9325,-73.9325,1.27356,18.6718,0
43,2053,5,5,8.13958,2370.71,2370.71,0,0,4,1878.07,1764.56,0,156,136,50,1764.56,8.13958,8.13958,14.7189,14.7189,-82.7811,-82.7811,1.27356,18.6718,0
43,2054,5,5,12.8864,1791.35,1791.35,0,0,4,1563.6,1242.84,0,156,136,50,1242.84,12.8864,12.8864,21.7289,21.7289,-75.7711,-75.7711,1.27356,18.6718,0
43,2055,5,5,14.9238,766.518,766.518,0,0,4,455.558,839.786,0,156,136,50,839.786,14.9238,14.9238,24.0003,24.0003,-73.4997,-73.4997,1.27356,18.6718,0
43,2056,5,5,-2.27367,2239.66,2239.66,0,0,4,919.372,2240.95,0,156,136,50,2240.95,-2.27367,-2.27367,4.69708,4.69708,-92.8029,-92.8029,1.27356,18.6718,0
43,2057,5,5,1.06346,2332.59,2332.59,0,0,4,1819.96,1769.92,0,156,136,50,1769.92,1.06346,1.06346,8.66644,8.66644,-88.8336,-88.8336,1.27356,18.6718,0
43,2058,5,5,4.84447,1558.7,1558.7,0,0,4,639.012,1617.12,0,156,136,50,1617.12,4.84447,4.84447,13.1408,13.1408,-84.3592,-84.3592,1.27356,18.6718,0
44,2049,5,5,14.2313,2250.6,2255.87,0,0,4,1871.49,1600.08,0,156,136,50,1600.08,14.8973,14.2313,20.5637,20.7187,-76.7813,-76.9363,1.27356,18.6718,0
44,2051,5,5,16.1611,1406.1,1403.55,0,0,4,693.89,1431.43,0,156,136,50,1431.43,18.721,16.1611,22.6456,25.1639,-72.3361,-74.8544,1.27356,18.6718,0
44,2052,5,5,15.2174,1731.97,1731.97,0,0,4,821.434,1734.26,0,156,136,50,1734.26,15.2174,15.2174,23.5675,23.5675,-73.9325,-73.9325,1.27356,18.6718,0
44,2053,5,5,0.8068,2370.71,2366.89,0,0,1,1872.18,1765.23,0,156,136,50,1765.23,8.13958,0.8068,9.56338,14.7189,-82.7811,-87.9366,1.27356,18.6718,0
44,2054,5,5,16.6913,1791.35,1794.79,0,0,4,1564.43,1247.35,0,156,136,50,1247.35,12.8864,16.6913,23.6062,21.7289,-75.7711,-73.8938,1.27356,18.6718,0
44,2055,5,5,14.9238,766.518,766.518,0,0,4,455.558,839.786,0,156,136,50,839.786,14.9238,14.9238,24.0003,24.0003,-73.4997,-73.4997,1.27356,18.6718,0
44,2056,5,5,1.52743,2239.66,2226.31,0,0,4,921.252,2226.06,0,156,136,50,2226.06,-2.27367,1.52743,8.56616,4.69708,-92.8029,-88.9338,1.27356,18.6718,0
44,2057,5,5,12.0424,2332.59,2333.97,0,0,4,1822.32,1769.48,0,156,136,50,1769.48,1.06346,12.0424,21.9632,8.66644,-88.8336,-75.5368,1.27356,18.6718,0
44,2058,5,5,18.8281,1558.7,1571.16,0,0,4,649.632,1626.76,0,156,136,50,1626.76,4.84447,18.8281,27.1821,13.1408,-84.3592,-70.3179,1.27356,18.6718,0
44,2049,5,5,16.5968,2250.6,1962.38,0,0,2,1871.49,1600.08,0,391,313,50,1600.08,14.8973,16.5968,22.9292,20.7187,-76.7813,-74.5708,1.27356,18.6718,0
44,2051,5,5,19.3988,1406.1,1159.8,0,0,2,693.89,1431.43,0,391,313,50,1431.43,18.721,19.3988,25.8833,25.1639,-72.3361,-71.6167,1.27356,18.6718,0
44,2052,5,5,17.8189,1731.97,1485.85,0,0,2,821.434,1734.26,0,391,313,50,1734.26,15.2174,17.8189,26.1689,23.5675,-73.9325,-71.3311,1.27356,18.6718,0
44,2053,5,5,3.04112,2370.71,2074.94,0,0,2,1872.18,1765.23,0,391,313,50,1765.23,8.13958,3.04112,11.7977,14.7189,-82.7811,-85.7023,1.27356,18.6718,0
44,2054,5,5,19.7273,1791.35,1500.81,0,0,2,1564.43,1247.35,0,391,313,50,1247.35,12.8864,19.7273,26.6422,21.7289,-75.7711,-70.8578,1.27356,18.6718,0
44,2055,5,5,21.088,766.518,533.078,0,0,2,455.558,839.786,0,391,313,50,839.786,14.9238,21.088,30.1644,24.0003,-73.4997,-67.3356,1.27356,18.6718,0
44,2056,5,5,3.46763,2239.66,1985.82,0,0,2,921.252,2226.06,0,391,313,50,2226.06,-2.27367,3.46763,10.5064,4.69708,-92.8029,-86.9936,1.27356,18.6718,0
44,2057,5,5,14.305,2332.59,2042.68,0,0,2,1822.32,1769.48,0,391,313,50,1769.48,1.06346,14.305,24.2257,8.66644,-88.8336,-73.2743,1.27356,18.6718,0
44,2058,5,5,21.5303,1558.7,1339.91,0,0,2,649.632,1626.76,0,391,313,50,1626.76,4.84447,21.5303,29.8843,13.1408,-84.3592,-67.6157,1.27356,18.6718,0
44,2049,5,5,14.2313,2250.6,2255.87,0,0,2,1871.49,1600.08,0,156,136,50,1600.08,14.8973,14.2313,20.5637,20.7187,-76.7813,-76.9363,1.27356,18.6718,0
44,2051,5,5,16.1611,1406.1,1403.55,0,0,2,693.89,1431.43,0,156,136,50,1431.43,18.721,16.1611,22.6456,25.1639,-72.3361,-74.8544,1.27356,18.6718,0
44,2052,5,5,15.2174,1731.97,1731.97,0,0,2,821.434,1734.26,0,156,136,50,1734.26,15.2174,15.2174,23.5675,23.5675,-73.9325,-73.9325,1.27356,18.6718,0
44,2053,5,5,0.8068,2370.71,2366.89,0,0,2,1872.18,1765.23,0,156,136,50,1765.23,8.13958,0.8068,9.56338,14.7189,-82.7811,-87.9366,1.27356,18.6718,0
44,2054,5,5,16.6913,1791.35,1794.79,0,0,2,1564.43,1247.35,0,156,136,50,1247.35,12.8864,16.6913,23.6062,21.7289,-75.7711,-73.8938,1.27356,18.6718,0
44,2055,5,5,14.9238,766.518,766.518,0,0,2,455.558,839.786,0,156,136,50,839.786,14.9238,14.9238,24.0003,24.0003,-73.4997,-73.4997,1.27356,18.6718,0
44,2056,5,5,1.52743,2239.66,2226.31,0,0,2,921.252,2226.06,0,156,136,50,2226.06,-2.27367,1.52743,8.56616,4.69708,-92.8029,-88.9338,1.27356,18.6718,0
44,2057,5,5,12.0424,2332.59,2333.97,0,0,2,1822.32,1769.48,0,156,136,50,1769.48,1.06346,12.0424,21.9632,8.66644,-88.8336,-75.5368,1.27356,18.6718,0
44,2058,5,5,18.8281,1558.7,1571.16,0,0,2,649.632,1626.76,0,156,136,50,1626.76,4.84447,18.8281,27.1821,13.1408,-84.3592,-70.3179,1.27356,18.6718,0
44,2049,5,5,16.5968,2250.6,1962.38,0,0,4,1871.49,1600.08,0,391,313,50,1600.08,14.8973,16.5968,22.9292,20.7187,-76.7813,-74.5708,1.27356,18.6718,0
44,2051,5,5,19.3988,1406.1,1159.8,0,0,4,693.89,1431.43,0,391,313,50,1431.43,18.721,19.3988,25.8833,25.1639,-72.3361,-71.6167,1.27356,18.6718,0
44,2052,5,5,17.8189,1731.97,1485.85,0,0,4,821.434,1734.26,0,391,313,50,1734.26,15.2174,17.8189,26.1689,23.5675,-73.9325,-71.3311,1.27356,18.6718,0
44,2053,5,5,3.04112,2370.71,2074.94,0,0,4,1872.18,1765.23,0,391,313,50,1765.23,8.13958,3.04112,11.7977,14.7189,-82.7811,-85.7023,1.27356,18.6718,0
44,2054,5,5,19.7273,1791.35,1500.81,0,0,4,1564.43,1247.35,0,391,313,50,1247.35,12.8864,19.7273,26.6422,21.7289,-75.7711,-70.8578,1.27356,18.6718,0
44,2055,5,5,21.088,766.518,533.078,0,0,4,455.558,839.786,0,391,313,50,839.786,14.9238,21.088,30.1644,24.0003,-73.4997,-67.3356,1.27356,18.6718,0
44,2056,5,5,3.46763,2239.66,1985.82,0,0,4,921.252,2226.06,0,391,313,50,2226.06,-2.27367,3.46763,10.5064,4.69708,-92.8029,-86.9936,1.27356,18.6718,0
44,2057,5,5,14.305,2332.59,2042.68,0,0,4,1822.32,1769.48,0,391,313,50,1769.48,1.06346,14.305,24.2257,8.66644,-88.8336,-73.2743,1.27356,18.6718,0
44,2058,5,5,21.5303,1558.7,1339.91,0,0,4,649.632,1626.76,0,391,313,50,1626.76,4.84447,21.5303,29.8843,13.1408,-84.3592,-67.6157,1.27356,18.6718,0
44,2049,5,5,14.2313,2255.87,2255.87,0,0,4,1871.49,1600.08,0,156,136,50,1600.08,14.2313,14.2313,20.5637,20.5637,-76.9363,-76.9363,1.27356,18.6718,0
44,2051,5,5,16.1611,1403.55,1403.55,0,0,4,693.89,1431.43,0,156,136,50,1431.43,16.1611,16.1611,22.6456,22.6456,-74.8544,-74.8544,1.27356,18.6718,0
44,2052,5,5,15.2174,1731.97,1731.97,0,0,4,821.434,1734.26,0,156,136,50,1734.26,15.2174,15.2174,23.5675,23.5675,-73.9325,-73.9325,1.27356,18.6718,0
44,2053,5,5,0.8068,2366.89,2366.89,0,0,4,1872.18,1765.23,0,156,136,50,1765.23,0.8068,0.8068,9.56338,9.56338,-87.9366,-87.9366,1.27356,18.6718,0
44,2054,5,5,16.6913,1794.79,1794.79,0,0,4,1564.43,1247.35,0,156,136,50,1247.35,16.6913,16.6913,23.6062,23.6062,-73.8938,-73.8938,1.27356,18.6718,0
44,2055,5,5,14.9238,766.518,766.518,0,0,4,455.558,839.786,0,156,136,50,839.786,14.9238,14.9238,24.0003,24.0003,-73.4997,-73.4997,1.27356,18.6718,0
44,2056,5,5,1.52743,2226.31,2226.31,0,0,4,921.252,2226.06,0,156,136,50,2226.06,1.52743,1.52743,8.56616,8.56616,-88.9338,-88.9338,1.27356,18.6718,0
44,2057,5,5,12.0424,2333.97,2333.97,0,0,4,1822.32,1769.48,0,156,136,50,1769.48,12.0424,12.0424,21.9632,21.9632,-75.5368,-75.5368,1.27356,18.6718,0
44,2058,5,5,18.8281,1571.16,1571.16,0,0,4,649.632,1626.76,0,156,136,50,1626.76,18.8281,18.8281,27.1821,27.1821,-70.3179,-70.3179,1.27356,18.6718,0
45,2051,5,5,7.20916,1403.55,1400.59,0,0,5,702.154,1424.75,0,156,136,50,1424.75,16.1611,7.20916,13.5258,22.6456,-74.8544,-83.9742,1.27356,11.7585,0
45,2052,5,5,15.2174,1731.97,1731.97,0,0,4,821.434,1734.26,0,156,136,50,1734.26,15.2174,15.2174,23.5675,23.5675,-73.9325,-73.9325,1.27356,11.7585,0
45,2053,5,5,1.98806,2366.89,2362.57,0,0,5,1866.23,1765.21,0,156,136,50,1765.21,0.8068,1.98806,10.9046,9.56338,-87.9366,-86.5954,1.27356,11.7585,0
45,2054,5,5,5.38682,1794.79,1801.5,0,0,4,1568.68,1252.8,0,156,136,50,1252.8,16.6913,5.38682,12.5883,23.6062,-73.8938,-84.9117,1.27356,11.7585,0
45,2055,5,5,14.9238,766.518,766.518,0,0,4,455.558,839.786,0,156,136,50,839.786,14.9238,14.9238,24.0003,24.0003,-73.4997,-73.4997,1.27356,11.7585,0
45,2056,5,5,11.4458,2226.31,2220.93,0,0,4,927.017,2218.2,0,156,136,50,2218.2,1.52743,11.4458,20.1358,8.56616,-88.9338,-77.3642,1.27356,11.7585,0
45,2057,5,5,7.06553,2333.97,2335.37,0,0,1,1824.72,1769.03,0,156,136,50,1769.03,12.0424,7.06553,17.8665,21.9632,-75.5368,-79.6335,1.27356,11.7585,0
45,2058,5,5,11.0245,1571.16,1583.72,0,0,1,660.136,1636.5,0,156,136,50,1636.5,18.8281,11.0245,18.6322,27.1821,-70.3179,-78.8678,1.27356,11.7585,0
45,2049,5,5,-13.9275,2255.87,1967.75,0,0,2,1879.58,1598.95,0,391,313,50,1598.95,14.2313,-13.9275,-4.53597,20.5637,-76.9363,-102.036,1.27356,11.7585,0
45,2051,5,5,10.4732,1403.55,1155.55,0,0,2,702.154,1424.75,0,391,313,50,1424.75,16.1611,10.4732,16.7899,22.6456,-74.8544,-80.7101,1.27356,11.7585,0
45,2052,5,5,17.8189,1731.97,1485.85,0,0,2,821.434,1734.26,0,391,313,50,1734.26,15.2174,17.8189,26.1689,23.5675,-73.9325,-71.3311,1.27356,11.7585,0
45,2053,5,5,4.22619,2366.89,2070.68,0,0,2,1866.23,1765.21,0,391,313,50,1765.21,0.8068,4.22619,13.1428,9.56338,-87.9366,-84.3572,1.27356,11.7585,0
45,2054,5,5,8.41036,1794.79,1507.53,0,0,2,1568.68,1252.8,0,391,313,50,1252.8,16.6913,8.41036,15.6118,23.6062,-73.8938,-81.8882,1.27356,11.7585,0
45,2055,5,5,21.088,766.518,533.078,0,0,2,455.558,839.786,0,391,313,50,839.786,14.9238,21.088,30.1644,24.0003,-73.4997,-67.3356,1.27356,11.7585,0
45,2056,5,5,13.3965,2226.31,1979.79,0,0,2,927.017,2218.2,0,391,313,50,2218.2,1.52743,13.3965,22.0864,8.56616,-88.9338,-75.4136,1.27356,11.7585,0
45,2057,5,5,9.32693,2333.97,2044.04,0,0,2,1824.72,1769.03,0,391,313,50,1769.03,12.0424,9.32693,20.1279,21.9632,-75.5368,-77.3721,1.27356,11.7585,0
45,2058,5,5,13.7154,1571.16,1351.51,0,0,2,660.136,1636.5,0,391,313,50,1636.5,18.8281,13.7154,21.3231,27.1821,-70.3179,-76.1769,1.27356,11.7585,0
45,2051,5,5,7.20916,1403.55,1400.59,0,0,2,702.154,1424.75,0,156,136,50,1424.75,16.1611,7.20916,13.5258,22.6456,-74.8544,-83.9742,1.27356,11.7585,0
45,2052,5,5,15.2174,1731.97,1731.97,0,0,2,821.434,1734.26,0,156,136,50,1734.26,15.2174,15.2174,23.5675,23.5675,-73.9325,-73.9325,1.27356,11.7585,0
45,2053,5,5,1.98806,2366.89,2362.57,0,0,2,1866.23,1765.21,0,156,136,50,1765.21,0.8068,1.98806,10.9046,9.56338,-87.9366,-86.5954,1.27356,11.7585,0
45,2054,5,5,5.38682,1794.79,1801.5,0,0,2,1568.68,1252.8,0,156,136,50,1252.8,16.6913,5.38682,12.5883,23.6062,-73.8938,-84.9117,1.27356,11.7585,0
45,2055,5,5,14.9238,766.518,766.518,0,0,2,455.558,839.786,0,156,136,50,839.786,14.9238,14.9238,24.0003,24.0003,-73.4997,-73.4997,1.27356,11.7585,0
45,2056,5,5,11.4458,2226.31,2220.93,0,0,2,927.017,2218.2,0,156,136,50,2218.2,1.52743,11.4458,20.1358,8.56616,-88.9338,-77.3642,1.27356,11.7585,0
45,2057,5,5,7.06553,2333.97,2335.37,0,0,2,1824.72,1769.03,0,156,136,50,1769.03,12.0424,7.06553,17.8665,21.9632,-75.5368,-79.6335,1.27356,11.7585,0
45,2058,5,5,11.0245,1571.16,1583.72,0,0,2,660.136,1636.5,0,156,136,50,1636.5,18.8281,11.0245,18.6322,27.1821,-70.3179,-78.8678,1.27356,11.7585,0
45,2049,5,5,-13.9275,2255.87,1967.75,0,0,4,1879.58,1598.95,0,391,313,50,1598.95,14.2313,-13.9275,-4.53597,20.5637,-76.9363,-102.036,1.27356,11.7585,0
45,2051,5,5,10.4732,1403.55,1155.55,0,0,4,702.154,1424.75,0,391,313,50,1424.75,16.1611,10.4732,16.7899,22.6456,-74.8544,-80.7101,1.27356,11.7585,0
45,2052,5,5,17.8189,1731.97,1485.85,0,0,4,821.434,1734.26,0,391,313,50,1734.26,15.2174,17.8189,26.1689,23.5675,-73.9325,-71.3311,1.27356,11.7585,0
45,2053,5,5,4.22619,2366.89,2070.68,0,0,4,1866.23,1765.21,0,391,313,50,1765.21,0.8068,4.22619,13.1428,9.56338,-87.9366,-84.3572,1.27356,11.7585,0
45,2054,5,5,8.41036,1794.79,1507.53,0,0,4,1568.68,1252.8,0,391,313,50,1252.8,16.6913,8.41036,15.6118,23.6062,-73.8938,-81.8882,1.27356,11.7585,0
45,2055,5,5,21.088,766.518,533.078,0,0,4,455.558,839.786,0,391,313,50,839.786,14.9238,21.088,30.1644,24.0003,-73.4997,-67.3356,1.27356,11.7585,0
45,2056,5,5,13.3965,2226.31,1979.79,0,0,4,927.017,2218.2,0,391,313,50,2218.2,1.52743,13.3965,22.0864,8.56616,-88.9338,-75.4136,1.27356,11.7585,0
45,2057,5,5,9.32693,2333.97,2044.04,0,0,4,1824.72,1769.03,0,391,313,50,1769.03,12.0424,9.32693,20.1279,21.9632,-75.5368,-77.3721,1.27356,11.7585,0
45,2058,5,5,13.7154,1571.16,1351.51,0,0,4,660.136,1636.5,0,391,313,50,1636.5,18.8281,13.7154,21.3231,27.1821,-70.3179,-76.1769,1.27356,11.7585,0
45,2049,5,0,-16.2874,2255.87,2261.29,0,0,4,1879.58,1598.95,0,156,136,50,1598.95,14.2313,-16.2874,-6.89591,20.5637,-76.9363,-104.396,1.27356,11.7585,0
45,2051,5,5,7.20916,1400.59,1400.59,0,0,4,702.154,1424.75,0,156,136,50,1424.75,7.20916,7.20916,13.5258,13.5258,-83.9742,-83.9742,1.27356,11.7585,0
45,2052,5,5,15.2174,1731.97,1731.97,0,0,4,821.434,1734.26,0,156,136,50,1734.26,15.2174,15.2174,23.5675,23.5675,-73.9325,-73.9325,1.27356,11.7585,0
45,2053,5,5,1.98806,2362.57,2362.57,0,0,4,1866.23,1765.21,0,156,136,50,1765.21,1.98806,1.98806,10.9046,10.9046,-86.5954,-86.5954,1.27356,11.7585,0
45,2054,5,5,5.38682,1801.5,1801.5,0,0,4,1568.68,1252.8,0,156,136,50,1252.8,5.38682,5.38682,12.5883,12.5883,-84.9117,-84.9117,1.27356,11.7585,0
45,2055,5,5,14.9238,766.518,766.518,0,0,4,455.558,839.786,0,156,136,50,839.786,14.9238,14.9238,24.0003,24.0003,-73.4997,-73.4997,1.27356,11.7585,0
45,2056,5,5,11.4458,2220.93,2220.93,0,0,4,927.017,2218.2,0,156,136,50,2218.2,11.4458,11.4458,20.1358,20.1358,-77.3642,-77.3642,1.27356,11.7585,0
45,2057,5,5,7.06553,2335.37,2335.37,0,0,4,1824.72,1769.03,0,156,136,50,1769.03,7.06553,7.06553,17.8665,17.8665,-79.6335,-79.6335,1.27356,11.7585,0
45,2058,5,5,11.0245,1583.72,1583.72,0,0,4,660.136,1636.5,0,156,136,50,1636.5,11.0245,11.0245,18.6322,18.6322,-78.8678,-78.8678,1.27356,11.7585,0
46,2051,5,5,7.77509,1400.59,1397.3,0,0,4,711.61,1417.11,0,156,136,50,1417.11,7.20916,7.77509,14.6652,13.5258,-83.9742,-82.8348,1.27356,11.7585,0
46,2052,5,5,21.7763,1731.97,1724.52,0,0,4,831.303,1722.02,0,156,136,50,1722.02,15.2174,21.7763,27.9242,23.5675,-73.9325,-69.5758,1.27356,11.7585,0
46,2053,5,5,6.87299,2362.57,2358.26,0,0,1,1860.31,1765.19,0,156,136,50,1765.19,1.98806,6.87299,15.9349,10.9046,-86.5954,-81.5651,1.27356,11.7585,0
46,2054,5,5,9.3464,1801.5,1807.33,0,0,4,1570.07,1260.43,0,156,136,50,1260.43,5.38682,9.3464,16.7223,12.5883,-84.9117,-80.7777,1.27356,11.7585,0
46,2055,5,5,22.2637,766.518,784.632,0,0,4,459.225,857.943,0,156,136,50,857.943,14.9238,22.2637,30.45,24.0003,-73.4997,-67.05,1.27356,11.7585,0
46,2056,5,5,10.8826,2220.93,2215.56,0,0,4,932.789,2210.32,0,156,136,50,2210.32,11.4458,10.8826,19.0604,20.1358,-77.3642,-78.4396,1.27356,11.7585,0
46,2057,5,5,10.9769,2335.37,2336.76,0,0,4,1827.1,1768.59,0,156,136,50,1768.59,7.06553,10.9769,16.5117,17.8665,-79.6335,-80.9883,1.27356,11.7585,0
46,2058,5,5,12.9474,1583.72,1594.81,0,0,4,669.388,1645.08,0,156,136,50,1645.08,11.0245,12.9474,19.7967,18.6322,-78.8678,-77.7033,1.27356,11.7585,0
46,2049,0,5,-12.072,2255.87,1973.12,0,0,2,1887.65,1597.81,0,391,313,50,1597.81,0,-12.072,-5.55172,20.5637,-76.9363,-103.052,1.27356,11.7585,5
46,2051,5,5,11.0691,1400.59,1150.8,0,0,2,711.61,1417.11,0,391,313,50,1417.11,7.20916,11.0691,17.9592,13.5258,-83.9742,-79.5408,1.27356,11.7585,0
46,2052,5,5,24.4053,1731.97,1477.06,0,0,2,831.303,1722.02,0,391,313,50,1722.02,15.2174,24.4053,30.5532,23.5675,-73.9325,-66.9468,1.27356,11.7585,0
46,2053,5,5,9.11493,2362.57,2066.45,0,0,2,1860.31,1765.19,0,391,313,50,1765.19,1.98806,9.11493,18.1769,10.9046,-86.5954,-79.3231,1.27356,11.7585,0
46,2054,5,5,12.359,1801.5,1513.39,0,0,2,1570.07,1260.43,0,391,313,50,1260.43,5.38682,12.359,19.7349,12.5883,-84.9117,-77.7651,1.27356,11.7585,0
46,2055,5,5,28.2486,766.518,551.469,0,0,2,459.225,857.943,0,391,313,50,857.943,14.9238,28.2486,36.4349,24.0003,-73.4997,-61.0651,1.27356,11.7585,0
46,2056,5,5,12.8437,2220.93,1973.8,0,0,2,932.789,2210.32,0,391,313,50,2210.32,11.4458,12.8437,21.0215,20.1358,-77.3642,-76.4785,1.27356,11.7585,0
46,2057,5,5,13.2371,2335.37,2045.39,0,0,2,1827.1,1768.59,0,391,313,50,1768.59,7.06553,13.2371,18.772,17.8665,-79.6335,-78.728,1.27356,11.7585,0
46,2058,5,5,15.6283,1583.72,1361.78,0,0,2,669.388,1645.08,0,391,313,50,1645.08,11.0245,15.6283,22.4775,18.6322,-78.8678,-75.0225,1.27356,11.7585,0
46,2051,5,5,7.77509,1400.59,1397.3,0,0,2,711.61,1417.11,0,156,136,50,1417.11,7.20916,7.77509,14.6652,13.5258,-83.9742,-82.8348,1.27356,11.7585,0
46,2052,5,5,21.7763,1731.97,1724.52,0,0,2,831.303,1722.02,0,156,136,50,1722.02,15.2174,21.7763,27.9242,23.5675,-73.9325,-69.5758,1.27356,11.7585,0
46,2053,5,5,6.87299,2362.57,2358.26,0,0,2,1860.31,1765.19,0,156,136,50,1765.19,1.98806,6.87299,15.9349,10.9046,-86.5954,-81.5651,1.27356,11.7585,0
46,2054,5,5,9.3464,1801.5,1807.33,0,0,2,1570.07,1260.43,0,156,136,50,1260.43,5.38682,9.3464,16.7223,12.5883,-84.9117,-80.7777,1.27356,11.7585,0
46,2055,5,5,22.2637,766.518,784.632,0,0,2,459.225,857.943,0,156,136,50,857.943,14.9238,22.2637,30.45,24.0003,-73.4997,-67.05,1.27356,11.7585,0
46,2056,5,5,10.8826,2220.93,2215.56,0,0,2,932.789,2210.32,0,156,136,50,2210.32,11.4458,10.8826,19.0604,20.1358,-77.3642,-78.4396,1.27356,11.7585,0
46,2057,5,5,10.9769,2335.37,2336.76,0,0,2,1827.1,1768.59,0,156,136,50,1768.59,7.06553,10.9769,16.5117,17.8665,-79.6335,-80.9883,1.27356,11.7585,0
46,2058,5,5,12.9474,1583.72,1594.81,0,0,2,669.388,1645.08,0,156,136,50,1645.08,11.0245,12.9474,19.7967,18.6322,-78.8678,-77.7033,1.27356,11.7585,0
46,2049,0,5,-12.072,2255.87,1973.12,0,0,4,1887.65,1597.81,0,391,313,50,1597.81,0,-12.072,-5.55172,20.5637,-76.9363,-103.052,1.27356,11.7585,5
46,2051,5,5,11.0691,1400.59,1150.8,0,0,4,711.61,1417.11,0,391,313,50,1417.11,7.20916,11.0691,17.9592,13.5258,-83.9742,-79.5408,1.27356,11.7585,0
46,2052,5,5,24.4053,1731.97,1477.06,0,0,4,831.303,1722.02,0,391,313,50,1722.02,15.2174,24.4053,30.5532,23.5675,-73.9325,-66.9468,1.27356,11.7585,0
46,2053,5,5,9.11493,2362.57,2066.45,0,0,4,1860.31,1765.19,0,391,313,50,1765.19,1.98806,9.11493,18.1769,10.9046,-86.5954,-79.3231,1.27356,11.7585,0
46,2054,5,5,12.359,1801.5,1513.39,0,0,4,1570.07,1260.43,0,391,313,50,1260.43,5.38682,12.359,19.7349,12.5883,-84.9117,-77.7651,1.27356,11.7585,0
46,2055,5,5,28.2486,766.518,551.469,0,0,4,459.225,857.943,0,391,313,50,857.943,14.9238,28.2486,36.4349,24.0003,-73.4997,-61.0651,1.27356,11.7585,0
46,2056,5,5,12.8437,2220.93,1973.8,0,0,4,932.789,2210.32,0,391,313,50,2210.32,11.4458,12.8437,21.0215,20.1358,-77.3642,-76.4785,1.27356,11.7585,0
46,2057,5,5,13.2371,2335.37,2045.39,0,0,4,1827.1,1768.59,0,391,313,50,1768.59,7.06553,13.2371,18.772,17.8665,-79.6335,-78.728,1.27356,11.7585,0
46,2058,5,5,15.6283,1583.72,1361.78,0,0,4,669.388,1645.08,0,391,313,50,1645.08,11.0245,15.6283,22.4775,18.6322,-78.8678,-75.0225,1.27356,11.7585,0
46,2051,5,5,7.77509,1397.3,1397.3,0,0,4,711.61,1417.11,0,156,136,50,1417.11,7.77509,7.77509,14.6652,14.6652,-82.8348,-82.8348,1.27356,11.7585,0
46,2052,5,5,21.7763,1724.52,1724.52,0,0,4,831.303,1722.02,0,156,136,50,1722.02,21.7763,21.7763,27.9242,27.9242,-69.5758,-69.5758,1.27356,11.7585,0
46,2053,5,5,6.87299,2358.26,2358.26,0,0,4,1860.31,1765.19,0,156,136,50,1765.19,6.87299,6.87299,15.9349,15.9349,-81.5651,-81.5651,1.27356,11.7585,0
46,2054,5,5,9.3464,1807.33,1807.33,0,0,4,1570.07,1260.43,0,156,136,50,1260.43,9.3464,9.3464,16.7223,16.7223,-80.7777,-80.7777,1.27356,11.7585,0
46,2055,5,5,22.2637,784.632,784.632,0,0,4,459.225,857.943,0,156,136,50,857.943,22.2637,22.2637,30.45,30.45,-67.05,-67.05,1.27356,11.7585,0
46,2056,5,5,10.8826,2215.56,2215.56,0,0,4,932.789,2210.32,0,156,136,50,2210.32,10.8826,10.8826,19.0604,19.0604,-78.4396,-78.4396,1.27356,11.7585,0
46,2057,5,5,10.9769,2336.76,2336.76,0,0,4,1827.1,1768.59,0,156,136,50,1768.59,10.9769,10.9769,16.5117,16.5117,-80.9883,-80.9883,1.27356,11.7585,0
46,2058,5,5,12.9474,1594.81,1594.81,0,0,4,669.388,1645.08,0,156,136,50,1645.08,12.9474,12.9474,19.7967,19.7967,-77.7033,-77.7033,1.27356,11.7585,0
47,2049,5,5,-1.33389,2255.87,2272.17,0,0,4,1895.73,1596.68,0,156,136,50,1596.68,-12.072,-1.33389,4.04698,20.5637,-76.9363,-93.453,1.27356,11.7585,0
47,2051,5,5,16.067,1397.3,1394.04,0,0,4,721.238,1409.32,0,156,136,50,1409.32,7.77509,16.067,24.317,14.6652,-82.8348,-73.183,1.27356,11.7585,0
47,2052,5,5,20.055,1724.52,1723,0,0,4,833.006,1719.64,0,156,136,50,1719.64,21.7763,20.055,28.0095,27.9242,-69.5758,-69.4905,1.27356,11.7585,0
47,2053,5,5,5.65893,2358.26,2353.97,0,0,5,1854.38,1765.17,0,156,136,50,1765.17,6.87299,5.65893,11.8786,15.9349,-81.5651,-85.6214,1.27356,11.7585,0
47,2054,5,5,19.3804,1807.33,1814.41,0,0,4,1571.75,1269.67,0,156,136,50,1269.67,9.3464,19.3804,28.472,16.7223,-80.7777,-69.028,1.27356,11.7585,0
47,2055,5,5,39.2697,784.632,785.352,0,0,1,459.175,858.747,0,156,136,50,858.747,22.2637,39.2697,45.3181,30.45,-67.05,-52.1819,1.27356,11.7585,0
47,2056,5,5,2.23777,2215.56,2210.24,0,0,4,938.556,2202.46,0,156,136,50,2202.46,10.8826,2.23777,9.93444,19.0604,-78.4396,-87.5656,1.27356,11.7585,0
47,2057,5,5,14.5895,2336.76,2338.14,0,0,4,1829.47,1768.15,0,156,136,50,1768.15,10.9769,14.5895,22.5391,16.5117,-80.9883,-74.9609,1.27356,11.7585,0
47,2058,5,5,14.731,1594.81,1602.69,0,0,4,675.956,1651.18,0,156,136,50,1651.18,12.9474,14.731,21.9147,19.7967,-77.7033,-75.5853,1.27356,11.7585,0
47,2049,5,5,1.01481,2255.87,1978.52,0,0,2,1895.73,1596.68,0,391,313,50,1596.68,-12.072,1.01481,6.39567,20.5637,-76.9363,-91.1043,1.27356,11.7585,0
47,2051,5,5,19.3912,1397.3,1146.07,0,0,2,721.238,1409.32,0,391,313,50,1409.32,7.77509,19.3912,27.6413,14.6652,-82.8348,-69.8587,1.27356,11.7585,0
47,2052,5,5,22.6893,1724.52,1475.29,0,0,2,833.006,1719.64,0,391,313,50,1719.64,21.7763,22.6893,30.6438,27.9242,-69.5758,-66.8562,1.27356,11.7585,0
47,2053,5,5,7.90466,2358.26,2062.23,0,0,2,1854.38,1765.17,0,391,313,50,1765.17,6.87299,7.90466,14.1243,15.9349,-81.5651,-83.3757,1.27356,11.7585,0
47,2054,5,5,22.3798,1807.33,1520.5,0,0,2,1571.75,1269.67,0,391,313,50,1269.67,9.3464,22.3798,31.4713,16.7223,-80.7777,-66.0287,1.27356,11.7585,0
47,2055,5,5,45.246,784.632,552.257,0,0,2,459.175,858.747,0,391,313,50,858.747,22.2637,45.246,51.2943,30.45,-67.05,-46.2057,1.27356,11.7585,0
47,2056,5,5,4.20937,2215.56,1967.83,0,0,2,938.556,2202.46,0,391,313,50,2202.46,10.8826,4.20937,11.906,19.0604,-78.4396,-85.594,1.27356,11.7585,0
47,2057,5,5,16.8486,2336.76,2046.74,0,0,2,1829.47,1768.15,0,391,313,50,1768.15,10.9769,16.8486,24.7983,16.5117,-80.9883,-72.7017,1.27356,11.7585,0
47,2058,5,5,17.4047,1594.81,1369.09,0,0,2,675.956,1651.18,0,391,313,50,1651.18,12.9474,17.4047,24.5884,19.7967,-77.7033,-72.9116,1.27356,11.7585,0
47,2049,5,5,-1.33389,2255.87,2272.17,0,0,2,1895.73,1596.68,0,156,136,50,1596.68,-12.072,-1.33389,4.04698,20.5637,-76.9363,-93.453,1.27356,11.7585,0
47,2051,5,5,16.067,1397.3,1394.04,0,0,2,721.238,1409.32,0,156,136,50,1409.32,7.77509,16.067,24.317,14.6652,-82.8348,-73.183,1.27356,11.7585,0
47,2052,5,5,20.055,1724.52,1723,0,0,2,833.006,1719.64,0,156,136,50,1719.64,21.7763,20.055,28.0095,27.9242,-69.5758,-69.4905,1.27356,11.7585,0
47,2053,5,5,5.65893,2358.26,2353.97,0,0,2,1854.38,1765.17,0,156,136,50,1765.17,6.87299,5.65893,11.8786,15.9349,-81.5651,-85.6214,1.27356,11.7585,0
47,2054,5,5,19.3804,1807.33,1814.41,0,0,2,1571.75,1269.67,0,156,136,50,1269.67,9.3464,19.3804,28.472,16.7223,-80.7777,-69.028,1.27356,11.7585,0
47,2055,5,5,39.2697,784.632,785.352,0,0,2,459.175,858.747,0,156,136,50,858.747,22.2637,39.2697,45.3181,30.45,-67.05,-52.1819,1.27356,11.7585,0
47,2056,5,5,2.23777,2215.56,2210.24,0,0,2,938.556,2202.46,0,156,136,50,2202.46,10.8826,2.23777,9.93444,19.0604,-78.4396,-87.5656,1.27356,11.7585,0
47,2057,5,5,14.5895,2336.76,2338.14,0,0,2,1829.47,1768.15,0,156,136,50,1768.15,10.9769,14.5895,22.5391,16.5117,-80.9883,-74.9609,1.27356,11.7585,0
47,2058,5,5,14.731,1594.81,1602.69,0,0,2,675.956,1651.18,0,156,136,50,1651.18,12.9474,14.731,21.9147,19.7967,-77.7033,-75.5853,1.27356,11.7585,0
47,2049,5,5,1.01481,2255.87,1978.52,0,0,4,1895.73,1596.68,0,391,313,50,1596.68,-12.072,1.01481,6.39567,20.5637,-76.9363,-91.1043,1.27356,11.7585,0
47,2051,5,5,19.3912,1397.3,1146.07,0,0,4,721.238,1409.32,0,391,313,50,1409.32,7.77509,19.3912,27.6413,14.6652,-82.8348,-69.8587,1.27356,11.7585,0
47,2052,5,5,22.6893,1724.52,1475.29,0,0,4,833.006,1719.64,0,391,313,50,1719.64,21.7763,22.6893,30.6438,27.9242,-69.5758,-66.8562,1.27356,11.7585,0
47,2053,5,5,7.90466,2358.26,2062.23,0,0,4,1854.38,1765.17,0,391,313,50,1765.17,6.87299,7.90466,14.1243,15.9349,-81.5651,-83.3757,1.27356,11.7585,0
47,2054,5,5,22.3798,1807.33,1520.5,0,0,4,1571.75,1269.67,0,391,313,50,1269.67,9.3464,22.3798,31.4713,16.7223,-80.7777,-66.0287,1.27356,11.7585,0
47,2055,5,5,45.246,784.632,552.257,0,0,4,459.175,858.747,0,391,313,50,858.747,22.2637,45.246,51.2943,30.45,-67.05,-46.2057,1.27356,11.7585,0
47,2056,5,5,4.20937,2215.56,1967.83,0,0,4,938.556,2202.46,0,391,313,50,2202.46,10.8826,4.20937,11.906,19.0604,-78.4396,-85.594,1.27356,11.7585,0
47,2057,5,5,16.8486,2336.76,2046.74,0,0,4,1829.47,1768.15,0,391,313,50,1768.15,10.9769,16.8486,24.7983,16.5117,-80.9883,-72.7017,1.27356,11.7585,0
47,2058,5,5,17.4047,1594.81,1369.09,0,0,4,675.956,1651.18,0,391,313,50,1651.18,12.9474,17.4047,24.5884,19.7967,-77.7033,-72.9116,1.27356,11.7585,0
47,2049,5,5,-1.33389,2272.17,2272.17,0,0,4,1895.73,1596.68,0,156,136,50,1596.68,-1.33389,-1.33389,4.04698,4.04698,-93.453,-93.453,1.27356,11.7585,0
47,2051,5,5,16.067,1394.04,1394.04,0,0,4,721.238,1409.32,0,156,136,50,1409.32,16.067,16.067,24.317,24.317,-73.183,-73.183,1.27356,11.7585,0
47,2052,5,5,20.055,1723,1723,0,0,4,833.006,1719.64,0,156,136,50,1719.64,20.055,20.055,28.0095,28.0095,-69.4905,-69.4905,1.27356,11.7585,0
47,2053,5,5,5.65893,2353.97,2353.97,0,0,4,1854.38,1765.17,0,156,136,50,1765.17,5.65893,5.65893,11.8786,11.8786,-85.6214,-85.6214,1.27356,11.7585,0
47,2054,5,5,19.3804,1814.41,1814.41,0,0,4,1571.75,1269.67,0,156,136,50,1269.67,19.3804,19.3804,28.472,28.472,-69.028,-69.028,1.27356,11.7585,0
47,2055,5,5,39.2697,785.352,785.352,0,0,4,459.175,858.747,0,156,136,50,858.747,39.2697,39.2697,45.3181,45.3181,-52.1819,-52.1819,1.27356,11.7585,0
47,2056,5,5,2.23777,2210.24,2210.24,0,0,4,938.556,2202.46,0,156,136,50,2202.46,2.23777,2.23777,9.93444,9.93444,-87.5656,-87.5656,1.27356,11.7585,0
47,2057,5,5,14.5895,2338.14,2338.14,0,0,4,1829.47,1768.15,0,156,136,50,1768.15,14.5895,14.5895,22.5391,22.5391,-74.9609,-74.9609,1.27356,11.7585,0
47,2058,5,5,14.731,1602.69,1602.69,0,0,4,675.956,1651.18,0,156,136,50,1651.18,14.731,14.731,21.9147,21.9147,-75.5853,-75.5853,1.27356,11.7585,0
48,2049,5,5,17.7077,2272.17,2277.64,0,0,4,1903.83,1595.54,0,156,136,50,1595.54,-1.33389,17.7077,25.3761,4.04698,-93.453,-72.1239,1.27356,11.7585,0
48,2051,5,5,8.40131,1394.04,1390.88,0,0,4,730.874,1401.53,0,156,136,50,1401.53,16.067,8.40131,14.3966,24.317,-73.183,-83.1034,1.27356,11.7585,0
48,2052,5,5,9.25517,1723,1720.69,0,0,4,835.738,1715.95,0,156,136,50,1715.95,20.055,9.25517,15.7926,28.0095,-69.4905,-81.7074,1.27356,11.7585,0
48,2053,5,5,4.97064,2353.97,2349.32,0,0,1,1848.51,1764.56,0,156,136,50,1764.56,5.65893,4.97064,11.9091,11.8786,-85.6214,-85.5909,1.27356,11.7585,0
48,2054,5,5,7.20094,1814.41,1822.73,0,0,4,1573.73,1280.5,0,156,136,50,1280.5,19.3804,7.20094,14.6615,28.472,-69.028,-82.8385,1.27356,11.7585,0
48,2055,5,5,38.0144,785.352,786.453,0,0,1,459.098,859.975,0,156,136,50,859.975,39.2697,38.0144,45.9423,45.3181,-52.1819,-51.5577,1.27356,11.7585,0
48,2056,5,5,-1.93619,2210.24,2204.93,0,0,4,944.33,2194.58,0,156,136,50,2194.58,2.23777,-1.93619,6.56627,9.93444,-87.5656,-90.9337,1.27356,11.7585,0
48,2057,5,5,16.8327,2338.14,2339.36,0,0,4,1831.79,1767.52,0,156,136,50,1767.52,14.5895,16.8327,23.4574,22.5391,-74.9609,-74.0426,1.27356,11.7585,0
48,2058,5,5,9.59776,1602.69,1607.36,0,0,4,679.844,1654.78,0,156,136,50,1654.78,14.731,9.59776,17.547,21.9147,-75.5853,-79.953,1.27356,11.7585,0
48,2049,5,5,20.0507,2272.17,1983.95,0,0,2,1903.83,1595.54,0,391,313,50,1595.54,-1.33389,20.0507,27.7191,4.04698,-93.453,-69.7809,1.27356,11.7585,0
48,2051,5,5,11.7556,1394.04,1141.46,0,0,2,730.874,1401.53,0,391,313,50,1401.53,16.067,11.7556,17.7509,24.317,-73.183,-79.7491,1.27356,11.7585,0
48,2052,5,5,11.8977,1723,1472.6,0,0,2,835.738,1715.95,0,391,313,50,1715.95,20.055,11.8977,18.4351,28.0095,-69.4905,-79.0649,1.27356,11.7585,0
48,2053,5,5,7.22061,2353.97,2057.64,0,0,2,1848.51,1764.56,0,391,313,50,1764.56,5.65893,7.22061,14.1591,11.8786,-85.6214,-83.3409,1.27356,11.7585,0
48,2054,5,5,10.1849,1814.41,1528.85,0,0,2,1573.73,1280.5,0,391,313,50,1280.5,19.3804,10.1849,17.6454,28.472,-69.028,-79.8546,1.27356,11.7585,0
48,2055,5,5,43.9775,785.352,553.461,0,0,2,459.098,859.975,0,391,313,50,859.975,39.2697,43.9775,51.9054,45.3181,-52.1819,-45.5946,1.27356,11.7585,0
48,2056,5,5,0.0459392,2210.24,1961.9,0,0,2,944.33,2194.58,0,391,313,50,2194.58,2.23777,0.0459392,8.54839,9.93444,-87.5656,-88.9516,1.27356,11.7585,0
48,2057,5,5,19.0909,2338.14,2047.93,0,0,2,1831.79,1767.52,0,391,313,50,1767.52,14.5895,19.0909,25.7156,22.5391,-74.9609,-71.7844,1.27356,11.7585,0
48,2058,5,5,12.2672,1602.69,1373.43,0,0,2,679.844,1654.78,0,391,313,50,1654.78,14.731,12.2672,20.2165,21.9147,-75.5853,-77.2835,1.27356,11.7585,0
48,2049,5,5,17.7077,2272.17,2277.64,0,0,2,1903.83,1595.54,0,156,136,50,1595.54,-1.33389,17.7077,25.3761,4.04698,-93.453,-72.1239,1.27356,11.7585,0
48,2051,5,5,8.40131,1394.04,1390.88,0,0,2,730.874,1401.53,0,156,136,50,1401.53,16.067,8.40131,14.3966,24.317,-73.183,-83.1034,1.27356,11.7585,0
48,2052,5,5,9.25517,1723,1720.69,0,0,2,835.738,1715.95,0,156,136,50,1715.95,20.055,9.25517,15.7926,28.0095,-69.4905,-81.7074,1.27356,11.7585,0
48,2053,5,5,4.97064,2353.97,2349.32,0,0,2,1848.51,1764.56,0,156,136,50,1764.56,5.65893,4.97064,11.9091,11.8786,-85.6214,-85.5909,1.27356,11.7585,0
48,2054,5,5,7.20094,1814.41,1822.73,0,0,2,1573.73,1280.5,0,156,136,50,1280.5,19.3804,7.20094,14.6615,28.472,-69.028,-82.8385,1.27356,11.7585,0
48,2055,5,5,38.0144,785.352,786.453,0,0,2,459.098,859.975,0,156,136,50,859.975,39.2697,38.0144,45.9423,45.3181,-52.1819,-51.5577,1.27356,11.7585,0
48,2056,5,5,-1.93619,2210.24,2204.93,0,0,2,944.33,2194.58,0,156,136,50,2194.58,2.23777,-1.93619,6.56627,9.93444,-87.5656,-90.9337,1.27356,11.7585,0
48,2057,5,5,16.8327,2338.14,2339.36,0,0,2,1831.79,1767.52,0,156,136,50,1767.52,14.5895,16.8327,23.4574,22.5391,-74.9609,-74.0426,1.27356,11.7585,0
48,2058,5,5,9.59776,1602.69,1607.36,0,0,2,679.844,1654.78,0,156,136,50,1654.78,14.731,9.59776,17.547,21.9147,-75.5853,-79.953,1.27356,11.7585,0
48,2049,5,5,20.0507,2272.17,1983.95,0,0,4,1903.83,1595.54,0,391,313,50,1595.54,-1.33389,20.0507,27.7191,4.04698,-93.453,-69.7809,1.27356,11.7585,0
48,2051,5,5,11.7556,1394.04,1141.46,0,0,4,730.874,1401.53,0,391,313,50,1401.53,16.067,11.7556,17.7509,24.317,-73.183,-79.7491,1.27356,11.7585,0
48,2052,5,5,11.8977,1723,1472.6,0,0,4,835.738,1715.95,0,391,313,50,1715.95,20.055,11.8977,18.4351,28.0095,-69.4905,-79.0649,1.27356,11.7585,0
48,2053,5,5,7.22061,2353.97,2057.64,0,0,4,1848.51,1764.56,0,391,313,50,1764.56,5.65893,7.22061,14.1591,11.8786,-85.6214,-83.3409,1.27356,11.7585,0
48,2054,5,5,10.1849,1814.41,1528.85,0,0,4,1573.73,1280.5,0,391,313,50,1280.5,19.3804,10.1849,17.6454,28.472,-69.028,-79.8546,1.27356,11.7585,0
48,2055,5,5,43.9775,785.352,553.461,0,0,4,459.098,859.975,0,391,313,50,859.975,39.2697,43.9775,51.9054,45.3181,-52.1819,-45.5946,1.27356,11.7585,0
48,2056,5,5,0.0459392,2210.24,1961.9,0,0,4,944.33,2194.58,0,391,313,50,2194.58,2.23777,0.0459392,8.54839,9.93444,-87.5656,-88.9516,1.27356,11.7585,0
48,2057,5,5,19.0909,2338.14,2047.93,0,0,4,1831.79,1767.52,0,391,313,50,1767.52,14.5895,19.0909,25.7156,22.5391,-74.9609,-71.7844,1.27356,11.7585,0
48,2058,5,5,12.2672,1602.69,1373.43,0,0,4,679.844,1654.78,0,391,313,50,1654.78,14.731,12.2672,20.2165,21.9147,-75.5853,-77.2835,1.27356,11.7585,0
48,2049,5,5,17.7077,2277.64,2277.64,0,0,4,1903.83,1595.54,0,156,136,50,1595.54,17.7077,17.7077,25.3761,25.3761,-72.1239,-72.1239,1.27356,11.7585,0
48,2051,5,5,8.40131,1390.88,1390.88,0,0,4,730.874,1401.53,0,156,136,50,1401.53,8.40131,8.40131,14.3966,14.3966,-83.1034,-83.1034,1.27356,11.7585,0
48,2052,5,5,9.25517,1720.69,1720.69,0,0,4,835.738,1715.95,0,156,136,50,1715.95,9.25517,9.25517,15.7926,15.7926,-81.7074,-81.7074,1.27356,11.7585,0
48,2053,5,5,4.97064,2349.32,2349.32,0,0,4,1848.51,1764.56,0,156,136,50,1764.56,4.97064,4.97064,11.9091,11.9091,-85.5909,-85.5909,1.27356,11.7585,0
48,2054,5,5,7.20094,1822.73,1822.73,0,0,4,1573.73,1280.5,0,156,136,50,1280.5,7.20094,7.20094,14.6615,14.6615,-82.8385,-82.8385,1.27356,11.7585,0
48,2055,5,5,38.0144,786.453,786.453,0,0,4,459.098,859.975,0,156,136,50,859.975,38.0144,38.0144,45.9423,45.9423,-51.5577,-51.5577,1.27356,11.7585,0
48,2056,5,5,-1.93619,2204.93,2204.93,0,0,4,944.33,2194.58,0,156,136,50,2194.58,-1.93619,-1.93619,6.56627,6.56627,-90.9337,-90.9337,1.27356,11.7585,0
48,2057,5,5,16.8327,2339.36,2339.36,0,0,4,1831.79,1767.52,0,156,136,50,1767.52,16.8327,16.8327,23.4574,23.4574,-74.0426,-74.0426,1.27356,11.7585,0
48,2058,5,5,9.59776,1607.36,1607.36,0,0,4,679.844,1654.78,0,156,136,50,1654.78,9.59776,9.59776,17.547,17.547,-79.953,-79.953,1.27356,11.7585,0
49,2049,5,5,3.86578,2277.64,2283.15,0,0,4,1911.95,1594.4,0,156,136,50,1594.4,17.7077,3.86578,12.0955,25.3761,-72.1239,-85.4045,1.27356,11.7585,0
49,2051,5,5,12.0924,1390.88,1387.83,0,0,4,740.517,1393.74,0,156,136,50,1393.74,8.40131,12.0924,19.9575,14.3966,-83.1034,-77.5425,1.27356,11.7585,0
49,2052,5,5,22.4435,1720.69,1717.62,0,0,4,839.414,1711.01,0,156,136,50,1711.01,9.25517,22.4435,30.6604,15.7926,-81.7074,-66.8396,1.27356,11.7585,0
49,2053,5,5,11.2611,2349.32,2332.9,0,0,5,1836.77,1753.07,0,156,136,50,1753.07,4.97064,11.2611,17.8447,11.9091,-85.5909,-79.6553,1.27356,11.7585,0
49,2054,5,5,6.09178,1822.73,1832.38,0,0,4,1576.01,1293.01,0,156,136,50,1293.01,7.20094,6.09178,14.4044,14.6615,-82.8385,-83.0956,1.27356,11.7585,0
49,2055,5,5,32.7996,786.453,787.965,0,0,1,458.993,861.661,0,156,136,50,861.661,38.0144,32.7996,41.7249,45.9423,-51.5577,-55.7751,1.27356,11.7585,0
49,2056,5,5,0.226894,2204.93,2199.67,0,0,4,950.094,2186.72,0,156,136,50,2186.72,-1.93619,0.226894,7.23262,6.56627,-90.9337,-90.2674,1.27356,11.7585,0
49,2057,5,5,4.16737,2339.36,2339.82,0,0,4,1833.23,1766.7,0,156,136,50,1766.7,16.8327,4.16737,12.5413,23.4574,-74.0426,-84.9587,1.27356,11.7585,0
49,2058,5,5,14.1334,1607.36,1608.8,0,0,4,681.041,1655.89,0,156,136,50,1655.89,9.59776,14.1334,22.5765,17.547,-79.953,-74.9235,1.27356,11.7585,0
49,2049,5,5,6.20315,2277.64,1989.41,0,0,2,1911.95,1594.4,0,391,313,50,1594.4,17.7077,6.20315,14.4329,25.3761,-72.1239,-83.0671,1.27356,11.7585,0
49,2051,5,5,15.4765,1390.88,1136.95,0,0,2,740.517,1393.74,0,391,313,50,1393.74,8.40131,15.4765,23.3416,14.3966,-83.1034,-74.1584,1.27356,11.7585,0
49,2052,5,5,25.0971,1720.69,1469.02,0,0,2,839.414,1711.01,0,391,313,50,1711.01,9.25517,25.0971,33.3139,15.7926,-81.7074,-64.1861,1.27356,11.7585,0
49,2053,5,5,13.528,2349.32,2041.22,0,0,2,1836.77,1753.07,0,391,313,50,1753.07,4.97064,13.528,20.1116,11.9091,-85.5909,-77.3884,1.27356,11.7585,0
49,2054,5,5,9.05794,1822.73,1538.56,0,0,2,1576.01,1293.01,0,391,313,50,1293.01,7.20094,9.05794,17.3705,14.6615,-82.8385,-80.1295,1.27356,11.7585,0
49,2055,5,5,38.7447,786.453,555.114,0,0,2,458.993,861.661,0,391,313,50,861.661,38.0144,38.7447,47.6699,45.9423,-51.5577,-49.8301,1.27356,11.7585,0
49,2056,5,5,2.21956,2204.93,1956,0,0,2,950.094,2186.72,0,391,313,50,2186.72,-1.93619,2.21956,9.22529,6.56627,-90.9337,-88.2747,1.27356,11.7585,0
49,2057,5,5,6.42532,2339.36,2048.36,0,0,2,1833.23,1766.7,0,391,313,50,1766.7,16.8327,6.42532,14.7993,23.4574,-74.0426,-82.7007,1.27356,11.7585,0
49,2058,5,5,16.8015,1607.36,1374.77,0,0,2,681.041,1655.89,0,391,313,50,1655.89,9.59776,16.8015,25.2447,17.547,-79.953,-72.2553,1.27356,11.7585,0
49,2049,5,5,3.86578,2277.64,2283.15,0,0,2,1911.95,1594.4,0,156,136,50,1594.4,17.7077,3.86578,12.0955,25.3761,-72.1239,-85.4045,1.27356,11.7585,0
49,2051,5,5,12.0924,1390.88,1387.83,0,0,2,740.517,1393.74,0,156,136,50,1393.74,8.40131,12.0924,19.9575,14.3966,-83.1034,-77.5425,1.27356,11.7585,0
49,2052,5,5,22.4435,1720.69,1717.62,0,0,2,839.414,1711.01,0,156,136,50,1711.01,9.25517,22.4435,30.6604,15.7926,-81.7074,-66.8396,1.27356,11.7585,0
49,2053,5,5,11.2611,2349.32,2332.9,0,0,2,1836.77,1753.07,0,156,136,50,1753.07,4.97064,11.2611,17.8447,11.9091,-85.5909,-79.6553,1.27356,11.7585,0
49,2054,5,5,6.09178,1822.73,1832.38,0,0,2,1576.01,1293.01,0,156,136,50,1293.01,7.20094,6.09178,14.4044,14.6615,-82.8385,-83.0956,1.27356,11.7585,0
49,2055,5,5,32.7996,786.453,787.965,0,0,2,458.993,861.661,0,156,136,50,861.661,38.0144,32.7996,41.7249,45.9423,-51.5577,-55.7751,1.27356,11.7585,0
49,2056,5,5,0.226894,2204.93,2199.67,0,0,2,950.094,2186.72,0,156,136,50,2186.72,-1.93619,0.226894,7.23262,6.56627,-90.9337,-90.2674,1.27356,11.7585,0
49,2057,5,5,4.16737,2339.36,2339.82,0,0,2,1833.23,1766.7,0,156,136,50,1766.7,16.8327,4.16737,12.5413,23.4574,-74.0426,-84.9587,1.27356,11.7585,0
49,2058,5,5,14.1334,1607.36,1608.8,0,0,2,681.041,1655.89,0,156,136,50,1655.89,9.59776,14.1334,22.5765,17.547,-79.953,-74.9235,1.27356,11.7585,0
49,2049,5,5,6.20315,2277.64,1989.41,0,0,4,1911.95,1594.4,0,391,313,50,1594.4,17.7077,6.20315,14.4329,25.3761,-72.1239,-83.0671,1.27356,11.7585,0
49,2051,5,5,15.4765,1390.88,1136.95,0,0,4,740.517,1393.74,0,391,313,50,1393.74,8.40131,15.4765,23.3416,14.3966,-83.1034,-74.1584,1.27356,11.7585,0
49,2052,5,5,25.0971,1720.69,1469.02,0,0,4,839.414,1711.01,0,391,313,50,1711.01,9.25517,25.0971,33.3139,15.7926,-81.7074,-64.1861,1.27356,11.7585,0
49,2053,5,5,13.528,2349.32,2041.22,0,0,4,1836.77,1753.07,0,391,313,50,1753.07,4.97064,13.528,20.1116,11.9091,-85.5909,-77.3884,1.27356,11.7585,0
49,2054,5,5,9.05794,1822.73,1538.56,0,0,4,1576.01,1293.01,0,391,313,50,1293.01,7.20094,9.05794,17.3705,14.6615,-82.8385,-80.1295,1.27356,11.7585,0
49,2055,5,5,38.7447,786.453,555.114,0,0,4,458.993,861.661,0,391,313,50,861.661,38.0144,38.7447,47.6699,45.9423,-51.5577,-49.8301,1.27356,11.7585,0
49,2056,5,5,2.21956,2204.93,1956,0,0,4,950.094,2186.72,0,391,313,50,2186.72,-1.93619,2.21956,9.22529,6.56627,-90.9337,-88.2747,1.27356,11.7585,0
49,2057,5,5,6.42532,2339.36,2048.36,0,0,4,1833.23,1766.7,0,391,313,50,1766.7,16.8327,6.42532,14.7993,23.4574,-74.0426,-82.7007,1.27356,11.7585,0
49,2058,5,5,16.8015,1607.36,1374.77,0,0,4,681.041,1655.89,0,391,313,50,1655.89,9.59776,16.8015,25.2447,17.547,-79.953,-72.2553,1.27356,11.7585,0
49,2049,5,5,3.86578,2283.15,2283.15,0,0,4,1911.95,1594.4,0,156,136,50,1594.4,3.86578,3.86578,12.0955,12.0955,-85.4045,-85.4045,1.27356,11.7585,0
49,2051,5,5,12.0924,1387.83,1387.83,0,0,4,740.517,1393.74,0,156,136,50,1393.74,12.0924,12.0924,19.9575,19.9575,-77.5425,-77.5425,1.27356,11.7585,0
49,2052,5,5,22.4435,1717.62,1717.62,0,0,4,839.414,1711.01,0,156,136,50,1711.01,22.4435,22.4435,30.6604,30.6604,-66.8396,-66.8396,1.27356,11.7585,0
49,2053,5,5,11.2611,2332.9,2332.9,0,0,4,1836.77,1753.07,0,156,136,50,1753.07,11.2611,11.2611,17.8447,17.8447,-79.6553,-79.6553,1.27356,11.7585,0
49,2054,5,5,6.09178,1832.38,1832.38,0,0,4,1576.01,1293.01,0,156,136,50,1293.01,6.09178,6.09178,14.4044,14.4044,-83.0956,-83.0956,1.27356,11.7585,0
49,2055,5,5,32.7996,787.965,787.965,0,0,4,458.993,861.661,0,156,136,50,861.661,32.7996,32.7996,41.7249,41.7249,-55.7751,-55.7751,1.27356,11.7585,0
49,2056,5,5,0.226894,2199.67,2199.67,0,0,4,950.094,2186.72,0,156,136,50,2186.72,0.226894,0.226894,7.23262,7.23262,-90.2674,-90.2674,1.27356,11.7585,0
49,2057,5,5,4.16737,2339.82,2339.82,0,0,4,1833.23,1766.7,0,156,136,50,1766.7,4.16737,4.16737,12.5413,12.5413,-84.9587,-84.9587,1.27356,11.7585,0
49,2058,5,5,14.1334,1608.8,1608.8,0,0,4,681.041,1655.89,0,156,136,50,1655.89,14.1334,14.1334,22.5765,22.5765,-74.9235,-74.9235,1.27356,11.7585,0
50,2049,5,5,-1.91181,2283.15,2288.66,0,0,5,1920.05,1593.26,0,156,136,50,1593.26,3.86578,-1.91181,5.81645,12.0955,-85.4045,-91.6835,1.27356,11.7585,0
50,2051,5,5,10.4555,1387.83,1383.8,0,0,5,759.206,1380.41,0,156,136,50,1380.41,12.0924,10.4555,19.6142,19.9575,-77.5425,-77.8858,1.27356,11.7585,0
50,2052,5,5,4.45297,1717.62,1713.8,0,0,1,844.004,1704.84,0,156,136,50,1704.84,22.4435,4.45297,11.9218,30.6604,-66.8396,-85.5782,1.27356,11.7585,0
50,2053,5,5,10.8359,2332.9,2328.99,0,0,5,1836.07,1748.16,0,156,136,50,1748.16,11.2611,10.8359,18.3513,17.8447,-79.6553,-79.1487,1.27356,11.7585,0
50,2054,5,5,13.2371,1832.38,1843.17,0,0,4,1579.18,1306.19,0,156,136,50,1306.19,6.09178,13.2371,19.7857,14.4044,-83.0956,-77.7143,1.27356,11.7585,0
50,2055,5,5,17.007,787.965,789.692,0,0,5,458.869,863.588,0,156,136,50,863.588,32.7996,17.007,24.0864,41.7249,-55.7751,-73.4136,1.27356,11.7585,0
50,2056,5,5,3.34573,2199.67,2194.43,0,0,1,955.863,2178.86,0,156,136,50,2178.86,0.226894,3.34573,11.1932,7.23262,-90.2674,-86.3068,1.27356,11.7585,0
50,2057,5,5,6.20836,2339.82,2335.86,0,0,1,1837.51,1756.57,0,156,136,50,1756.57,4.16737,6.20836,13.4634,12.5413,-84.9587,-84.0366,1.27356,11.7585,0
50,2058,5,5,13.6109,1608.8,1608.8,0,0,5,681.041,1655.89,0,156,136,50,1655.89,14.1334,13.6109,21.5842,22.5765,-74.9235,-75.9158,1.27356,11.7585,0
50,2049,5,5,0.419874,2283.15,1994.88,0,0,2,1920.05,1593.26,0,391,313,50,1593.26,3.86578,0.419874,8.14814,12.0955,-85.4045,-89.3519,1.27356,11.7585,0
50,2051,5,5,13.8908,1387.83,1130.24,0,0,2,759.206,1380.41,0,391,313,50,1380.41,12.0924,13.8908,23.0495,19.9575,-77.5425,-74.4505,1.27356,11.7585,0
50,2052,5,5,7.12031,1717.62,1464.56,0,0,2,844.004,1704.84,0,391,313,50,1704.84,22.4435,7.12031,14.5892,30.6604,-66.8396,-82.9108,1.27356,11.7585,0
50,2053,5,5,13.1073,2332.9,2037.26,0,0,2,1836.07,1748.16,0,391,313,50,1748.16,11.2611,13.1073,20.6227,17.8447,-79.6553,-76.8773,1.27356,11.7585,0
50,2054,5,5,16.1837,1832.38,1549.42,0,0,2,1579.18,1306.19,0,391,313,50,1306.19,6.09178,16.1837,22.7322,14.4044,-83.0956,-74.7678,1.27356,11.7585,0
50,2055,5,5,22.9315,787.965,557.004,0,0,2,458.869,863.588,0,391,313,50,863.588,32.7996,22.9315,30.0109,41.7249,-55.7751,-67.4891,1.27356,11.7585,0
50,2056,5,5,5.34897,2199.67,1950.13,0,0,2,955.863,2178.86,0,391,313,50,2178.86,0.226894,5.34897,13.1964,7.23262,-90.2674,-84.3036,1.27356,11.7585,0
50,2057,5,5,8.47191,2339.82,2044.21,0,0,2,1837.51,1756.57,0,391,313,50,1756.57,4.16737,8.47191,15.7269,12.5413,-84.9587,-81.7731,1.27356,11.7585,0
50,2058,5,5,16.279,1608.8,1374.77,0,0,2,681.041,1655.89,0,391,313,50,1655.89,14.1334,16.279,24.2523,22.5765,-74.9235,-73.2477,1.27356,11.7585,0
50,2049,5,5,-1.91181,2283.15,2288.66,0,0,2,1920.05,1593.26,0,156,136,50,1593.26,3.86578,-1.91181,5.81645,12.0955,-85.4045,-91.6835,1.27356,11.7585,0
50,2051,5,5,10.4555,1387.83,1383.8,0,0,2,759.206,1380.41,0,156,136,50,1380.41,12.0924,10.4555,19.6142,19.9575,-77.5425,-77.8858,1.27356,11.7585,0
50,2052,5,5,4.45297,1717.62,1713.8,0,0,2,844.004,1704.84,0,156,136,50,1704.84,22.4435,4.45297,11.9218,30.6604,-66.8396,-85.5782,1.27356,11.7585,0
50,2053,5,5,10.8359,2332.9,2328.99,0,0,2,1836.07,1748.16,0,156,136,50,1748.16,11.2611,10.8359,18.3513,17.8447,-79.6553,-79.1487,1.27356,11.7585,0
50,2054,5,5,13.2371,1832.38,1843.17,0,0,2,1579.18,1306.19,0,156,136,50,1306.19,6.09178,13.2371,19.7857,14.4044,-83.0956,-77.7143,1.27356,11.7585,0
50,2055,5,5,17.007,787.965,789.692,0,0,2,458.869,863.588,0,156,136,50,863.588,32.7996,17.007,24.0864,41.7249,-55.7751,-73.4136,1.27356,11.7585,0
50,2056,5,5,3.34573,2199.67,2194.43,0,0,2,955.863,2178.86,0,156,136,50,2178.86,0.226894,3.34573,11.1932,7.23262,-90.2674,-86.3068,1.27356,11.7585,0
50,2057,5,5,6.20836,2339.82,2335.86,0,0,2,1837.51,1756.57,0,156,136,50,1756.57,4.16737,6.20836,13.4634,12.5413,-84.9587,-84.0366,1.27356,11.7585,0
50,2058,5,5,13.6109,1608.8,1608.8,0,0,2,681.041,1655.89,0,156,136,50,1655.89,14.1334,13.6109,21.5842,22.5765,-74.9235,-75.9158,1.27356,11.7585,0
50,2049,5,5,0.419874,2283.15,1994.88,0,0,4,1920.05,1593.26,0,391,313,50,1593.26,3.86578,0.419874,8.14814,12.0955,-85.4045,-89.3519,1.27356,11.7585,0
50,2051,5,5,13.8908,1387.83,1130.24,0,0,4,759.206,1380.41,0,391,313,50,1380.41,12.0924,13.8908,23.0495,19.9575,-77.5425,-74.4505,1.27356,11.7585,0
50,2052,5,5,7.12031,1717.62,1464.56,0,0,4,844.004,1704.84,0,391,313,50,1704.84,22.4435,7.12031,14.5892,30.6604,-66.8396,-82.9108,1.27356,11.7585,0
50,2053,5,5,13.1073,2332.9,2037.26,0,0,4,1836.07,1748.16,0,391,313,50,1748.16,11.2611,13.1073,20.6227,17.8447,-79.6553,-76.8773,1.27356,11.7585,0
50,2054,5,5,16.1837,1832.38,1549.42,0,0,4,1579.18,1306.19,0,391,313,50,1306.19,6.09178,16.1837,22.7322,14.4044,-83.0956,-74.7678,1.27356,11.7585,0
50,2055,5,5,22.9315,787.965,557.004,0,0,4,458.869,863.588,0,391,313,50,863.588,32.7996,22.9315,30.0109,41.7249,-55.7751,-67.4891,1.27356,11.7585,0
50,2056,5,5,5.34897,2199.67,1950.13,0,0,4,955.863,2178.86,0,391,313,50,2178.86,0.226894,5.34897,13.1964,7.23262,-90.2674,-84.3036,1.27356,11.7585,0
50,2057,5,5,8.47191,2339.82,2044.21,0,0,4,1837.51,1756.57,0,391,313,50,1756.57,4.16737,8.47191,15.7269,12.5413,-84.9587,-81.7731,1.27356,11.7585,0
50,2058,5,5,16.279,1608.8,1374.77,0,0,4,681.041,1655.89,0,391,313,50,1655.89,14.1334,16.279,24.2523,22.5765,-74.9235,-73.2477,1.27356,11.7585,0
50,2049,5,5,-1.91181,2288.66,2288.66,0,0,4,1920.05,1593.26,0,156,136,50,1593.26,-1.91181,-1.91181,5.81645,5.81645,-91.6835,-91.6835,1.27356,11.7585,0
50,2051,5,5,10.4555,1383.8,1383.8,0,0,4,759.206,1380.41,0,156,136,50,1380.41,10.4555,10.4555,19.6142,19.6142,-77.8858,-77.8858,1.27356,11.7585,0
50,2052,5,5,4.45297,1713.8,1713.8,0,0,4,844.004,1704.84,0,156,136,50,1704.84,4.45297,4.45297,11.9218,11.9218,-85.5782,-85.5782,1.27356,11.7585,0
50,2053,5,5,10.8359,2328.99,2328.99,0,0,4,1836.07,1748.16,0,156,136,50,1748.16,10.8359,10.8359,18.3513,18.3513,-79.1487,-79.1487,1.27356,11.7585,0
50,2054,5,5,13.2371,1843.17,1843.17,0,0,4,1579.18,1306.19,0,156,136,50,1306.19,13.2371,13.2371,19.7857,19.7857,-77.7143,-77.7143,1.27356,11.7585,0
50,2055,5,5,17.007,789.692,789.692,0,0,4,458.869,863.588,0,156,136,50,863.588,17.007,17.007,24.0864,24.0864,-73.4136,-73.4136,1.27356,11.7585,0
50,2056,5,5,3.34573,2194.43,2194.43,0,0,4,955.863,2178.86,0,156,136,50,2178.86,3.34573,3.34573,11.1932,11.1932,-86.3068,-86.3068,1.27356,11.7585,0
50,2057,5,5,6.20836,2335.86,2335.86,0,0,4,1837.51,1756.57,0,156,136,50,1756.57,6.20836,6.20836,13.4634,13.4634,-84.0366,-84.0366,1.27356,11.7585,0
50,2058,5,5,13.6109,1608.8,1608.8,0,0,4,681.041,1655.89,0,156,136,50,1655.89,13.6109,13.6109,21.5842,21.5842,-75.9158,-75.9158,1.27356,11.7585,0
51,2049,5,5,3.56068,2288.66,2296.74,0,0,4,1937,1585.33,0,156,136,50,1585.33,-1.91181,3.56068,11.5661,5.81645,-91.6835,-85.9339,1.27356,11.7585,0
51,2051,5,5,17.0209,1383.8,1381.76,0,0,4,765.801,1374.91,0,156,136,50,1374.91,10.4555,17.0209,23.7334,19.6142,-77.8858,-73.7666,1.27356,11.7585,0
51,2052,5,5,0.00607329,1713.8,1706.09,0,0,4,854.733,1691.64,0,156,136,50,1691.64,4.45297,0.00607329,7.54852,11.9218,-85.5782,-89.9515,1.27356,11.7585,0
51,2053,5,5,25.0936,2328.99,2325.08,0,0,1,1835.37,1743.24,0,156,136,50,1743.24,10.8359,25.0936,32.5368,18.3513,-79.1487,-64.9632,1.27356,11.7585,0
51,2054,5,5,11.2795,1843.17,1854.33,0,0,4,1582.88,1319.23,0,156,136,50,1319.23,13.2371,11.2795,16.6228,19.7857,-77.7143,-80.8772,1.27356,11.7585,0
51,2055,5,5,26.3681,789.692,797.595,0,0,1,457.286,872.807,0,156,136,50,872.807,17.007,26.3681,35.8445,24.0864,-73.4136,-61.6555,1.27356,11.7585,0
51,2056,5,5,9.13323,2194.43,2189.24,0,0,4,961.623,2171,0,156,136,50,2171,3.34573,9.13323,16.1396,11.1932,-86.3068,-81.3604,1.27356,11.7585,0
51,2057,5,5,11.829,2335.86,2334.17,0,0,1,1837,1754.68,0,156,136,50,1754.68,6.20836,11.829,19.5265,13.4634,-84.0366,-77.9735,1.27356,11.7585,0
51,2058,5,5,13.6109,1608.8,1608.8,0,0,4,681.041,1655.89,0,156,136,50,1655.89,13.6109,13.6109,21.5842,21.5842,-75.9158,-75.9158,1.27356,11.7585,0
51,2049,5,5,5.88445,2288.66,2002.86,0,0,2,1937,1585.33,0,391,313,50,1585.33,-1.91181,5.88445,13.8899,5.81645,-91.6835,-83.6101,1.27356,11.7585,0
51,2051,5,5,20.4765,1383.8,1127.22,0,0,2,765.801,1374.91,0,391,313,50,1374.91,10.4555,20.4765,27.1889,19.6142,-77.8858,-70.3111,1.27356,11.7585,0
51,2052,5,5,2.70334,1713.8,1455.4,0,0,2,854.733,1691.64,0,391,313,50,1691.64,4.45297,2.70334,10.2458,11.9218,-85.5782,-87.2542,1.27356,11.7585,0
51,2053,5,5,27.3695,2328.99,2033.3,0,0,2,1835.37,1743.24,0,391,313,50,1743.24,10.8359,27.3695,34.8127,18.3513,-79.1487,-62.6873,1.27356,11.7585,0
51,2054,5,5,14.206,1843.17,1560.64,0,0,2,1582.88,1319.23,0,391,313,50,1319.23,13.2371,14.206,19.5493,19.7857,-77.7143,-77.9507,1.27356,11.7585,0
51,2055,5,5,32.1918,789.692,565.931,0,0,2,457.286,872.807,0,391,313,50,872.807,17.007,32.1918,41.6682,24.0864,-73.4136,-55.8318,1.27356,11.7585,0
51,2056,5,5,11.1471,2194.43,1944.29,0,0,2,961.623,2171,0,391,313,50,2171,3.34573,11.1471,18.1534,11.1932,-86.3068,-79.3466,1.27356,11.7585,0
51,2057,5,5,14.0944,2335.86,2042.51,0,0,2,1837,1754.68,0,391,313,50,1754.68,6.20836,14.0944,21.7919,13.4634,-84.0366,-75.7081,1.27356,11.7585,0
51,2058,5,5,16.279,1608.8,1374.77,0,0,2,681.041,1655.89,0,391,313,50,1655.89,13.6109,16.279,24.2523,21.5842,-75.9158,-73.2477,1.27356,11.7585,0
51,2049,5,5,3.56068,2288.66,2296.74,0,0,2,1937,1585.33,0,156,136,50,1585.33,-1.91181,3.56068,11.5661,5.81645,-91.6835,-85.9339,1.27356,11.7585,0
51,2051,5,5,17.0209,1383.8,1381.76,0,0,2,765.801,1374.91,0,156,136,50,1374.91,10.4555,17.0209,23.7334,19.6142,-77.8858,-73.7666,1.27356,11.7585,0
51,2052,5,5,0.00607329,1713.8,1706.09,0,0,2,854.733,1691.64,0,156,136,50,1691.64,4.45297,0.00607329,7.54852,11.9218,-85.5782,-89.9515,1.27356,11.7585,0
51,2053,5,5,25.0936,2328.99,2325.08,0,0,2,1835.37,1743.24,0,156,136,50,1743.24,10.8359,25.0936,32.5368,18.3513,-79.1487,-64.9632,1.27356,11.7585,0
51,2054,5,5,11.2795,1843.17,1854.33,0,0,2,1582.88,1319.23,0,156,136,50,1319.23,13.2371,11.2795,16.6228,19.7857,-77.7143,-80.8772,1.27356,11.7585,0
51,2055,5,5,26.3681,789.692,797.595,0,0,2,457.286,872.807,0,156,136,50,872.807,17.007,26.3681,35.8445,24.0864,-73.4136,-61.6555,1.27356,11.7585,0
51,2056,5,5,9.13323,2194.43,2189.24,0,0,2,961.623,2171,0,156,136,50,2171,3.34573,9.13323,16.1396,11.1932,-86.3068,-81.3604,1.27356,11.7585,0
51,2057,5,5,11.829,2335.86,2334.17,0,0,2,1837,1754.68,0,156,136,50,1754.68,6.20836,11.829,19.5265,13.4634,-84.0366,-77.9735,1.27356,11.7585,0
51,2058,5,5,13.6109,1608.8,1608.8,0,0,2,681.041,1655.89,0,156,136,50,1655.89,13.6109,13.6109,21.5842,21.5842,-75.9158,-75.9158,1.27356,11.7585,0
51,2049,5,5,5.88445,2288.66,2002.86,0,0,4,1937,1585.33,0,391,313,50,1585.33,-1.91181,5.88445,13.8899,5.81645,-91.6835,-83.6101,1.27356,11.7585,0
51,2051,5,5,20.4765,1383.8,1127.22,0,0,4,765.801,1374.91,0,391,313,50,1374.91,10.4555,20.4765,27.1889,19.6142,-77.8858,-70.3111,1.27356,11.7585,0
51,2052,5,5,2.70334,1713.8,1455.4,0,0,4,854.733,1691.64,0,391,313,50,1691.64,4.45297,2.70334,10.2458,11.9218,-85.5782,-87.2542,1.27356,11.7585,0
51,2053,5,5,27.3695,2328.99,2033.3,0,0,4,1835.37,1743.24,0,391,313,50,1743.24,10.8359,27.3695,34.8127,18.3513,-79.1487,-62.6873,1.27356,11.7585,0
51,2054,5,5,14.206,1843.17,1560.64,0,0,4,1582.88,1319.23,0,391,313,50,1319.23,13.2371,14.206,19.5493,19.7857,-77.7143,-77.9507,1.27356,11.7585,0
51,2055,5,5,32.1918,789.692,565.931,0,0,4,457.286,872.807,0,391,313,50,872.807,17.007,32.1918,41.6682,24.0864,-73.4136,-55.8318,1.27356,11.7585,0
51,2056,5,5,11.1471,2194.43,1944.29,0,0,4,961.623,2171,0,391,313,50,2171,3.34573,11.1471,18.1534,11.1932,-86.3068,-79.3466,1.27356,11.7585,0
51,2057,5,5,14.0944,2335.86,2042.51,0,0,4,1837,1754.68,0,391,313,50,1754.68,6.20836,14.0944,21.7919,13.4634,-84.0366,-75.7081,1.27356,11.7585,0
51,2058,5,5,16.279,1608.8,1374.77,0,0,4,681.041,1655.89,0,391,313,50,1655.89,13.6109,16.279,24.2523,21.5842,-75.9158,-73.2477,1.27356,11.7585,0
51,2049,5,5,3.56068,2296.74,2296.74,0,0,4,1937,1585.33,0,156,136,50,1585.33,3.56068,3.56068,11.5661,11.5661,-85.9339,-85.9339,1.27356,11.7585,0
51,2051,5,5,17.0209,1381.76,1381.76,0,0,4,765.801,1374.91,0,156,136,50,1374.91,17.0209,17.0209,23.7334,23.7334,-73.7666,-73.7666,1.27356,11.7585,0
51,2052,5,5,0.00607329,1706.09,1706.09,0,0,4,854.733,1691.64,0,156,136,50,1691.64,0.00607329,0.00607329,7.54852,7.54852,-89.9515,-89.9515,1.27356,11.7585,0
51,2053,5,5,25.0936,2325.08,2325.08,0,0,4,1835.37,1743.24,0,156,136,50,1743.24,25.0936,25.0936,32.5368,32.5368,-64.9632,-64.9632,1.27356,11.7585,0
51,2054,5,5,11.2795,1854.33,1854.33,0,0,4,1582.88,1319.23,0,156,136,50,1319.23,11.2795,11.2795,16.6228,16.6228,-80.8772,-80.8772,1.27356,11.7585,0
51,2055,5,5,26.3681,797.595,797.595,0,0,4,457.286,872.807,0,156,136,50,872.807,26.3681,26.3681,35.8445,35.8445,-61.6555,-61.6555,1.27356,11.7585,0
51,2056,5,5,9.13323,2189.24,2189.24,0,0,4,961.623,2171,0,156,136,50,2171,9.13323,9.13323,16.1396,16.1396,-81.3604,-81.3604,1.27356,11.7585,0
51,2057,5,5,11.829,2334.17,2334.17,0,0,4,1837,1754.68,0,156,136,50,1754.68,11.829,11.829,19.5265,19.5265,-77.9735,-77.9735,1.27356,11.7585,0
51,2058,5,5,13.6109,1608.8,1608.8,0,0,4,681.041,1655.89,0,156,136,50,1655.89,13.6109,13.6109,21.5842,21.5842,-75.9158,-75.9158,1.27356,11.7585,0
52,2049,5,5,15.2855,2296.74,2296.72,0,0,4,1941.62,1579.61,0,156,136,50,1579.61,3.56068,15.2855,23.6856,11.5661,-85.9339,-73.8144,1.27356,11.7585,0
52,2051,5,5,17.2614,1381.76,1377.85,0,0,4,778.851,1364.02,0,156,136,50,1364.02,17.0209,17.2614,24.9273,23.7334,-73.7666,-72.5727,1.27356,11.7585,0
52,2052,5,5,16.7995,1706.09,1703.26,0,0,4,860.36,1686,0,156,136,50,1686,0.00607329,16.7995,24.2115,7.54852,-89.9515,-73.2885,1.27356,11.7585,0
52,2053,5,5,9.2696,2325.08,2321.2,0,0,5,1834.68,1738.34,0,156,136,50,1738.34,25.0936,9.2696,16.5615,32.5368,-64.9632,-80.9385,1.27356,11.7585,0
52,2054,5,5,4.83338,1854.33,1871.97,0,0,4,1588.58,1339.94,0,156,136,50,1339.94,11.2795,4.83338,11.8397,16.6228,-80.8772,-85.6603,1.27356,11.7585,0
52,2055,5,5,23.7839,797.595,804.828,0,0,1,452.735,882.456,0,156,136,50,882.456,26.3681,23.7839,32.0053,35.8445,-61.6555,-65.4947,1.27356,11.7585,0
52,2056,5,5,7.16901,2189.24,2184.06,0,0,4,967.396,2163.13,0,156,136,50,2163.13,9.13323,7.16901,13.1794,16.1396,-81.3604,-84.3206,1.27356,11.7585,0
52,2057,5,5,10.4896,2334.17,2331.53,0,0,5,1836.53,1751.35,0,156,136,50,1751.35,11.829,10.4896,16.4125,19.5265,-77.9735,-81.0875,1.27356,11.7585,0
52,2058,5,5,13.6109,1608.8,1608.8,0,0,4,681.041,1655.89,0,156,136,50,1655.89,13.6109,13.6109,21.5842,21.5842,-75.9158,-75.9158,1.27356,11.7585,0
52,2049,5,5,17.6096,2296.74,2002.8,0,0,2,1941.62,1579.61,0,391,313,50,1579.61,3.56068,17.6096,26.0098,11.5661,-85.9339,-71.4902,1.27356,11.7585,0
52,2051,5,5,20.7566,1381.76,1121.41,0,0,2,778.851,1364.02,0,391,313,50,1364.02,17.0209,20.7566,28.4224,23.7334,-73.7666,-69.0776,1.27356,11.7585,0
52,2052,5,5,19.5099,1706.09,1451.87,0,0,2,860.36,1686,0,391,313,50,1686,0.00607329,19.5099,26.9219,7.54852,-89.9515,-70.5781,1.27356,11.7585,0
52,2053,5,5,11.55,2325.08,2029.36,0,0,2,1834.68,1738.34,0,391,313,50,1738.34,25.0936,11.55,18.842,32.5368,-64.9632,-78.658,1.27356,11.7585,0
52,2054,5,5,7.72861,1854.33,1578.39,0,0,2,1588.58,1339.94,0,391,313,50,1339.94,11.2795,7.72861,14.7349,16.6228,-80.8772,-82.7651,1.27356,11.7585,0
52,2055,5,5,29.4918,797.595,574.97,0,0,2,452.735,882.456,0,391,313,50,882.456,26.3681,29.4918,37.7132,35.8445,-61.6555,-59.7868,1.27356,11.7585,0
52,2056,5,5,9.19346,2189.24,1938.48,0,0,2,967.396,2163.13,0,391,313,50,2163.13,9.13323,9.19346,15.2039,16.1396,-81.3604,-82.2961,1.27356,11.7585,0
52,2057,5,5,12.7581,2334.17,2039.83,0,0,2,1836.53,1751.35,0,391,313,50,1751.35,11.829,12.7581,18.681,19.5265,-77.9735,-78.819,1.27356,11.7585,0
52,2058,5,5,16.279,1608.8,1374.77,0,0,2,681.041,1655.89,0,391,313,50,1655.89,13.6109,16.279,24.2523,21.5842,-75.9158,-73.2477,1.27356,11.7585,0
52,2049,5,5,15.2855,2296.74,2296.72,0,0,2,1941.62,1579.61,0,156,136,50,1579.61,3.56068,15.2855,23.6856,11.5661,-85.9339,-73.8144,1.27356,11.7585,0
52,2051,5,5,17.2614,1381.76,1377.85,0,0,2,778.851,1364.02,0,156,136,50,1364.02,17.0209,17.2614,24.9273,23.7334,-73.7666,-72.5727,1.27356,11.7585,0
52,2052,5,5,16.7995,1706.09,1703.26,0,0,2,860.36,1686,0,156,136,50,1686,0.00607329,16.7995,24.2115,7.54852,-89.9515,-73.2885,1.27356,11.7585,0
52,2053,5,5,9.2696,2325.08,2321.2,0,0,2,1834.68,1738.34,0,156,136,50,1738.34,25.0936,9.2696,16.5615,32.5368,-64.9632,-80.9385,1.27356,11.7585,0
52,2054,5,5,4.83338,1854.33,1871.97,0,0,2,1588.58,1339.94,0,156,136,50,1339.94,11.2795,4.83338,11.8397,16.6228,-80.8772,-85.6603,1.27356,11.7585,0
52,2055,5,5,23.7839,797.595,804.828,0,0,2,452.735,882.456,0,156,136,50,882.456,26.3681,23.7839,32.0053,35.8445,-61.6555,-65.4947,1.27356,11.7585,0
52,2056,5,5,7.16901,2189.24,2184.06,0,0,2,967.396,2163.13,0,156,136,50,2163.13,9.13323,7.16901,13.1794,16.1396,-81.3604,-84.3206,1.27356,11.7585,0
52,2057,5,5,10.4896,2334.17,2331.53,0,0,2,1836.53,1751.35,0,156,136,50,1751.35,11.829,10.4896,16.4125,19.5265,-77.9735,-81.0875,1.27356,11.7585,0
52,2058,5,5,13.6109,1608.8,1608.8,0,0,2,681.041,1655.89,0,156,136,50,1655.89,13.6109,13.6109,21.5842,21.5842,-75.9158,-75.9158,1.27356,11.7585,0
52,2049,5,5,17.6096,2296.74,2002.8,0,0,4,1941.62,1579.61,0,391,313,50,1579.61,3.56068,17.6096,26.0098,11.5661,-85.9339,-71.4902,1.27356,11.7585,0
52,2051,5,5,20.7566,1381.76,1121.41,0,0,4,778.851,1364.02,0,391,313,50,1364.02,17.0209,20.7566,28.4224,23.7334,-73.7666,-69.0776,1.27356,11.7585,0
52,2052,5,5,19.5099,1706.09,1451.87,0,0,4,860.36,1686,0,391,313,50,1686,0.00607329,19.5099,26.9219,7.54852,-89.9515,-70.5781,1.27356,11.7585,0
52,2053,5,5,11.55,2325.08,2029.36,0,0,4,1834.68,1738.34,0,391,313,50,1738.34,25.0936,11.55,18.842,32.5368,-64.9632,-78.658,1.27356,11.7585,0
52,2054,5,5,7.72861,1854.33,1578.39,0,0,4,1588.58,1339.94,0,391,313,50,1339.94,11.2795,7.72861,14.7349,16.6228,-80.8772,-82.7651,1.27356,11.7585,0
52,2055,5,5,29.4918,797.595,574.97,0,0,4,452.735,882.456,0,391,313,50,882.456,26.3681,29.4918,37.7132,35.8445,-61.6555,-59.7868,1.27356,11.7585,0
52,2056,5,5,9.19346,2189.24,1938.48,0,0,4,967.396,2163.13,0,391,313,50,2163.13,9.13323,9.19346,15.2039,16.1396,-81.3604,-82.2961,1.27356,11.7585,0
52,2057,5,5,12.7581,2334.17,2039.83,0,0,4,1836.53,1751.35,0,391,313,50,1751.35,11.829,12.7581,18.681,19.5265,-77.9735,-78.819,1.27356,11.7585,0
52,2058,5,5,16.279,1608.8,1374.77,0,0,4,681.041,1655.89,0,391,313,50,1655.89,13.6109,16.279,24.2523,21.5842,-75.9158,-73.2477,1.27356,11.7585,0
52,2049,5,5,15.2855,2296.72,2296.72,0,0,4,1941.62,1579.61,0,156,136,50,1579.61,15.2855,15.2855,23.6856,23.6856,-73.8144,-73.8144,1.27356,11.7585,0
52,2051,5,5,17.2614,1377.85,1377.85,0,0,4,778.851,1364.02,0,156,136,50,1364.02,17.2614,17.2614,24.9273,24.9273,-72.5727,-72.5727,1.27356,11.7585,0
52,2052,5,5,16.7995,1703.26,1703.26,0,0,4,860.36,1686,0,156,136,50,1686,16.7995,16.7995,24.2115,24.2115,-73.2885,-73.2885,1.27356,11.7585,0
52,2053,5,5,9.2696,2321.2,2321.2,0,0,4,1834.68,1738.34,0,156,136,50,1738.34,9.2696,9.2696,16.5615,16.5615,-80.9385,-80.9385,1.27356,11.7585,0
52,2054,5,5,4.83338,1871.97,1871.97,0,0,4,1588.58,1339.94,0,156,136,50,1339.94,4.83338,4.83338,11.8397,11.8397,-85.6603,-85.6603,1.27356,11.7585,0
52,2055,5,5,23.7839,804.828,804.828,0,0,4,452.735,882.456,0,156,136,50,882.456,23.7839,23.7839,32.0053,32.0053,-65.4947,-65.4947,1.27356,11.7585,0
52,2056,5,5,7.16901,2184.06,2184.06,0,0,4,967.396,2163.13,0,156,136,50,2163.13,7.16901,7.16901,13.1794,13.1794,-84.3206,-84.3206,1.27356,11.7585,0
52,2057,5,5,10.4896,2331.53,2331.53,0,0,4,1836.53,1751.35,0,156,136,50,1751.35,10.4896,10.4896,16.4125,16.4125,-81.0875,-81.0875,1.27356,11.7585,0
52,2058,5,5,13.6109,1608.8,1608.8,0,0,4,681.041,1655.89,0,156,136,50,1655.89,13.6109,13.6109,21.5842,21.5842,-75.9158,-75.9158,1.27356,11.7585,0
53,2049,5,5,10.4207,2296.72,2295.91,0,0,4,1946.4,1572.37,0,156,136,50,1572.37,15.2855,10.4207,18.1526,23.6856,-73.8144,-79.3474,1.27356,11.7585,0
53,2051,5,5,16.8829,1377.85,1374.22,0,0,4,791.669,1353.34,0,156,136,50,1353.34,17.2614,16.8829,25.3034,24.9273,-72.5727,-72.1966,1.27356,11.7585,0
53,2052,5,5,13.3709,1703.26,1700.15,0,0,4,866.649,1679.69,0,156,136,50,1679.69,16.7995,13.3709,21.8272,24.2115,-73.2885,-75.6728,1.27356,11.7585,0
53,2053,5,5,9.52594,2321.2,2317.34,0,0,1,1834.04,1733.41,0,156,136,50,1733.41,9.2696,9.52594,15.2665,16.5615,-80.9385,-82.2335,1.27356,11.7585,0
53,2054,5,5,10.0944,1871.97,1882.79,0,0,4,1591.96,1352.73,0,156,136,50,1352.73,4.83338,10.0944,15.844,11.8397,-85.6603,-81.656,1.27356,11.7585,0
53,2055,5,5,16.357,804.828,811.561,0,0,1,446.54,892.12,0,156,136,50,892.12,23.7839,16.357,24.2344,32.0053,-65.4947,-73.2656,1.27356,11.7585,0
53,2056,5,5,-0.0896827,2184.06,2178.91,0,0,4,973.171,2155.25,0,156,136,50,2155.25,7.16901,-0.0896827,8.19247,13.1794,-84.3206,-89.3075,1.27356,11.7585,0
53,2057,5,5,-2.60358,2331.53,2327.78,0,0,1,1835.86,1746.63,0,156,136,50,1746.63,10.4896,-2.60358,6.39989,16.4125,-81.0875,-91.1001,1.27356,11.7585,0
53,2058,5,5,13.6109,1608.8,1608.8,0,0,4,681.041,1655.89,0,156,136,50,1655.89,13.6109,13.6109,21.5842,21.5842,-75.9158,-75.9158,1.27356,11.7585,0
53,2049,5,5,12.746,2296.72,2001.94,0,0,2,1946.4,1572.37,0,391,313,50,1572.37,15.2855,12.746,20.4779,23.6856,-73.8144,-77.0221,1.27356,11.7585,0
53,2051,5,5,20.4163,1377.85,1115.95,0,0,2,791.669,1353.34,0,391,313,50,1353.34,17.2614,20.4163,28.8367,24.9273,-72.5727,-68.6633,1.27356,11.7585,0
53,2052,5,5,16.096,1703.26,1447.96,0,0,2,866.649,1679.69,0,391,313,50,1679.69,16.7995,16.096,24.5523,24.2115,-73.2885,-72.9477,1.27356,11.7585,0
53,2053,5,5,11.8109,2321.2,2025.45,0,0,2,1834.04,1733.41,0,391,313,50,1733.41,9.2696,11.8109,17.5515,16.5615,-80.9385,-79.9485,1.27356,11.7585,0
53,2054,5,5,12.9706,1871.97,1589.29,0,0,2,1591.96,1352.73,0,391,313,50,1352.73,4.83338,12.9706,18.7203,11.8397,-85.6603,-78.7797,1.27356,11.7585,0
53,2055,5,5,21.9442,804.828,583.922,0,0,2,446.54,892.12,0,391,313,50,892.12,23.7839,21.9442,29.8215,32.0053,-65.4947,-67.6785,1.27356,11.7585,0
53,2056,5,5,1.94543,2184.06,1932.7,0,0,2,973.171,2155.25,0,391,313,50,2155.25,7.16901,1.94543,10.2276,13.1794,-84.3206,-87.2724,1.27356,11.7585,0
53,2057,5,5,-0.330772,2331.53,2036.03,0,0,2,1835.86,1746.63,0,391,313,50,1746.63,10.4896,-0.330772,8.6727,16.4125,-81.0875,-88.8273,1.27356,11.7585,0
53,2058,5,5,16.279,1608.8,1374.77,0,0,2,681.041,1655.89,0,391,313,50,1655.89,13.6109,16.279,24.2523,21.5842,-75.9158,-73.2477,1.27356,11.7585,0
53,2049,5,5,10.4207,2296.72,2295.91,0,0,2,1946.4,1572.37,0,156,136,50,1572.37,15.2855,10.4207,18.1526,23.6856,-73.8144,-79.3474,1.27356,11.7585,0
53,2051,5,5,16.8829,1377.85,1374.22,0,0,2,791.669,1353.34,0,156,136,50,1353.34,17.2614,16.8829,25.3034,24.9273,-72.5727,-72.1966,1.27356,11.7585,0
53,2052,5,5,13.3709,1703.26,1700.15,0,0,2,866.649,1679.69,0,156,136,50,1679.69,16.7995,13.3709,21.8272,24.2115,-73.2885,-75.6728,1.27356,11.7585,0
53,2053,5,5,9.52594,2321.2,2317.34,0,0,2,1834.04,1733.41,0,156,136,50,1733.41,9.2696,9.52594,15.2665,16.5615,-80.9385,-82.2335,1.27356,11.7585,0
53,2054,5,5,10.0944,1871.97,1882.79,0,0,2,1591.96,1352.73,0,156,136,50,1352.73,4.83338,10.0944,15.844,11.8397,-85.6603,-81.656,1.27356,11.7585,0
53,2055,5,5,16.357,804.828,811.561,0,0,2,446.54,892.12,0,156,136,50,892.12,23.7839,16.357,24.2344,32.0053,-65.4947,-73.2656,1.27356,11.7585,0
53,2056,5,5,-0.0896827,2184.06,2178.91,0,0,2,973.171,2155.25,0,156,136,50,2155.25,7.16901,-0.0896827,8.19247,13.1794,-84.3206,-89.3075,1.27356,11.7585,0
53,2057,5,5,-2.60358,2331.53,2327.78,0,0,2,1835.86,1746.63,0,156,136,50,1746.63,10.4896,-2.60358,6.39989,16.4125,-81.0875,-91.1001,1.27356,11.7585,0
53,2058,5,5,13.6109,1608.8,1608.8,0,0,2,681.041,1655.89,0,156,136,50,1655.89,13.6109,13.6109,21.5842,21.5842,-75.9158,-75.9158,1.27356,11.7585,0
53,2049,5,5,12.746,2296.72,2001.94,0,0,4,1946.4,1572.37,0,391,313,50,1572.37,15.2855,12.746,20.4779,23.6856,-73.8144,-77.0221,1.27356,11.7585,0
53,2051,5,5,20.4163,1377.85,1115.95,0,0,4,791.669,1353.34,0,391,313,50,1353.34,17.2614,20.4163,28.8367,24.9273,-72.5727,-68.6633,1.27356,11.7585,0
53,2052,5,5,16.096,1703.26,1447.96,0,0,4,866.649,1679.69,0,391,313,50,1679.69,16.7995,16.096,24.5523,24.2115,-73.2885,-72.9477,1.27356,11.7585,0
53,2053,5,5,11.8109,2321.2,2025.45,0,0,4,1834.04,1733.41,0,391,313,50,1733.41,9.2696,11.8109,17.5515,16.5615,-80.9385,-79.9485,1.27356,11.7585,0
53,2054,5,5,12.9706,1871.97,1589.29,0,0,4,1591.96,1352.73,0,391,313,50,1352.73,4.83338,12.9706,18.7203,11.8397,-85.6603,-78.7797,1.27356,11.7585,0
53,2055,5,5,21.9442,804.828,583.922,0,0,4,446.54,892.12,0,391,313,50,892.12,23.7839,21.9442,29.8215,32.0053,-65.4947,-67.6785,1.27356,11.7585,0
53,2056,5,5,1.94543,2184.06,1932.7,0,0,4,973.171,2155.25,0,391,313,50,2155.25,7.16901,1.94543,10.2276,13.1794,-84.3206,-87.2724,1.27356,11.7585,0
53,2057,5,5,-0.330772,2331.53,2036.03,0,0,4,1835.86,1746.63,0,391,313,50,1746.63,10.4896,-0.330772,8.6727,16.4125,-81.0875,-88.8273,1.27356,11.7585,0
53,2058,5,5,16.279,1608.8,1374.77,0,0,4,681.041,1655.89,0,391,313,50,1655.89,13.6109,16.279,24.2523,21.5842,-75.9158,-73.2477,1.27356,11.7585,0
53,2049,5,5,10.4207,2295.91,2295.91,0,0,4,1946.4,1572.37,0,156,136,50,1572.37,10.4207,10.4207,18.1526,18.1526,-79.3474,-79.3474,1.27356,11.7585,0
53,2051,5,5,16.8829,1374.22,1374.22,0,0,4,791.669,1353.34,0,156,136,50,1353.34,16.8829,16.8829,25.3034,25.3034,-72.1966,-72.1966,1.27356,11.7585,0
53,2052,5,5,13.3709,1700.15,1700.15,0,0,4,866.649,1679.69,0,156,136,50,1679.69,13.3709,13.3709,21.8272,21.8272,-75.6728,-75.6728,1.27356,11.7585,0
53,2053,5,5,9.52594,2317.34,2317.34,0,0,4,1834.04,1733.41,0,156,136,50,1733.41,9.52594,9.52594,15.2665,15.2665,-82.2335,-82.2335,1.27356,11.7585,0
53,2054,5,5,10.0944,1882.79,1882.79,0,0,4,1591.96,1352.73,0,156,136,50,1352.73,10.0944,10.0944,15.844,15.844,-81.656,-81.656,1.27356,11.7585,0
53,2055,5,5,16.357,811.561,811.561,0,0,4,446.54,892.12,0,156,136,50,892.12,16.357,16.357,24.2344,24.2344,-73.2656,-73.2656,1.27356,11.7585,0
53,2056,5,5,-0.0896827,2178.91,2178.91,0,0,4,973.171,2155.25,0,156,136,50,2155.25,-0.0896827,-0.0896827,8.19247,8.19247,-89.3075,-89.3075,1.27356,11.7585,0
53,2057,5,5,-2.60358,2327.78,2327.78,0,0,4,1835.86,1746.63,0,156,136,50,1746.63,-2.60358,-2.60358,6.39989,6.39989,-91.1001,-91.1001,1.27356,11.7585,0
53,2058,5,5,13.6109,1608.8,1608.8,0,0,4,681.041,1655.89,0,156,136,50,1655.89,13.6109,13.6109,21.5842,21.5842,-75.9158,-75.9158,1.27356,11.7585,0
54,2049,5,5,9.09436,2295.91,2292.01,0,0,4,1954.34,1556.14,0,156,136,50,1556.14,10.4207,9.09436,14.9507,18.1526,-79.3474,-82.5493,1.27356,11.7585,0
54,2051,5,5,18.6774,1374.22,1372.66,0,0,4,797.398,1348.57,0,156,136,50,1348.57,16.8829,18.6774,25.4639,25.3034,-72.1966,-72.0361,1.27356,11.7585,0
54,2052,5,5,9.55098,1700.15,1694.85,0,0,4,885.041,1665.23,0,156,136,50,1665.23,13.3709,9.55098,17.2891,21.8272,-75.6728,-80.2109,1.27356,11.7585,0
54,2053,5,5,19.8796,2317.34,2304.26,0,0,5,1831.99,1716.57,0,156,136,50,1716.57,9.52594,19.8796,29.2204,15.2665,-82.2335,-68.2796,1.27356,11.7585,0
54,2054,5,5,10.4662,1882.79,1893.66,0,0,4,1595.35,1365.52,0,156,136,50,1365.52,10.0944,10.4662,19.1485,15.844,-81.656,-78.3515,1.27356,11.7585,0
54,2055,5,5,24.2846,811.561,814.899,0,0,1,444.513,896.474,0,156,136,50,896.474,16.357,24.2846,36.2247,24.2344,-73.2656,-61.2753,1.27356,11.7585,0
54,2056,5,5,8.95485,2178.91,2173.79,0,0,4,978.952,2147.37,0,156,136,50,2147.37,-0.0896827,8.95485,17.3296,8.19247,-89.3075,-80.1704,1.27356,11.7585,0
54,2057,5,5,0.78238,2327.78,2323.3,0,0,5,1835.05,1741,0,156,136,50,1741,-2.60358,0.78238,7.07574,6.39989,-91.1001,-90.4243,1.27356,11.7585,0
54,2058,5,5,13.6109,1608.8,1608.8,0,0,4,681.041,1655.89,0,156,136,50,1655.89,13.6109,13.6109,21.5842,21.5842,-75.9158,-75.9158,1.27356,11.7585,0
54,2049,5,5,11.4245,2295.91,1997.98,0,0,2,1954.34,1556.14,0,391,313,50,1556.14,10.4207,11.4245,17.2809,18.1526,-79.3474,-80.2191,1.27356,11.7585,0
54,2051,5,5,22.2276,1374.22,1113.58,0,0,2,797.398,1348.57,0,391,313,50,1348.57,16.8829,22.2276,29.0141,25.3034,-72.1966,-68.4859,1.27356,11.7585,0
54,2052,5,5,12.3106,1700.15,1440.52,0,0,2,885.041,1665.23,0,391,313,50,1665.23,13.3709,12.3106,20.0487,21.8272,-75.6728,-77.4513,1.27356,11.7585,0
54,2053,5,5,22.1799,2317.34,2012.2,0,0,2,1831.99,1716.57,0,391,313,50,1716.57,9.52594,22.1799,31.5207,15.2665,-82.2335,-65.9793,1.27356,11.7585,0
54,2054,5,5,13.3237,1882.79,1600.24,0,0,2,1595.35,1365.52,0,391,313,50,1365.52,10.0944,13.3237,22.0059,15.844,-81.656,-75.4941,1.27356,11.7585,0
54,2055,5,5,29.8218,811.561,588.053,0,0,2,444.513,896.474,0,391,313,50,896.474,16.357,29.8218,41.7619,24.2344,-73.2656,-55.7381,1.27356,11.7585,0
54,2056,5,5,11.0007,2178.91,1926.94,0,0,2,978.952,2147.37,0,391,313,50,2147.37,-0.0896827,11.0007,19.3754,8.19247,-89.3075,-78.1246,1.27356,11.7585,0
54,2057,5,5,3.06037,2327.78,2031.49,0,0,2,1835.05,1741,0,391,313,50,1741,-2.60358,3.06037,9.35373,6.39989,-91.1001,-88.1463,1.27356,11.7585,0
54,2058,5,5,16.279,1608.8,1374.77,0,0,2,681.041,1655.89,0,391,313,50,1655.89,13.6109,16.279,24.2523,21.5842,-75.9158,-73.2477,1.27356,11.7585,0
54,2049,5,5,9.09436,2295.91,2292.01,0,0,2,1954.34,1556.14,0,156,136,50,1556.14,10.4207,9.09436,14.9507,18.1526,-79.3474,-82.5493,1.27356,11.7585,0
54,2051,5,5,18.6774,1374.22,1372.66,0,0,2,797.398,1348.57,0,156,136,50,1348.57,16.8829,18.6774,25.4639,25.3034,-72.1966,-72.0361,1.27356,11.7585,0
54,2052,5,5,9.55098,1700.15,1694.85,0,0,2,885.041,1665.23,0,156,136,50,1665.23,13.3709,9.55098,17.2891,21.8272,-75.6728,-80.2109,1.27356,11.7585,0
54,2053,5,5,19.8796,2317.34,2304.26,0,0,2,1831.99,1716.57,0,156,136,50,1716.57,9.52594,19.8796,29.2204,15.2665,-82.2335,-68.2796,1.27356,11.7585,0
54,2054,5,5,10.4662,1882.79,1893.66,0,0,2,1595.35,1365.52,0,156,136,50,1365.52,10.0944,10.4662,19.1485,15.844,-81.656,-78.3515,1.27356,11.7585,0
54,2055,5,5,24.2846,811.561,814.899,0,0,2,444.513,896.474,0,156,136,50,896.474,16.357,24.2846,36.2247,24.2344,-73.2656,-61.2753,1.27356,11.7585,0
54,2056,5,5,8.95485,2178.91,2173.79,0,0,2,978.952,2147.37,0,156,136,50,2147.37,-0.0896827,8.95485,17.3296,8.19247,-89.3075,-80.1704,1.27356,11.7585,0
54,2057,5,5,0.78238,2327.78,2323.3,0,0,2,1835.05,1741,0,156,136,50,1741,-2.60358,0.78238,7.07574,6.39989,-91.1001,-90.4243,1.27356,11.7585,0
54,2058,5,5,13.6109,1608.8,1608.8,0,0,2,681.041,1655.89,0,156,136,50,1655.89,13.6109,13.6109,21.5842,21.5842,-75.9158,-75.9158,1.27356,11.7585,0
54,2049,5,5,11.4245,2295.91,1997.98,0,0,4,1954.34,1556.14,0,391,313,50,1556.14,10.4207,11.4245,17.2809,18.1526,-79.3474,-80.2191,1.27356,11.7585,0
54,2051,5,5,22.2276,1374.22,1113.58,0,0,4,797.398,1348.57,0,391,313,50,1348.57,16.8829,22.2276,29.0141,25.3034,-72.1966,-68.4859,1.27356,11.7585,0
54,2052,5,5,12.3106,1700.15,1440.52,0,0,4,885.041,1665.23,0,391,313,50,1665.23,13.3709,12.3106,20.0487,21.8272,-75.6728,-77.4513,1.27356,11.7585,0
54,2053,5,5,22.1799,2317.34,2012.2,0,0,4,1831.99,1716.57,0,391,313,50,1716.57,9.52594,22.1799,31.5207,15.2665,-82.2335,-65.9793,1.27356,11.7585,0
54,2054,5,5,13.3237,1882.79,1600.24,0,0,4,1595.35,1365.52,0,391,313,50,1365.52,10.0944,13.3237,22.0059,15.844,-81.656,-75.4941,1.27356,11.7585,0
54,2055,5,5,29.8218,811.561,588.053,0,0,4,444.513,896.474,0,391,313,50,896.474,16.357,29.8218,41.7619,24.2344,-73.2656,-55.7381,1.27356,11.7585,0
54,2056,5,5,11.0007,2178.91,1926.94,0,0,4,978.952,2147.37,0,391,313,50,2147.37,-0.0896827,11.0007,19.3754,8.19247,-89.3075,-78.1246,1.27356,11.7585,0
54,2057,5,5,3.06037,2327.78,2031.49,0,0,4,1835.05,1741,0,391,313,50,1741,-2.60358,3.06037,9.35373,6.39989,-91.1001,-88.1463,1.27356,11.7585,0
54,2058,5,5,16.279,1608.8,1374.77,0,0,4,681.041,1655.89,0,391,313,50,1655.89,13.6109,16.279,24.2523,21.5842,-75.9158,-73.2477,1.27356,11.7585,0
54,2049,5,5,9.09436,2292.01,2292.01,0,0,4,1954.34,1556.14,0,156,136,50,1556.14,9.09436,9.09436,14.9507,14.9507,-82.5493,-82.5493,1.27356,11.7585,0
54,2051,5,5,18.6774,1372.66,1372.66,0,0,4,797.398,1348.57,0,156,136,50,1348.57,18.6774,18.6774,25.4639,25.4639,-72.0361,-72.0361,1.27356,11.7585,0
54,2052,5,5,9.55098,1694.85,1694.85,0,0,4,885.041,1665.23,0,156,136,50,1665.23,9.55098,9.55098,17.2891,17.2891,-80.2109,-80.2109,1.27356,11.7585,0
54,2053,5,5,19.8796,2304.26,2304.26,0,0,4,1831.99,1716.57,0,156,136,50,1716.57,19.8796,19.8796,29.2204,29.2204,-68.2796,-68.2796,1.27356,11.7585,0
54,2054,5,5,10.4662,1893.66,1893.66,0,0,4,1595.35,1365.52,0,156,136,50,1365.52,10.4662,10.4662,19.1485,19.1485,-78.3515,-78.3515,1.27356,11.7585,0
54,2055,5,5,24.2846,814.899,814.899,0,0,4,444.513,896.474,0,156,136,50,896.474,24.2846,24.2846,36.2247,36.2247,-61.2753,-61.2753,1.27356,11.7585,0
54,2056,5,5,8.95485,2173.79,2173.79,0,0,4,978.952,2147.37,0,156,136,50,2147.37,8.95485,8.95485,17.3296,17.3296,-80.1704,-80.1704,1.27356,11.7585,0
54,2057,5,5,0.78238,2323.3,2323.3,0,0,4,1835.05,1741,0,156,136,50,1741,0.78238,0.78238,7.07574,7.07574,-90.4243,-90.4243,1.27356,11.7585,0
54,2058,5,5,13.6109,1608.8,1608.8,0,0,4,681.041,1655.89,0,156,136,50,1655.89,13.6109,13.6109,21.5842,21.5842,-75.9158,-75.9158,1.27356,11.7585,0
55,2049,5,5,7.61478,2292.01,2290.93,0,0,5,1958.21,1549.47,0,156,136,50,1549.47,9.09436,7.61478,16.6234,14.9507,-82.5493,-80.8766,1.27356,11.7585,0
55,2051,5,5,20.1627,1372.66,1369.58,0,0,1,809.171,1338.75,0,156,136,50,1338.75,18.6774,20.1627,26.4323,25.4639,-72.0361,-71.0677,1.27356,11.7585,0
55,2052,5,5,13.7644,1694.85,1692.99,0,0,1,894.894,1658.42,0,156,136,50,1658.42,9.55098,13.7644,23.6059,17.2891,-80.2109,-73.8941,1.27356,11.7585,0
55,2053,5,5,23.0835,2304.26,2304.14,0,0,5,1831.97,1716.4,0,156,136,50,1716.4,19.8796,23.0835,30.0677,29.2204,-68.2796,-67.4323,1.27356,11.7585,0
55,2054,5,5,9.76257,1893.66,1904.57,0,0,4,1598.74,1378.33,0,156,136,50,1378.33,10.4662,9.76257,16.8936,19.1485,-78.3515,-80.6064,1.27356,11.7585,0
55,2055,5,5,29.9235,814.899,822.618,0,0,5,439.862,906.469,0,156,136,50,906.469,24.2846,29.9235,40.0357,36.2247,-61.2753,-57.4643,1.27356,11.7585,0
55,2056,5,5,17.2651,2173.79,2168.72,0,0,1,984.709,2139.52,0,156,136,50,2139.52,8.95485,17.2651,24.6268,17.3296,-80.1704,-72.8732,1.27356,11.7585,0
55,2057,5,5,13.7499,2323.3,2318.9,0,0,1,1834.3,1735.41,0,156,136,50,1735.41,0.78238,13.7499,20.5504,7.07574,-90.4243,-76.9496,1.27356,11.7585,0
55,2058,5,5,13.6109,1608.8,1608.8,0,0,1,681.041,1655.89,0,156,136,50,1655.89,13.6109,13.6109,21.5842,21.5842,-75.9158,-75.9158,1.27356,11.7585,0
55,2049,5,5,9.94634,2292.01,1996.87,0,0,2,1958.21,1549.47,0,391,313,50,1549.47,9.09436,9.94634,18.9549,14.9507,-82.5493,-78.5451,1.27356,11.7585,0
55,2051,5,5,23.7469,1372.66,1108.84,0,0,2,809.171,1338.75,0,391,313,50,1338.75,18.6774,23.7469,30.0165,25.4639,-72.0361,-67.4835,1.27356,11.7585,0
55,2052,5,5,16.5403,1694.85,1437.55,0,0,2,894.894,1658.42,0,391,313,50,1658.42,9.55098,16.5403,26.3818,17.2891,-80.2109,-71.1182,1.27356,11.7585,0
55,2053,5,5,25.3839,2304.26,2012.07,0,0,2,1831.97,1716.4,0,391,313,50,1716.4,19.8796,25.3839,32.3682,29.2204,-68.2796,-65.1318,1.27356,11.7585,0
55,2054,5,5,12.6013,1893.66,1611.23,0,0,2,1598.74,1378.33,0,391,313,50,1378.33,10.4662,12.6013,19.7323,19.1485,-78.3515,-77.7677,1.27356,11.7585,0
55,2055,5,5,35.3481,814.899,597.573,0,0,2,439.862,906.469,0,391,313,50,906.469,24.2846,35.3481,45.4603,36.2247,-61.2753,-52.0397,1.27356,11.7585,0
55,2056,5,5,19.3216,2173.79,1921.24,0,0,2,984.709,2139.52,0,391,313,50,2139.52,8.95485,19.3216,26.6833,17.3296,-80.1704,-70.8167,1.27356,11.7585,0
55,2057,5,5,16.033,2323.3,2027.04,0,0,2,1834.3,1735.41,0,391,313,50,1735.41,0.78238,16.033,22.8335,7.07574,-90.4243,-74.6665,1.27356,11.7585,0
55,2058,5,5,16.279,1608.8,1374.77,0,0,2,681.041,1655.89,0,391,313,50,1655.89,13.6109,16.279,24.2523,21.5842,-75.9158,-73.2477,1.27356,11.7585,0
55,2049,5,5,7.61478,2292.01,2290.93,0,0,2,1958.21,1549.47,0,156,136,50,1549.47,9.09436,7.61478,16.6234,14.9507,-82.5493,-80.8766,1.27356,11.7585,0
55,2051,5,5,20.1627,1372.66,1369.58,0,0,2,809.171,1338.75,0,156,136,50,1338.75,18.6774,20.1627,26.4323,25.4639,-72.0361,-71.0677,1.27356,11.7585,0
55,2052,5,5,13.7644,1694.85,1692.99,0,0,2,894.894,1658.42,0,156,136,50,1658.42,9.55098,13.7644,23.6059,17.2891,-80.2109,-73.8941,1.27356,11.7585,0
55,2053,5,5,23.0835,2304.26,2304.14,0,0,2,1831.97,1716.4,0,156,136,50,1716.4,19.8796,23.0835,30.0677,29.2204,-68.2796,-67.4323,1.27356,11.7585,0
55,2054,5,5,9.76257,1893.66,1904.57,0,0,2,1598.74,1378.33,0,156,136,50,1378.33,10.4662,9.76257,16.8936,19.1485,-78.3515,-80.6064,1.27356,11.7585,0
55,2055,5,5,29.9235,814.899,822.618,0,0,2,439.862,906.469,0,156,136,50,906.469,24.2846,29.9235,40.0357,36.2247,-61.2753,-57.4643,1.27356,11.7585,0
55,2056,5,5,17.2651,2173.79,2168.72,0,0,2,984.709,2139.52,0,156,136,50,2139.52,8.95485,17.2651,24.6268,17.3296,-80.1704,-72.8732,1.27356,11.7585,0
55,2057,5,5,13.7499,2323.3,2318.9,0,0,2,1834.3,1735.41,0,156,136,50,1735.41,0.78238,13.7499,20.5504,7.07574,-90.4243,-76.9496,1.27356,11.7585,0
55,2058,5,5,13.6109,1608.8,1608.8,0,0,2,681.041,1655.89,0,156,136,50,1655.89,13.6109,13.6109,21.5842,21.5842,-75.9158,-75.9158,1.27356,11.7585,0
55,2049,5,5,9.94634,2292.01,1996.87,0,0,4,1958.21,1549.47,0,391,313,50,1549.47,9.09436,9.94634,18.9549,14.9507,-82.5493,-78.5451,1.27356,11.7585,0
55,2051,5,5,23.7469,1372.66,1108.84,0,0,4,809.171,1338.75,0,391,313,50,1338.75,18.6774,23.7469,30.0165,25.4639,-72.0361,-67.4835,1.27356,11.7585,0
55,2052,5,5,16.5403,1694.85,1437.55,0,0,4,894.894,1658.42,0,391,313,50,1658.42,9.55098,16.5403,26.3818,17.2891,-80.2109,-71.1182,1.27356,11.7585,0
55,2053,5,5,25.3839,2304.26,2012.07,0,0,4,1831.97,1716.4,0,391,313,50,1716.4,19.8796,25.3839,32.3682,29.2204,-68.2796,-65.1318,1.27356,11.7585,0
55,2054,5,5,12.6013,1893.66,1611.23,0,0,4,1598.74,1378.33,0,391,313,50,1378.33,10.4662,12.6013,19.7323,19.1485,-78.3515,-77.7677,1.27356,11.7585,0
55,2055,5,5,35.3481,814.899,597.573,0,0,4,439.862,906.469,0,391,313,50,906.469,24.2846,35.3481,45.4603,36.2247,-61.2753,-52.0397,1.27356,11.7585,0
55,2056,5,5,19.3216,2173.79,1921.24,0,0,4,984.709,2139.52,0,391,313,50,2139.52,8.95485,19.3216,26.6833,17.3296,-80.1704,-70.8167,1.27356,11.7585,0
55,2057,5,5,16.033,2323.3,2027.04,0,0,4,1834.3,1735.41,0,391,313,50,1735.41,0.78238,16.033,22.8335,7.07574,-90.4243,-74.6665,1.27356,11.7585,0
55,2058,5,5,16.279,1608.8,1374.77,0,0,4,681.041,1655.89,0,391,313,50,1655.89,13.6109,16.279,24.2523,21.5842,-75.9158,-73.2477,1.27356,11.7585,0
55,2049,5,5,7.61478,2290.93,2290.93,0,0,4,1958.21,1549.47,0,156,136,50,1549.47,7.61478,7.61478,16.6234,16.6234,-80.8766,-80.8766,1.27356,11.7585,0
55,2051,5,5,20.1627,1369.58,1369.58,0,0,4,809.171,1338.75,0,156,136,50,1338.75,20.1627,20.1627,26.4323,26.4323,-71.0677,-71.0677,1.27356,11.7585,0
55,2052,5,5,13.7644,1692.99,1692.99,0,0,4,894.894,1658.42,0,156,136,50,1658.42,13.7644,13.7644,23.6059,23.6059,-73.8941,-73.8941,1.27356,11.7585,0
55,2053,5,5,23.0835,2304.14,2304.14,0,0,4,1831.97,1716.4,0,156,136,50,1716.4,23.0835,23.0835,30.0677,30.0677,-67.4323,-67.4323,1.27356,11.7585,0
55,2054,5,5,9.76257,1904.57,1904.57,0,0,4,1598.74,1378.33,0,156,136,50,1378.33,9.76257,9.76257,16.8936,16.8936,-80.6064,-80.6064,1.27356,11.7585,0
55,2055,5,5,29.9235,822.618,822.618,0,0,4,439.862,906.469,0,156,136,50,906.469,29.9235,29.9235,40.0357,40.0357,-57.4643,-57.4643,1.27356,11.7585,0
55,2056,5,5,17.2651,2168.72,2168.72,0,0,4,984.709,2139.52,0,156,136,50,2139.52,17.2651,17.2651,24.6268,24.6268,-72.8732,-72.8732,1.27356,11.7585,0
55,2057,5,5,13.7499,2318.9,2318.9,0,0,4,1834.3,1735.41,0,156,136,50,1735.41,13.7499,13.7499,20.5504,20.5504,-76.9496,-76.9496,1.27356,11.7585,0
55,2058,5,5,13.6109,1608.8,1608.8,0,0,4,681.041,1655.89,0,156,136,50,1655.89,13.6109,13.6109,21.5842,21.5842,-75.9158,-75.9158,1.27356,11.7585,0
56,2049,5,5,5.18676,2290.93,2289.7,0,0,4,1961.92,1542.73,0,156,136,50,1542.73,7.61478,5.18676,13.6531,16.6234,-80.8766,-83.8469,1.27356,11.7585,0
56,2051,5,5,21.4396,1369.58,1372.66,0,0,4,818.377,1337.23,0,156,136,50,1337.23,20.1627,21.4396,27.9955,26.4323,-71.0677,-69.5045,1.27356,11.7585,0
56,2052,5,5,13.9265,1692.99,1691.39,0,0,4,904.865,1651.76,0,156,136,50,1651.76,13.7644,13.9265,20.106,23.6059,-73.8941,-77.394,1.27356,11.7585,0
56,2053,5,5,13.3495,2304.14,2299.62,0,0,1,1831.17,1710.66,0,156,136,50,1710.66,23.0835,13.3495,21.9847,30.0677,-67.4323,-75.5153,1.27356,11.7585,0
56,2054,5,5,-0.356302,1904.57,1918.3,0,0,4,1604.12,1393.1,0,156,136,50,1393.1,9.76257,-0.356302,5.93862,16.8936,-80.6064,-91.5614,1.27356,11.7585,0
56,2055,5,5,25.2698,822.618,827.165,0,0,1,437.14,912.314,0,156,136,50,912.314,29.9235,25.2698,31.6807,40.0357,-57.4643,-65.8193,1.27356,11.7585,0
56,2056,5,5,4.32993,2168.72,2163.67,0,0,4,990.478,2131.65,0,156,136,50,2131.65,17.2651,4.32993,12.9533,24.6268,-72.8732,-84.5467,1.27356,11.7585,0
56,2057,5,5,4.52877,2318.9,2315.06,0,0,1,1833.67,1730.5,0,156,136,50,1730.5,13.7499,4.52877,10.7519,20.5504,-76.9496,-86.7481,1.27356,11.7585,0
56,2058,5,5,13.6109,1608.8,1608.8,0,0,4,681.041,1655.89,0,156,136,50,1655.89,13.6109,13.6109,21.5842,21.5842,-75.9158,-75.9158,1.27356,11.7585,0
56,2049,5,5,7.51983,2290.93,1995.63,0,0,2,1961.92,1542.73,0,391,313,50,1542.73,7.61478,7.51983,15.9861,16.6234,-80.8766,-81.5139,1.27356,11.7585,0
56,2051,5,5,25.0299,1369.58,1110.95,0,0,2,818.377,1337.23,0,391,313,50,1337.23,20.1627,25.0299,31.5858,26.4323,-71.0677,-65.9142,1.27356,11.7585,0
56,2052,5,5,16.7182,1692.99,1434.86,0,0,2,904.865,1651.76,0,391,313,50,1651.76,13.7644,16.7182,22.8977,23.6059,-73.8941,-74.6023,1.27356,11.7585,0
56,2053,5,5,15.6553,2304.14,2007.5,0,0,2,1831.17,1710.66,0,391,313,50,1710.66,23.0835,15.6553,24.2905,30.0677,-67.4323,-73.2095,1.27356,11.7585,0
56,2054,5,5,2.45938,1904.57,1625.05,0,0,2,1604.12,1393.1,0,391,313,50,1393.1,9.76257,2.45938,8.7543,16.8936,-80.6064,-88.7457,1.27356,11.7585,0
56,2055,5,5,30.6299,822.618,603.163,0,0,2,437.14,912.314,0,391,313,50,912.314,29.9235,30.6299,37.0409,40.0357,-57.4643,-60.4591,1.27356,11.7585,0
56,2056,5,5,6.3971,2168.72,1915.56,0,0,2,990.478,2131.65,0,391,313,50,2131.65,17.2651,6.3971,15.0205,24.6268,-72.8732,-82.4795,1.27356,11.7585,0
56,2057,5,5,6.81637,2318.9,2023.14,0,0,2,1833.67,1730.5,0,391,313,50,1730.5,13.7499,6.81637,13.0395,20.5504,-76.9496,-84.4605,1.27356,11.7585,0
56,2058,5,5,16.279,1608.8,1374.77,0,0,2,681.041,1655.89,0,391,313,50,1655.89,13.6109,16.279,24.2523,21.5842,-75.9158,-73.2477,1.27356,11.7585,0
56,2049,5,5,5.18676,2290.93,2289.7,0,0,2,1961.92,1542.73,0,156,136,50,1542.73,7.61478,5.18676,13.6531,16.6234,-80.8766,-83.8469,1.27356,11.7585,0
56,2051,5,5,21.4396,1369.58,1372.66,0,0,2,818.377,1337.23,0,156,136,50,1337.23,20.1627,21.4396,27.9955,26.4323,-71.0677,-69.5045,1.27356,11.7585,0
56,2052,5,5,13.9265,1692.99,1691.39,0,0,2,904.865,1651.76,0,156,136,50,1651.76,13.7644,13.9265,20.106,23.6059,-73.8941,-77.394,1.27356,11.7585,0
56,2053,5,5,13.3495,2304.14,2299.62,0,0,2,1831.17,1710.66,0,156,136,50,1710.66,23.0835,13.3495,21.9847,30.0677,-67.4323,-75.5153,1.27356,11.7585,0
56,2054,5,5,-0.356302,1904.57,1918.3,0,0,2,1604.12,1393.1,0,156,136,50,1393.1,9.76257,-0.356302,5.93862,16.8936,-80.6064,-91.5614,1.27356,11.7585,0
56,2055,5,5,25.2698,822.618,827.165,0,0,2,437.14,912.314,0,156,136,50,912.314,29.9235,25.2698,31.6807,40.0357,-57.4643,-65.8193,1.27356,11.7585,0
56,2056,5,5,4.32993,2168.72,2163.67,0,0,2,990.478,2131.65,0,156,136,50,2131.65,17.2651,4.32993,12.9533,24.6268,-72.8732,-84.5467,1.27356,11.7585,0
56,2057,5,5,4.52877,2318.9,2315.06,0,0,2,1833.67,1730.5,0,156,136,50,1730.5,13.7499,4.52877,10.7519,20.5504,-76.9496,-86.7481,1.27356,11.7585,0
56,2058,5,5,13.6109,1608.8,1608.8,0,0,2,681.041,1655.89,0,156,136,50,1655.89,13.6109,13.6109,21.5842,21.5842,-75.9158,-75.9158,1.27356,11.7585,0
56,2049,5,5,7.51983,2290.93,1995.63,0,0,4,1961.92,1542.73,0,391,313,50,1542.73,7.61478,7.51983,15.9861,16.6234,-80.8766,-81.5139,1.27356,11.7585,0
56,2051,5,5,25.0299,1369.58,1110.95,0,0,4,818.377,1337.23,0,391,313,50,1337.23,20.1627,25.0299,31.5858,26.4323,-71.0677,-65.9142,1.27356,11.7585,0
56,2052,5,5,16.7182,1692.99,1434.86,0,0,4,904.865,1651.76,0,391,313,50,1651.76,13.7644,16.7182,22.8977,23.6059,-73.8941,-74.6023,1.27356,11.7585,0
56,2053,5,5,15.6553,2304.14,2007.5,0,0,4,1831.17,1710.66,0,391,313,50,1710.66,23.0835,15.6553,24.2905,30.0677,-67.4323,-73.2095,1.27356,11.7585,0
56,2054,5,5,2.45938,1904.57,1625.05,0,0,4,1604.12,1393.1,0,391,313,50,1393.1,9.76257,2.45938,8.7543,16.8936,-80.6064,-88.7457,1.27356,11.7585,0
56,2055,5,5,30.6299,822.618,603.163,0,0,4,437.14,912.314,0,391,313,50,912.314,29.9235,30.6299,37.0409,40.0357,-57.4643,-60.4591,1.27356,11.7585,0
56,2056,5,5,6.3971,2168.72,1915.56,0,0,4,990.478,2131.65,0,391,313,50,2131.65,17.2651,6.3971,15.0205,24.6268,-72.8732,-82.4795,1.27356,11.7585,0
56,2057,5,5,6.81637,2318.9,2023.14,0,0,4,1833.67,1730.5,0,391,313,50,1730.5,13.7499,6.81637,13.0395,20.5504,-76.9496,-84.4605,1.27356,11.7585,0
56,2058,5,5,16.279,1608.8,1374.77,0,0,4,681.041,1655.89,0,391,313,50,1655.89,13.6109,16.279,24.2523,21.5842,-75.9158,-73.2477,1.27356,11.7585,0
56,2049,5,5,5.18676,2289.7,2289.7,0,0,4,1961.92,1542.73,0,156,136,50,1542.73,5.18676,5.18676,13.6531,13.6531,-83.8469,-83.8469,1.27356,11.7585,0
56,2051,5,5,21.4396,1372.66,1372.66,0,0,4,818.377,1337.23,0,156,136,50,1337.23,21.4396,21.4396,27.9955,27.9955,-69.5045,-69.5045,1.27356,11.7585,0
56,2052,5,5,13.9265,1691.39,1691.39,0,0,4,904.865,1651.76,0,156,136,50,1651.76,13.9265,13.9265,20.106,20.106,-77.394,-77.394,1.27356,11.7585,0
56,2053,5,5,13.3495,2299.62,2299.62,0,0,4,1831.17,1710.66,0,156,136,50,1710.66,13.3495,13.3495,21.9847,21.9847,-75.5153,-75.5153,1.27356,11.7585,0
56,2054,5,5,-0.356302,1918.3,1918.3,0,0,4,1604.12,1393.1,0,156,136,50,1393.1,-0.356302,-0.356302,5.93862,5.93862,-91.5614,-91.5614,1.27356,11.7585,0
56,2055,5,5,25.2698,827.165,827.165,0,0,4,437.14,912.314,0,156,136,50,912.314,25.2698,25.2698,31.6807,31.6807,-65.8193,-65.8193,1.27356,11.7585,0
56,2056,5,5,4.32993,2163.67,2163.67,0,0,4,990.478,2131.65,0,156,136,50,2131.65,4.32993,4.32993,12.9533,12.9533,-84.5467,-84.5467,1.27356,11.7585,0
56,2057,5,5,4.52877,2315.06,2315.06,0,0,4,1833.67,1730.5,0,156,136,50,1730.5,4.52877,4.52877,10.7519,10.7519,-86.7481,-86.7481,1.27356,11.7585,0
56,2058,5,5,13.6109,1608.8,1608.8,0,0,4,681.041,1655.89,0,156,136,50,1655.89,13.6109,13.6109,21.5842,21.5842,-75.9158,-75.9158,1.27356,11.7585,0
57,2049,5,5,4.13476,2289.7,2288.23,0,0,4,1965.39,1535.86,0,156,136,50,1535.86,5.18676,4.13476,9.45235,13.6531,-83.8469,-88.0477,1.27356,11.7585,0
57,2051,5,5,19.1145,1372.66,1372.79,0,0,4,818.436,1337.34,0,156,136,50,1337.34,21.4396,19.1145,28.4521,27.9955,-69.5045,-69.0479,1.27356,11.7585,0
57,2052,5,5,1.83551,1691.39,1690.35,0,0,4,915.077,1645.5,0,156,136,50,1645.5,13.9265,1.83551,9.73809,20.106,-77.394,-87.7619,1.27356,11.7585,0
57,2053,5,5,4.5088,2299.62,2291.75,0,0,1,1829.82,1700.59,0,156,136,50,1700.59,13.3495,4.5088,12.9516,21.9847,-75.5153,-84.5484,1.27356,11.7585,0
57,2054,5,5,-0.818997,1918.3,1918.37,0,0,4,1604.15,1393.18,0,156,136,50,1393.18,-0.356302,-0.818997,4.5,5.93862,-91.5614,-93,1.27356,11.7585,0
57,2055,5,5,24.2877,827.165,831.742,0,0,1,434.416,918.163,0,156,136,50,918.163,25.2698,24.2877,31.0226,31.6807,-65.8193,-66.4774,1.27356,11.7585,0
57,2056,5,5,4.50858,2163.67,2158.66,0,0,4,996.238,2123.79,0,156,136,50,2123.79,4.32993,4.50858,10.925,12.9533,-84.5467,-86.575,1.27356,11.7585,0
57,2057,5,5,-0.565374,2315.06,2304.16,0,0,5,1831.97,1716.44,0,156,136,50,1716.44,4.52877,-0.565374,7.47026,10.7519,-86.7481,-90.0297,1.27356,11.7585,0
57,2058,5,5,13.6109,1608.8,1608.8,0,0,4,681.041,1655.89,0,156,136,50,1655.89,13.6109,13.6109,21.5842,21.5842,-75.9158,-75.9158,1.27356,11.7585,0
57,2049,5,5,6.46958,2289.7,1994.14,0,0,2,1965.39,1535.86,0,391,313,50,1535.86,5.18676,6.46958,11.7872,13.6531,-83.8469,-85.7128,1.27356,11.7585,0
57,2051,5,5,22.7045,1372.66,1111.07,0,0,2,818.436,1337.34,0,391,313,50,1337.34,21.4396,22.7045,32.0421,27.9955,-69.5045,-65.4579,1.27356,11.7585,0
57,2052,5,5,4.64197,1691.39,1432.73,0,0,2,915.077,1645.5,0,391,313,50,1645.5,13.9265,4.64197,12.5445,20.106,-77.394,-84.9555,1.27356,11.7585,0
57,2053,5,5,6.82389,2299.62,1999.53,0,0,2,1829.82,1700.59,0,391,313,50,1700.59,13.3495,6.82389,15.2667,21.9847,-75.5153,-82.2333,1.27356,11.7585,0
57,2054,5,5,1.99657,1918.3,1625.12,0,0,2,1604.15,1393.18,0,391,313,50,1393.18,-0.356302,1.99657,7.31556,5.93862,-91.5614,-90.1844,1.27356,11.7585,0
57,2055,5,5,29.5843,827.165,608.775,0,0,2,434.416,918.163,0,391,313,50,918.163,25.2698,29.5843,36.3192,31.6807,-65.8193,-61.1808,1.27356,11.7585,0
57,2056,5,5,6.58646,2163.67,1909.92,0,0,2,996.238,2123.79,0,391,313,50,2123.79,4.32993,6.58646,13.0029,12.9533,-84.5467,-84.4971,1.27356,11.7585,0
57,2057,5,5,1.73503,2315.06,2012.1,0,0,2,1831.97,1716.44,0,391,313,50,1716.44,4.52877,1.73503,9.77067,10.7519,-86.7481,-87.7293,1.27356,11.7585,0
57,2058,5,5,16.279,1608.8,1374.77,0,0,2,681.041,1655.89,0,391,313,50,1655.89,13.6109,16.279,24.2523,21.5842,-75.9158,-73.2477,1.27356,11.7585,0
57,2049,5,5,4.13476,2289.7,2288.23,0,0,2,1965.39,1535.86,0,156,136,50,1535.86,5.18676,4.13476,9.45235,13.6531,-83.8469,-88.0477,1.27356,11.7585,0
57,2051,5,5,19.1145,1372.66,1372.79,0,0,2,818.436,1337.34,0,156,136,50,1337.34,21.4396,19.1145,28.4521,27.9955,-69.5045,-69.0479,1.27356,11.7585,0
57,2052,5,5,1.83551,1691.39,1690.35,0,0,2,915.077,1645.5,0,156,136,50,1645.5,13.9265,1.83551,9.73809,20.106,-77.394,-87.7619,1.27356,11.7585,0
57,2053,5,5,4.5088,2299.62,2291.75,0,0,2,1829.82,1700.59,0,156,136,50,1700.59,13.3495,4.5088,12.9516,21.9847,-75.5153,-84.5484,1.27356,11.7585,0
57,2054,5,5,-0.818997,1918.3,1918.37,0,0,2,1604.15,1393.18,0,156,136,50,1393.18,-0.356302,-0.818997,4.5,5.93862,-91.5614,-93,1.27356,11.7585,0
57,2055,5,5,24.2877,827.165,831.742,0,0,2,434.416,918.163,0,156,136,50,918.163,25.2698,24.2877,31.0226,31.6807,-65.8193,-66.4774,1.27356,11.7585,0
57,2056,5,5,4.50858,2163.67,2158.66,0,0,2,996.238,2123.79,0,156,136,50,2123.79,4.32993,4.50858,10.925,12.9533,-84.5467,-86.575,1.27356,11.7585,0
57,2057,5,5,-0.565374,2315.06,2304.16,0,0,2,1831.97,1716.44,0,156,136,50,1716.44,4.52877,-0.565374,7.47026,10.7519,-86.7481,-90.0297,1.27356,11.7585,0
57,2058,5,5,13.6109,1608.8,1608.8,0,0,2,681.041,1655.89,0,156,136,50,1655.89,13.6109,13.6109,21.5842,21.5842,-75.9158,-75.9158,1.27356,11.7585,0
57,2049,5,5,6.46958,2289.7,1994.14,0,0,4,1965.39,1535.86,0,391,313,50,1535.86,5.18676,6.46958,11.7872,13.6531,-83.8469,-85.7128,1.27356,11.7585,0
57,2051,5,5,22.7045,1372.66,1111.07,0,0,4,818.436,1337.34,0,391,313,50,1337.34,21.4396,22.7045,32.0421,27.9955,-69.5045,-65.4579,1.27356,11.7585,0
57,2052,5,5,4.64197,1691.39,1432.73,0,0,4,915.077,1645.5,0,391,313,50,1645.5,13.9265,4.64197,12.5445,20.106,-77.394,-84.9555,1.27356,11.7585,0
57,2053,5,5,6.82389,2299.62,1999.53,0,0,4,1829.82,1700.59,0,391,313,50,1700.59,13.3495,6.82389,15.2667,21.9847,-75.5153,-82.2333,1.27356,11.7585,0
57,2054,5,5,1.99657,1918.3,1625.12,0,0,4,1604.15,1393.18,0,391,313,50,1393.18,-0.356302,1.99657,7.31556,5.93862,-91.5614,-90.1844,1.27356,11.7585,0
57,2055,5,5,29.5843,827.165,608.775,0,0,4,434.416,918.163,0,391,313,50,918.163,25.2698,29.5843,36.3192,31.6807,-65.8193,-61.1808,1.27356,11.7585,0
57,2056,5,5,6.58646,2163.67,1909.92,0,0,4,996.238,2123.79,0,391,313,50,2123.79,4.32993,6.58646,13.0029,12.9533,-84.5467,-84.4971,1.27356,11.7585,0
57,2057,5,5,1.73503,2315.06,2012.1,0,0,4,1831.97,1716.44,0,391,313,50,1716.44,4.52877,1.73503,9.77067,10.7519,-86.7481,-87.7293,1.27356,11.7585,0
57,2058,5,5,16.279,1608.8,1374.77,0,0,4,681.041,1655.89,0,391,313,50,1655.89,13.6109,16.279,24.2523,21.5842,-75.9158,-73.2477,1.27356,11.7585,0
57,2049,5,5,4.13476,2288.23,2288.23,0,0,4,1965.39,1535.86,0,156,136,50,1535.86,4.13476,4.13476,9.45235,9.45235,-88.0477,-88.0477,1.27356,11.7585,0
57,2051,5,5,19.1145,1372.79,1372.79,0,0,4,818.436,1337.34,0,156,136,50,1337.34,19.1145,19.1145,28.4521,28.4521,-69.0479,-69.0479,1.27356,11.7585,0
57,2052,5,5,1.83551,1690.35,1690.35,0,0,4,915.077,1645.5,0,156,136,50,1645.5,1.83551,1.83551,9.73809,9.73809,-87.7619,-87.7619,1.27356,11.7585,0
57,2053,5,5,4.5088,2291.75,2291.75,0,0,4,1829.82,1700.59,0,156,136,50,1700.59,4.5088,4.5088,12.9516,12.9516,-84.5484,-84.5484,1.27356,11.7585,0
57,2054,5,5,-0.818997,1918.37,1918.37,0,0,4,1604.15,1393.18,0,156,136,50,1393.18,-0.818997,-0.818997,4.5,4.5,-93,-93,1.27356,11.7585,0
57,2055,5,5,24.2877,831.742,831.742,0,0,4,434.416,918.163,0,156,136,50,918.163,24.2877,24.2877,31.0226,31.0226,-66.4774,-66.4774,1.27356,11.7585,0
57,2056,5,5,4.50858,2158.66,2158.66,0,0,4,996.238,2123.79,0,156,136,50,2123.79,4.50858,4.50858,10.925,10.925,-86.575,-86.575,1.27356,11.7585,0
57,2057,5,5,-0.565374,2304.16,2304.16,0,0,4,1831.97,1716.44,0,156,136,50,1716.44,-0.565374,-0.565374,7.47026,7.47026,-90.0297,-90.0297,1.27356,11.7585,0
57,2058,5,5,13.6109,1608.8,1608.8,0,0,4,681.041,1655.89,0,156,136,50,1655.89,13.6109,13.6109,21.5842,21.5842,-75.9158,-75.9158,1.27356,11.7585,0
58,2049,5,5,9.66682,2288.23,2286.78,0,0,4,1968.84,1529.01,0,156,136,50,1529.01,4.13476,9.66682,16.9758,9.45235,-88.0477,-80.5242,1.27356,11.7585,0
58,2051,5,5,20.2306,1372.79,1389.57,0,0,4,826.157,1352.26,0,156,136,50,1352.26,19.1145,20.2306,28.9189,28.4521,-69.0479,-68.5811,1.27356,11.7585,0
58,2052,5,5,11.003,1690.35,1689.87,0,0,4,925.538,1639.65,0,156,136,50,1639.65,1.83551,11.003,18.6494,9.73809,-87.7619,-78.8506,1.27356,11.7585,0
58,2053,5,5,9.18151,2291.75,2282.96,0,0,1,1828.77,1688.82,0,156,136,50,1688.82,4.5088,9.18151,17.7725,12.9516,-84.5484,-79.7275,1.27356,11.7585,0
58,2054,5,5,-2.76611,1918.37,1918.41,0,0,4,1604.16,1393.22,0,156,136,50,1393.22,-0.818997,-2.76611,7.86537,4.5,-93,-89.6346,1.27356,11.7585,0
58,2055,5,5,21.6752,831.742,836.341,0,0,1,431.694,924.009,0,156,136,50,924.009,24.2877,21.6752,30.0063,31.0226,-66.4774,-67.4937,1.27356,11.7585,0
58,2056,5,5,3.17589,2158.66,2153.68,0,0,4,1002,2115.93,0,156,136,50,2115.93,4.50858,3.17589,10.4655,10.925,-86.575,-87.0345,1.27356,11.7585,0
58,2057,5,5,2.12941,2304.16,2299.83,0,0,1,1831.2,1710.93,0,156,136,50,1710.93,-0.565374,2.12941,10.5628,7.47026,-90.0297,-86.9372,1.27356,11.7585,0
58,2058,5,5,13.6109,1608.8,1608.8,0,0,4,681.041,1655.89,0,156,136,50,1655.89,13.6109,13.6109,21.5842,21.5842,-75.9158,-75.9158,1.27356,11.7585,0
58,2049,5,5,12.0033,2288.23,1992.68,0,0,2,1968.84,1529.01,0,391,313,50,1529.01,4.13476,12.0033,19.3123,9.45235,-88.0477,-78.1877,1.27356,11.7585,0
58,2051,5,5,23.7732,1372.79,1127.8,0,0,2,826.157,1352.26,0,391,313,50,1352.26,19.1145,23.7732,32.4615,28.4521,-69.0479,-65.0385,1.27356,11.7585,0
58,2052,5,5,13.8232,1690.35,1431.16,0,0,2,925.538,1639.65,0,391,313,50,1639.65,1.83551,13.8232,21.4696,9.73809,-87.7619,-76.0304,1.27356,11.7585,0
58,2053,5,5,11.5072,2291.75,1990.62,0,0,2,1828.77,1688.82,0,391,313,50,1688.82,4.5088,11.5072,20.0982,12.9516,-84.5484,-77.4018,1.27356,11.7585,0
58,2054,5,5,0.0493907,1918.37,1625.16,0,0,2,1604.16,1393.22,0,391,313,50,1393.22,-0.818997,0.0493907,10.6809,4.5,-93,-86.8191,1.27356,11.7585,0
58,2055,5,5,26.9092,831.742,614.401,0,0,2,431.694,924.009,0,391,313,50,924.009,24.2877,26.9092,35.2404,31.0226,-66.4774,-62.2596,1.27356,11.7585,0
58,2056,5,5,5.26451,2158.66,1904.3,0,0,2,1002,2115.93,0,391,313,50,2115.93,4.50858,5.26451,12.5541,10.925,-86.575,-84.9459,1.27356,11.7585,0
58,2057,5,5,4.43492,2304.16,2007.71,0,0,2,1831.2,1710.93,0,391,313,50,1710.93,-0.565374,4.43492,12.8683,7.47026,-90.0297,-84.6317,1.27356,11.7585,0
58,2058,5,5,16.279,1608.8,1374.77,0,0,2,681.041,1655.89,0,391,313,50,1655.89,13.6109,16.279,24.2523,21.5842,-75.9158,-73.2477,1.27356,11.7585,0
58,2049,5,5,9.66682,2288.23,2286.78,0,0,2,1968.84,1529.01,0,156,136,50,1529.01,4.13476,9.66682,16.9758,9.45235,-88.0477,-80.5242,1.27356,11.7585,0
58,2051,5,5,20.2306,1372.79,1389.57,0,0,2,826.157,1352.26,0,156,136,50,1352.26,19.1145,20.2306,28.9189,28.4521,-69.0479,-68.5811,1.27356,11.7585,0
58,2052,5,5,11.003,1690.35,1689.87,0,0,2,925.538,1639.65,0,156,136,50,1639.65,1.83551,11.003,18.6494,9.73809,-87.7619,-78.8506,1.27356,11.7585,0
58,2053,5,5,9.18151,2291.75,2282.96,0,0,2,1828.77,1688.82,0,156,136,50,1688.82,4.5088,9.18151,17.7725,12.9516,-84.5484,-79.7275,1.27356,11.7585,0
58,2054,5,5,-2.76611,1918.37,1918.41,0,0,2,1604.16,1393.22,0,156,136,50,1393.22,-0.818997,-2.76611,7.86537,4.5,-93,-89.6346,1.27356,11.7585,0
58,2055,5,5,21.6752,831.742,836.341,0,0,2,431.694,924.009,0,156,136,50,924.009,24.2877,21.6752,30.0063,31.0226,-66.4774,-67.4937,1.27356,11.7585,0
58,2056,5,5,3.17589,2158.66,2153.68,0,0,2,1002,2115.93,0,156,136,50,2115.93,4.50858,3.17589,10.4655,10.925,-86.575,-87.0345,1.27356,11.7585,0
58,2057,5,5,2.12941,2304.16,2299.83,0,0,2,1831.2,1710.93,0,156,136,50,1710.93,-0.565374,2.12941,10.5628,7.47026,-90.0297,-86.9372,1.27356,11.7585,0
58,2058,5,5,13.6109,1608.8,1608.8,0,0,2,681.041,1655.89,0,156,136,50,1655.89,13.6109,13.6109,21.5842,21.5842,-75.9158,-75.9158,1.27356,11.7585,0
58,2049,5,5,12.0033,2288.23,1992.68,0,0,4,1968.84,1529.01,0,391,313,50,1529.01,4.13476,12.0033,19.3123,9.45235,-88.0477,-78.1877,1.27356,11.7585,0
58,2051,5,5,23.7732,1372.79,1127.8,0,0,4,826.157,1352.26,0,391,313,50,1352.26,19.1145,23.7732,32.4615,28.4521,-69.0479,-65.0385,1.27356,11.7585,0
58,2052,5,5,13.8232,1690.35,1431.16,0,0,4,925.538,1639.65,0,391,313,50,1639.65,1.83551,13.8232,21.4696,9.73809,-87.7619,-76.0304,1.27356,11.7585,0
58,2053,5,5,11.5072,2291.75,1990.62,0,0,4,1828.77,1688.82,0,391,313,50,1688.82,4.5088,11.5072,20.0982,12.9516,-84.5484,-77.4018,1.27356,11.7585,0
58,2054,5,5,0.0493907,1918.37,1625.16,0,0,4,1604.16,1393.22,0,391,313,50,1393.22,-0.818997,0.0493907,10.6809,4.5,-93,-86.8191,1.27356,11.7585,0
58,2055,5,5,26.9092,831.742,614.401,0,0,4,431.694,924.009,0,391,313,50,924.009,24.2877,26.9092,35.2404,31.0226,-66.4774,-62.2596,1.27356,11.7585,0
58,2056,5,5,5.26451,2158.66,1904.3,0,0,4,1002,2115.93,0,391,313,50,2115.93,4.50858,5.26451,12.5541,10.925,-86.575,-84.9459,1.27356,11.7585,0
58,2057,5,5,4.43492,2304.16,2007.71,0,0,4,1831.2,1710.93,0,391,313,50,1710.93,-0.565374,4.43492,12.8683,7.47026,-90.0297,-84.6317,1.27356,11.7585,0
58,2058,5,5,16.279,1608.8,1374.77,0,0,4,681.041,1655.89,0,391,313,50,1655.89,13.6109,16.279,24.2523,21.5842,-75.9158,-73.2477,1.27356,11.7585,0
58,2049,5,5,9.66682,2286.78,2286.78,0,0,4,1968.84,1529.01,0,156,136,50,1529.01,9.66682,9.66682,16.9758,16.9758,-80.5242,-80.5242,1.27356,11.7585,0
58,2051,5,5,20.2306,1389.57,1389.57,0,0,4,826.157,1352.26,0,156,136,50,1352.26,20.2306,20.2306,28.9189,28.9189,-68.5811,-68.5811,1.27356,11.7585,0
58,2052,5,5,11.003,1689.87,1689.87,0,0,4,925.538,1639.65,0,156,136,50,1639.65,11.003,11.003,18.6494,18.6494,-78.8506,-78.8506,1.27356,11.7585,0
58,2053,5,5,9.18151,2282.96,2282.96,0,0,4,1828.77,1688.82,0,156,136,50,1688.82,9.18151,9.18151,17.7725,17.7725,-79.7275,-79.7275,1.27356,11.7585,0
58,2054,5,5,-2.76611,1918.41,1918.41,0,0,4,1604.16,1393.22,0,156,136,50,1393.22,-2.76611,-2.76611,7.86537,7.86537,-89.6346,-89.6346,1.27356,11.7585,0
58,2055,5,5,21.6752,836.341,836.341,0,0,4,431.694,924.009,0,156,136,50,924.009,21.6752,21.6752,30.0063,30.0063,-67.4937,-67.4937,1.27356,11.7585,0
58,2056,5,5,3.17589,2153.68,2153.68,0,0,4,1002,2115.93,0,156,136,50,2115.93,3.17589,3.17589,10.4655,10.4655,-87.0345,-87.0345,1.27356,11.7585,0
58,2057,5,5,2.12941,2299.83,2299.83,0,0,4,1831.2,1710.93,0,156,136,50,1710.93,2.12941,2.12941,10.5628,10.5628,-86.9372,-86.9372,1.27356,11.7585,0
58,2058,5,5,13.6109,1608.8,1608.8,0,0,4,681.041,1655.89,0,156,136,50,1655.89,13.6109,13.6109,21.5842,21.5842,-75.9158,-75.9158,1.27356,11.7585,0
59,2049,5,5,13.1953,2286.78,2285.35,0,0,4,1972.31,1522.13,0,156,136,50,1522.13,9.66682,13.1953,21.6337,16.9758,-80.5242,-75.8663,1.27356,11.7585,0
59,2051,5,5,14.527,1389.57,1397.48,0,0,4,829.855,1359.26,0,156,136,50,1359.26,20.2306,14.527,21.0567,28.9189,-68.5811,-76.4433,1.27356,11.7585,0
59,2052,5,5,-1.36728,1689.87,1690.7,0,0,4,946.584,1629.64,0,156,136,50,1629.64,11.003,-1.36728,6.7466,18.6494,-78.8506,-90.7534,1.27356,11.7585,0
59,2053,5,5,-1.03806,2282.96,2274.24,0,0,1,1827.75,1677.08,0,156,136,50,1677.08,9.18151,-1.03806,5.50664,17.7725,-79.7275,-91.9934,1.27356,11.7585,0
59,2054,5,5,-0.291192,1918.41,1918.42,0,0,4,1604.17,1393.23,0,156,136,50,1393.23,-2.76611,-0.291192,7.73879,7.86537,-89.6346,-89.7612,1.27356,11.7585,0
59,2055,5,5,24.783,836.341,840.974,0,0,1,428.965,929.869,0,156,136,50,929.869,21.6752,24.783,33.0529,30.0063,-67.4937,-64.4471,1.27356,11.7585,0
59,2056,5,5,19.2629,2153.68,2141.56,0,0,4,1016.33,2096.51,0,156,136,50,2096.51,3.17589,19.2629,26.1842,10.4655,-87.0345,-71.3158,1.27356,11.7585,0
59,2057,5,5,4.50873,2299.83,2291.39,0,0,1,1829.76,1700.13,0,156,136,50,1700.13,2.12941,4.50873,10.7683,10.5628,-86.9372,-86.7317,1.27356,11.7585,0
59,2058,5,5,13.6109,1608.8,1608.8,0,0,4,681.041,1655.89,0,156,136,50,1655.89,13.6109,13.6109,21.5842,21.5842,-75.9158,-75.9158,1.27356,11.7585,0
59,2049,5,5,15.5334,2286.78,1991.24,0,0,2,1972.31,1522.13,0,391,313,50,1522.13,9.66682,15.5334,23.9718,16.9758,-80.5242,-73.5282,1.27356,11.7585,0
59,2051,5,5,18.0478,1389.57,1135.67,0,0,2,829.855,1359.26,0,391,313,50,1359.26,20.2306,18.0478,24.5775,28.9189,-68.5811,-72.9225,1.27356,11.7585,0
59,2052,5,5,1.47585,1689.87,1429.93,0,0,2,946.584,1629.64,0,391,313,50,1629.64,11.003,1.47585,9.58974,18.6494,-78.8506,-87.9103,1.27356,11.7585,0
59,2053,5,5,1.29817,2282.96,1981.78,0,0,2,1827.75,1677.08,0,391,313,50,1677.08,9.18151,1.29817,7.84286,17.7725,-79.7275,-89.6571,1.27356,11.7585,0
59,2054,5,5,2.52429,1918.41,1625.17,0,0,2,1604.17,1393.23,0,391,313,50,1393.23,-2.76611,2.52429,10.5543,7.86537,-89.6346,-86.9457,1.27356,11.7585,0
59,2055,5,5,29.9554,836.341,620.055,0,0,2,428.965,929.869,0,391,313,50,929.869,21.6752,29.9554,38.2253,30.0063,-67.4937,-59.2747,1.27356,11.7585,0
59,2056,5,5,21.3781,2153.68,1890.62,0,0,2,1016.33,2096.51,0,391,313,50,2096.51,3.17589,21.3781,28.2994,10.4655,-87.0345,-69.2006,1.27356,11.7585,0
59,2057,5,5,6.82425,2299.83,1999.16,0,0,2,1829.76,1700.13,0,391,313,50,1700.13,2.12941,6.82425,13.0838,10.5628,-86.9372,-84.4162,1.27356,11.7585,0
59,2058,5,5,16.279,1608.8,1374.77,0,0,2,681.041,1655.89,0,391,313,50,1655.89,13.6109,16.279,24.2523,21.5842,-75.9158,-73.2477,1.27356,11.7585,0
59,2049,5,5,13.1953,2286.78,2285.35,0,0,2,1972.31,1522.13,0,156,136,50,1522.13,9.66682,13.1953,21.6337,16.9758,-80.5242,-75.8663,1.27356,11.7585,0
59,2051,5,5,14.527,1389.57,1397.48,0,0,2,829.855,1359.26,0,156,136,50,1359.26,20.2306,14.527,21.0567,28.9189,-68.5811,-76.4433,1.27356,11.7585,0
59,2052,5,5,-1.36728,1689.87,1690.7,0,0,2,946.584,1629.64,0,156,136,50,1629.64,11.003,-1.36728,6.7466,18.6494,-78.8506,-90.7534,1.27356,11.7585,0
59,2053,5,5,-1.03806,2282.96,2274.24,0,0,2,1827.75,1677.08,0,156,136,50,1677.08,9.18151,-1.03806,5.50664,17.7725,-79.7275,-91.9934,1.27356,11.7585,0
59,2054,5,5,-0.291192,1918.41,1918.42,0,0,2,1604.17,1393.23,0,156,136,50,1393.23,-2.76611,-0.291192,7.73879,7.86537,-89.6346,-89.7612,1.27356,11.7585,0
59,2055,5,5,24.783,836.341,840.974,0,0,2,428.965,929.869,0,156,136,50,929.869,21.6752,24.783,33.0529,30.0063,-67.4937,-64.4471,1.27356,11.7585,0
59,2056,5,5,19.2629,2153.68,2141.56,0,0,2,1016.33,2096.51,0,156,136,50,2096.51,3.17589,19.2629,26.1842,10.4655,-87.0345,-71.3158,1.27356,11.7585,0
59,2057,5,5,4.50873,2299.83,2291.39,0,0,2,1829.76,1700.13,0,156,136,50,1700.13,2.12941,4.50873,10.7683,10.5628,-86.9372,-86.7317,1.27356,11.7585,0
59,2058,5,5,13.6109,1608.8,1608.8,0,0,2,681.041,1655.89,0,156,136,50,1655.89,13.6109,13.6109,21.5842,21.5842,-75.9158,-75.9158,1.27356,11.7585,0
59,2049,5,5,15.5334,2286.78,1991.24,0,0,4,1972.31,1522.13,0,391,313,50,1522.13,9.66682,15.5334,23.9718,16.9758,-80.5242,-73.5282,1.27356,11.7585,0
59,2051,5,5,18.0478,1389.57,1135.67,0,0,4,829.855,1359.26,0,391,313,50,1359.26,20.2306,18.0478,24.5775,28.9189,-68.5811,-72.9225,1.27356,11.7585,0
59,2052,5,5,1.47585,1689.87,1429.93,0,0,4,946.584,1629.64,0,391,313,50,1629.64,11.003,1.47585,9.58974,18.6494,-78.8506,-87.9103,1.27356,11.7585,0
59,2053,5,5,1.29817,2282.96,1981.78,0,0,4,1827.75,1677.08,0,391,313,50,1677.08,9.18151,1.29817,7.84286,17.7725,-79.7275,-89.6571,1.27356,11.7585,0
59,2054,5,5,2.52429,1918.41,1625.17,0,0,4,1604.17,1393.23,0,391,313,50,1393.23,-2.76611,2.52429,10.5543,7.86537,-89.6346,-86.9457,1.27356,11.7585,0
59,2055,5,5,29.9554,836.341,620.055,0,0,4,428.965,929.869,0,391,313,50,929.869,21.6752,29.9554,38.2253,30.0063,-67.4937,-59.2747,1.27356,11.7585,0
59,2056,5,5,21.3781,2153.68,1890.62,0,0,4,1016.33,2096.51,0,391,313,50,2096.51,3.17589,21.3781,28.2994,10.4655,-87.0345,-69.2006,1.27356,11.7585,0
59,2057,5,5,6.82425,2299.83,1999.16,0,0,4,1829.76,1700.13,0,391,313,50,1700.13,2.12941,6.82425,13.0838,10.5628,-86.9372,-84.4162,1.27356,11.7585,0
59,2058,5,5,16.279,1608.8,1374.77,0,0,4,681.041,1655.89,0,391,313,50,1655.89,13.6109,16.279,24.2523,21.5842,-75.9158,-73.2477,1.27356,11.7585,0
59,2049,5,5,13.1953,2285.35,2285.35,0,0,4,1972.31,1522.13,0,156,136,50,1522.13,13.1953,13.1953,21.6337,21.6337,-75.8663,-75.8663,1.27356,11.7585,0
59,2051,5,5,14.527,1397.48,1397.48,0,0,4,829.855,1359.26,0,156,136,50,1359.26,14.527,14.527,21.0567,21.0567,-76.4433,-76.4433,1.27356,11.7585,0
59,2052,5,5,-1.36728,1690.7,1690.7,0,0,4,946.584,1629.64,0,156,136,50,1629.64,-1.36728,-1.36728,6.7466,6.7466,-90.7534,-90.7534,1.27356,11.7585,0
59,2053,5,5,-1.03806,2274.24,2274.24,0,0,4,1827.75,1677.08,0,156,136,50,1677.08,-1.03806,-1.03806,5.50664,5.50664,-91.9934,-91.9934,1.27356,11.7585,0
59,2054,5,5,-0.291192,1918.42,1918.42,0,0,4,1604.17,1393.23,0,156,136,50,1393.23,-0.291192,-0.291192,7.73879,7.73879,-89.7612,-89.7612,1.27356,11.7585,0
59,2055,5,5,24.783,840.974,840.974,0,0,4,428.965,929.869,0,156,136,50,929.869,24.783,24.783,33.0529,33.0529,-64.4471,-64.4471,1.27356,11.7585,0
59,2056,5,5,19.2629,2141.56,2141.56,0,0,4,1016.33,2096.51,0,156,136,50,2096.51,19.2629,19.2629,26.1842,26.1842,-71.3158,-71.3158,1.27356,11.7585,0
59,2057,5,5,4.50873,2291.39,2291.39,0,0,4,1829.76,1700.13,0,156,136,50,1700.13,4.50873,4.50873,10.7683,10.7683,-86.7317,-86.7317,1.27356,11.7585,0
59,2058,5,5,13.6109,1608.8,1608.8,0,0,4,681.041,1655.89,0,156,136,50,1655.89,13.6109,13.6109,21.5842,21.5842,-75.9158,-75.9158,1.27356,11.7585,0
60,2049,5,5,12.2017,2285.35,2283.95,0,0,1,1975.78,1515.24,0,156,136,50,1515.24,13.1953,12.2017,20.9193,21.6337,-75.8663,-76.5807,1.27356,14.9634,0
60,2051,5,5,20.0719,1397.48,1405.38,0,0,1,833.548,1366.25,0,156,136,50,1366.25,14.527,20.0719,27.7901,21.0567,-76.4433,-69.7099,1.27356,14.9634,0
60,2052,5,5,16.9841,1690.7,1691.64,0,0,1,957.874,1624.67,0,156,136,50,1624.67,-1.36728,16.9841,23.616,6.7466,-90.7534,-73.884,1.27356,14.9634,0
60,2053,5,5,8.44063,2274.24,2266.26,0,0,5,1826.69,1666.43,0,156,136,50,1666.43,-1.03806,8.44063,16.0773,5.50664,-91.9934,-81.4227,1.27356,14.9634,0
60,2054,5,5,-0.291192,1918.42,1918.42,0,0,4,1604.17,1393.23,0,156,136,50,1393.23,-0.291192,-0.291192,7.73879,7.73879,-89.7612,-89.7612,1.27356,14.9634,0
60,2055,5,5,28.1841,840.974,845.618,0,0,5,426.245,935.71,0,156,136,50,935.71,24.783,28.1841,34.206,33.0529,-64.4471,-63.294,1.27356,14.9634,0
60,2056,5,5,5.30774,2141.56,2137.17,0,0,5,1021.7,2089.34,0,156,136,50,2089.34,19.2629,5.30774,13.2993,26.1842,-71.3158,-84.2007,1.27356,14.9634,0
60,2057,5,5,10.1883,2291.39,2282.02,0,0,1,1828.66,1687.56,0,156,136,50,1687.56,4.50873,10.1883,17.9,10.7683,-86.7317,-79.6,1.27356,14.9634,0
60,2058,5,5,13.6109,1608.8,1608.8,0,0,4,681.041,1655.89,0,156,136,50,1655.89,13.6109,13.6109,21.5842,21.5842,-75.9158,-75.9158,1.27356,14.9634,0
60,2049,5,5,14.5414,2285.35,1989.83,0,0,2,1975.78,1515.24,0,391,313,50,1515.24,13.1953,14.5414,23.2591,21.6337,-75.8663,-74.2409,1.27356,14.9634,0
60,2051,5,5,23.5712,1397.48,1143.54,0,0,2,833.548,1366.25,0,391,313,50,1366.25,14.527,23.5712,31.2894,21.0567,-76.4433,-66.2106,1.27356,14.9634,0
60,2052,5,5,19.8382,1690.7,1429.8,0,0,2,957.874,1624.67,0,391,313,50,1624.67,-1.36728,19.8382,26.4701,6.7466,-90.7534,-71.0299,1.27356,14.9634,0
60,2053,5,5,10.7866,2274.24,1973.7,0,0,2,1826.69,1666.43,0,391,313,50,1666.43,-1.03806,10.7866,18.4233,5.50664,-91.9934,-79.0767,1.27356,14.9634,0
60,2054,5,5,2.52429,1918.42,1625.17,0,0,2,1604.17,1393.23,0,391,313,50,1393.23,-0.291192,2.52429,10.5543,7.73879,-89.7612,-86.9457,1.27356,14.9634,0
60,2055,5,5,33.2958,840.974,625.708,0,0,2,426.245,935.71,0,391,313,50,935.71,24.783,33.2958,39.3178,33.0529,-64.4471,-58.1822,1.27356,14.9634,0
60,2056,5,5,7.43281,2141.56,1885.65,0,0,2,1021.7,2089.34,0,391,313,50,2089.34,19.2629,7.43281,15.4243,26.1842,-71.3158,-82.0757,1.27356,14.9634,0
60,2057,5,5,12.5151,2291.39,1989.67,0,0,2,1828.66,1687.56,0,391,313,50,1687.56,4.50873,12.5151,20.2268,10.7683,-86.7317,-77.2732,1.27356,14.9634,0
60,2058,5,5,16.279,1608.8,1374.77,0,0,2,681.041,1655.89,0,391,313,50,1655.89,13.6109,16.279,24.2523,21.5842,-75.9158,-73.2477,1.27356,14.9634,0
60,2049,5,5,12.2017,2285.35,2283.95,0,0,2,1975.78,1515.24,0,156,136,50,1515.24,13.1953,12.2017,20.9193,21.6337,-75.8663,-76.5807,1.27356,14.9634,0
60,2051,5,5,20.0719,1397.48,1405.38,0,0,2,833.548,1366.25,0,156,136,50,1366.25,14.527,20.0719,27.7901,21.0567,-76.4433,-69.7099,1.27356,14.9634,0
60,2052,5,5,16.9841,1690.7,1691.64,0,0,2,957.874,1624.67,0,156,136,50,1624.67,-1.36728,16.9841,23.616,6.7466,-90.7534,-73.884,1.27356,14.9634,0
60,2053,5,5,8.44063,2274.24,2266.26,0,0,2,1826.69,1666.43,0,156,136,50,1666.43,-1.03806,8.44063,16.0773,5.50664,-91.9934,-81.4227,1.27356,14.9634,0
60,2054,5,5,-0.291192,1918.42,1918.42,0,0,2,1604.17,1393.23,0,156,136,50,1393.23,-0.291192,-0.291192,7.73879,7.73879,-89.7612,-89.7612,1.27356,14.9634,0
60,2055,5,5,28.1841,840.974,845.618,0,0,2,426.245,935.71,0,156,136,50,935.71,24.783,28.1841,34.206,33.0529,-64.4471,-63.294,1.27356,14.9634,0
60,2056,5,5,5.30774,2141.56,2137.17,0,0,2,1021.7,2089.34,0,156,136,50,2089.34,19.2629,5.30774,13.2993,26.1842,-71.3158,-84.2007,1.27356,14.9634,0
60,2057,5,5,10.1883,2291.39,2282.02,0,0,2,1828.66,1687.56,0,156,136,50,1687.56,4.50873,10.1883,17.9,10.7683,-86.7317,-79.6,1.27356,14.9634,0
60,2058,5,5,13.6109,1608.8,1608.8,0,0,2,681.041,1655.89,0,156,136,50,1655.89,13.6109,13.6109,21.5842,21.5842,-75.9158,-75.9158,1.27356,14.9634,0
60,2049,5,5,14.5414,2285.35,1989.83,0,0,4,1975.78,1515.24,0,391,313,50,1515.24,13.1953,14.5414,23.2591,21.6337,-75.8663,-74.2409,1.27356,14.9634,0
60,2051,5,5,23.5712,1397.48,1143.54,0,0,4,833.548,1366.25,0,391,313,50,1366.25,14.527,23.5712,31.2894,21.0567,-76.4433,-66.2106,1.27356,14.9634,0
60,2052,5,5,19.8382,1690.7,1429.8,0,0,4,957.874,1624.67,0,391,313,50,1624.67,-1.36728,19.8382,26.4701,6.7466,-90.7534,-71.0299,1.27356,14.9634,0
60,2053,5,5,10.7866,2274.24,1973.7,0,0,4,1826.69,1666.43,0,391,313,50,1666.43,-1.03806,10.7866,18.4233,5.50664,-91.9934,-79.0767,1.27356,14.9634,0
60,2054,5,5,2.52429,1918.42,1625.17,0,0,4,1604.17,1393.23,0,391,313,50,1393.23,-0.291192,2.52429,10.5543,7.73879,-89.7612,-86.9457,1.27356,14.9634,0
60,2055,5,5,33.2958,840.974,625.708,0,0,4,426.245,935.71,0,391,313,50,935.71,24.783,33.2958,39.3178,33.0529,-64.4471,-58.1822,1.27356,14.9634,0
60,2056,5,5,7.43281,2141.56,1885.65,0,0,4,1021.7,2089.34,0,391,313,50,2089.34,19.2629,7.43281,15.4243,26.1842,-71.3158,-82.0757,1.27356,14.9634,0
60,2057,5,5,12.5151,2291.39,1989.67,0,0,4,1828.66,1687.56,0,391,313,50,1687.56,4.50873,12.5151,20.2268,10.7683,-86.7317,-77.2732,1.27356,14.9634,0
60,2058,5,5,16.279,1608.8,1374.77,0,0,4,681.041,1655.89,0,391,313,50,1655.89,13.6109,16.279,24.2523,21.5842,-75.9158,-73.2477,1.27356,14.9634,0
60,2049,5,5,12.2017,2283.95,2283.95,0,0,4,1975.78,1515.24,0,156,136,50,1515.24,12.2017,12.2017,20.9193,20.9193,-76.5807,-76.5807,1.27356,14.9634,0
60,2051,5,5,20.0719,1405.38,1405.38,0,0,4,833.548,1366.25,0,156,136,50,1366.25,20.0719,20.0719,27.7901,27.7901,-69.7099,-69.7099,1.27356,14.9634,0
60,2052,5,5,16.9841,1691.64,1691.64,0,0,4,957.874,1624.67,0,156,136,50,1624.67,16.9841,16.9841,23.616,23.616,-73.884,-73.884,1.27356,14.9634,0
60,2053,5,5,8.44063,2266.26,2266.26,0,0,4,1826.69,1666.43,0,156,136,50,1666.43,8.44063,8.44063,16.0773,16.0773,-81.4227,-81.4227,1.27356,14.9634,0
60,2054,5,5,-0.291192,1918.42,1918.42,0,0,4,1604.17,1393.23,0,156,136,50,1393.23,-0.291192,-0.291192,7.73879,7.73879,-89.7612,-89.7612,1.27356,14.9634,0
60,2055,5,5,28.1841,845.618,845.618,0,0,4,426.245,935.71,0,156,136,50,935.71,28.1841,28.1841,34.206,34.206,-63.294,-63.294,1.27356,14.9634,0
60,2056,5,5,5.30774,2137.17,2137.17,0,0,4,1021.7,2089.34,0,156,136,50,2089.34,5.30774,5.30774,13.2993,13.2993,-84.2007,-84.2007,1.27356,14.9634,0
60,2057,5,5,10.1883,2282.02,2282.02,0,0,4,1828.66,1687.56,0,156,136,50,1687.56,10.1883,10.1883,17.9,17.9,-79.6,-79.6,1.27356,14.9634,0
60,2058,5,5,13.6109,1608.8,1608.8,0,0,4,681.041,1655.89,0,156,136,50,1655.89,13.6109,13.6109,21.5842,21.5842,-75.9158,-75.9158,1.27356,14.9634,0
61,2049,5,5,9.53724,2283.95,2280.69,0,0,4,1984.03,1498.85,0,156,136,50,1498.85,12.2017,9.53724,16.6014,20.9193,-76.5807,-80.8986,1.27356,14.9634,0
61,2051,5,5,21.003,1405.38,1413.27,0,0,4,837.241,1373.24,0,156,136,50,1373.24,20.0719,21.003,28.3518,27.7901,-69.7099,-69.1482,1.27356,14.9634,0
61,2052,5,5,11.2856,1691.64,1692.67,0,0,4,969.186,1619.7,0,156,136,50,1619.7,16.9841,11.2856,16.5521,23.616,-73.884,-80.9479,1.27356,14.9634,0
61,2053,5,5,-7.98248,2266.26,2258.38,0,0,1,1825.74,1655.78,0,156,136,50,1655.78,8.44063,-7.98248,0.0169071,16.0773,-81.4227,-97.4831,1.27356,14.9634,0
61,2054,5,5,-0.291192,1918.42,1918.42,0,0,4,1604.17,1393.23,0,156,136,50,1393.23,-0.291192,-0.291192,7.73879,7.73879,-89.7612,-89.7612,1.27356,14.9634,0
61,2055,5,5,15.2023,845.618,850.304,0,0,1,423.513,941.577,0,156,136,50,941.577,28.1841,15.2023,22.2833,34.206,-63.294,-75.2167,1.27356,14.9634,0
61,2056,5,5,7.85501,2137.17,2132.8,0,0,4,1027.06,2082.17,0,156,136,50,2082.17,5.30774,7.85501,14.8815,13.2993,-84.2007,-82.6185,1.27356,14.9634,0
61,2057,5,5,6.59962,2282.02,2272.93,0,0,1,1827.57,1675.34,0,156,136,50,1675.34,10.1883,6.59962,14.8437,17.9,-79.6,-82.6563,1.27356,14.9634,0
61,2058,5,5,13.6109,1608.8,1608.8,0,0,4,681.041,1655.89,0,156,136,50,1655.89,13.6109,13.6109,21.5842,21.5842,-75.9158,-75.9158,1.27356,14.9634,0
61,2049,5,5,11.8805,2283.95,1986.58,0,0,2,1984.03,1498.85,0,391,313,50,1498.85,12.2017,11.8805,18.9447,20.9193,-76.5807,-78.5553,1.27356,14.9634,0
61,2051,5,5,24.4811,1405.38,1151.4,0,0,2,837.241,1373.24,0,391,313,50,1373.24,20.0719,24.4811,31.8299,27.7901,-69.7099,-65.6701,1.27356,14.9634,0
61,2052,5,5,14.1504,1691.64,1429.78,0,0,2,969.186,1619.7,0,391,313,50,1619.7,16.9841,14.1504,19.4169,23.616,-73.884,-78.0831,1.27356,14.9634,0
61,2053,5,5,-5.62691,2266.26,1965.72,0,0,2,1825.74,1655.78,0,391,313,50,1655.78,8.44063,-5.62691,2.37248,16.0773,-81.4227,-95.1275,1.27356,14.9634,0
61,2054,5,5,2.52429,1918.42,1625.17,0,0,2,1604.17,1393.23,0,391,313,50,1393.23,-0.291192,2.52429,10.5543,7.73879,-89.7612,-86.9457,1.27356,14.9634,0
61,2055,5,5,20.2541,845.618,631.4,0,0,2,423.513,941.577,0,391,313,50,941.577,28.1841,20.2541,27.3352,34.206,-63.294,-70.1648,1.27356,14.9634,0
61,2056,5,5,9.98994,2137.17,1880.7,0,0,2,1027.06,2082.17,0,391,313,50,2082.17,5.30774,9.98994,17.0165,13.2993,-84.2007,-80.4835,1.27356,14.9634,0
61,2057,5,5,8.93744,2282.02,1980.46,0,0,2,1827.57,1675.34,0,391,313,50,1675.34,10.1883,8.93744,17.1815,17.9,-79.6,-80.3185,1.27356,14.9634,0
61,2058,5,5,16.279,1608.8,1374.77,0,0,2,681.041,1655.89,0,391,313,50,1655.89,13.6109,16.279,24.2523,21.5842,-75.9158,-73.2477,1.27356,14.9634,0
61,2049,5,5,9.53724,2283.95,2280.69,0,0,2,1984.03,1498.85,0,156,136,50,1498.85,12.2017,9.53724,16.6014,20.9193,-76.5807,-80.8986,1.27356,14.9634,0
61,2051,5,5,21.003,1405.38,1413.27,0,0,2,837.241,1373.24,0,156,136,50,1373.24,20.0719,21.003,28.3518,27.7901,-69.7099,-69.1482,1.27356,14.9634,0
61,2052,5,5,11.2856,1691.64,1692.67,0,0,2,969.186,1619.7,0,156,136,50,1619.7,16.9841,11.2856,16.5521,23.616,-73.884,-80.9479,1.27356,14.9634,0
61,2053,5,5,-7.98248,2266.26,2258.38,0,0,2,1825.74,1655.78,0,156,136,50,1655.78,8.44063,-7.98248,0.0169071,16.0773,-81.4227,-97.4831,1.27356,14.9634,0
61,2054,5,5,-0.291192,1918.42,1918.42,0,0,2,1604.17,1393.23,0,156,136,50,1393.23,-0.291192,-0.291192,7.73879,7.73879,-89.7612,-89.7612,1.27356,14.9634,0
61,2055,5,5,15.2023,845.618,850.304,0,0,2,423.513,941.577,0,156,136,50,941.577,28.1841,15.2023,22.2833,34.206,-63.294,-75.2167,1.27356,14.9634,0
61,2056,5,5,7.85501,2137.17,2132.8,0,0,2,1027.06,2082.17,0,156,136,50,2082.17,5.30774,7.85501,14.8815,13.2993,-84.2007,-82.6185,1.27356,14.9634,0
61,2057,5,5,6.59962,2282.02,2272.93,0,0,2,1827.57,1675.34,0,156,136,50,1675.34,10.1883,6.59962,14.8437,17.9,-79.6,-82.6563,1.27356,14.9634,0
61,2058,5,5,13.6109,1608.8,1608.8,0,0,2,681.041,1655.89,0,156,136,50,1655.89,13.6109,13.6109,21.5842,21.5842,-75.9158,-75.9158,1.27356,14.9634,0
61,2049,5,5,11.8805,2283.95,1986.58,0,0,4,1984.03,1498.85,0,391,313,50,1498.85,12.2017,11.8805,18.9447,20.9193,-76.5807,-78.5553,1.27356,14.9634,0
61,2051,5,5,24.4811,1405.38,1151.4,0,0,4,837.241,1373.24,0,391,313,50,1373.24,20.0719,24.4811,31.8299,27.7901,-69.7099,-65.6701,1.27356,14.9634,0
61,2052,5,5,14.1504,1691.64,1429.78,0,0,4,969.186,1619.7,0,391,313,50,1619.7,16.9841,14.1504,19.4169,23.616,-73.884,-78.0831,1.27356,14.9634,0
61,2053,5,5,-5.62691,2266.26,1965.72,0,0,4,1825.74,1655.78,0,391,313,50,1655.78,8.44063,-5.62691,2.37248,16.0773,-81.4227,-95.1275,1.27356,14.9634,0
61,2054,5,5,2.52429,1918.42,1625.17,0,0,4,1604.17,1393.23,0,391,313,50,1393.23,-0.291192,2.52429,10.5543,7.73879,-89.7612,-86.9457,1.27356,14.9634,0
61,2055,5,5,20.2541,845.618,631.4,0,0,4,423.513,941.577,0,391,313,50,941.577,28.1841,20.2541,27.3352,34.206,-63.294,-70.1648,1.27356,14.9634,0
61,2056,5,5,9.98994,2137.17,1880.7,0,0,4,1027.06,2082.17,0,391,313,50,2082.17,5.30774,9.98994,17.0165,13.2993,-84.2007,-80.4835,1.27356,14.9634,0
61,2057,5,5,8.93744,2282.02,1980.46,0,0,4,1827.57,1675.34,0,391,313,50,1675.34,10.1883,8.93744,17.1815,17.9,-79.6,-80.3185,1.27356,14.9634,0
61,2058,5,5,16.279,1608.8,1374.77,0,0,4,681.041,1655.89,0,391,313,50,1655.89,13.6109,16.279,24.2523,21.5842,-75.9158,-73.2477,1.27356,14.9634,0
61,2049,5,5,9.53724,2280.69,2280.69,0,0,4,1984.03,1498.85,0,156,136,50,1498.85,9.53724,9.53724,16.6014,16.6014,-80.8986,-80.8986,1.27356,14.9634,0
61,2051,5,5,21.003,1413.27,1413.27,0,0,4,837.241,1373.24,0,156,136,50,1373.24,21.003,21.003,28.3518,28.3518,-69.1482,-69.1482,1.27356,14.9634,0
61,2052,5,5,11.2856,1692.67,1692.67,0,0,4,969.186,1619.7,0,156,136,50,1619.7,11.2856,11.2856,16.5521,16.5521,-80.9479,-80.9479,1.27356,14.9634,0
61,2053,5,5,-7.98248,2258.38,2258.38,0,0,4,1825.74,1655.78,0,156,136,50,1655.78,-7.98248,-7.98248,0.0169071,0.0169071,-97.4831,-97.4831,1.27356,14.9634,0
61,2054,5,5,-0.291192,1918.42,1918.42,0,0,4,1604.17,1393.23,0,156,136,50,1393.23,-0.291192,-0.291192,7.73879,7.73879,-89.7612,-89.7612,1.27356,14.9634,0
61,2055,5,5,15.2023,850.304,850.304,0,0,4,423.513,941.577,0,156,136,50,941.577,15.2023,15.2023,22.2833,22.2833,-75.2167,-75.2167,1.27356,14.9634,0
61,2056,5,5,7.85501,2132.8,2132.8,0,0,4,1027.06,2082.17,0,156,136,50,2082.17,7.85501,7.85501,14.8815,14.8815,-82.6185,-82.6185,1.27356,14.9634,0
61,2057,5,5,6.59962,2272.93,2272.93,0,0,4,1827.57,1675.34,0,156,136,50,1675.34,6.59962,6.59962,14.8437,14.8437,-82.6563,-82.6563,1.27356,14.9634,0
61,2058,5,5,13.6109,1608.8,1608.8,0,0,4,681.041,1655.89,0,156,136,50,1655.89,13.6109,13.6109,21.5842,21.5842,-75.9158,-75.9158,1.27356,14.9634,0
62,2049,5,5,5.90592,2280.69,2279.81,0,0,4,1986.09,1494.6,0,156,136,50,1494.6,9.53724,5.90592,14.054,16.6014,-80.8986,-83.446,1.27356,14.9634,0
62,2051,5,5,18.7953,1413.27,1421.16,0,0,4,840.93,1380.22,0,156,136,50,1380.22,21.003,18.7953,26.1012,28.3518,-69.1482,-71.3988,1.27356,14.9634,0
62,2052,5,5,15.8428,1692.67,1693.79,0,0,4,980.49,1614.73,0,156,136,50,1614.73,11.2856,15.8428,23.6427,16.5521,-80.9479,-73.8573,1.27356,14.9634,0
62,2053,5,5,7.19279,2258.38,2244,0,0,5,1824,1636.27,0,156,136,50,1636.27,-7.98248,7.19279,13.0996,0.0169071,-97.4831,-84.4004,1.27356,14.9634,0
62,2054,5,5,-0.291192,1918.42,1918.42,0,0,4,1604.17,1393.23,0,156,136,50,1393.23,-0.291192,-0.291192,7.73879,7.73879,-89.7612,-89.7612,1.27356,14.9634,0
62,2055,5,5,15.8815,850.304,859.852,0,0,5,417.726,953.524,0,156,136,50,953.524,15.2023,15.8815,24.0699,22.2833,-75.2167,-73.4301,1.27356,14.9634,0
62,2056,5,5,6.96029,2132.8,2128.46,0,0,4,1032.44,2074.99,0,156,136,50,2074.99,7.85501,6.96029,15.6621,14.8815,-82.6185,-81.8379,1.27356,14.9634,0
62,2057,5,5,6.94077,2272.93,2264.57,0,0,1,1826.47,1664.17,0,156,136,50,1664.17,6.59962,6.94077,17.9068,14.8437,-82.6563,-79.5932,1.27356,14.9634,0
62,2058,5,5,13.6109,1608.8,1608.8,0,0,4,681.041,1655.89,0,156,136,50,1655.89,13.6109,13.6109,21.5842,21.5842,-75.9158,-75.9158,1.27356,14.9634,0
62,2049,5,5,8.25014,2280.69,1985.7,0,0,2,1986.09,1494.6,0,391,313,50,1494.6,9.53724,8.25014,16.3982,16.6014,-80.8986,-81.1018,1.27356,14.9634,0
62,2051,5,5,22.2524,1413.27,1159.26,0,0,2,840.93,1380.22,0,391,313,50,1380.22,21.003,22.2524,29.5583,28.3518,-69.1482,-67.9417,1.27356,14.9634,0
62,2052,5,5,18.7178,1692.67,1429.86,0,0,2,980.49,1614.73,0,391,313,50,1614.73,11.2856,18.7178,26.5177,16.5521,-80.9479,-70.9823,1.27356,14.9634,0
62,2053,5,5,9.56609,2258.38,1951.16,0,0,2,1824,1636.27,0,391,313,50,1636.27,-7.98248,9.56609,15.4729,0.0169071,-97.4831,-82.0271,1.27356,14.9634,0
62,2054,5,5,2.52429,1918.42,1625.17,0,0,2,1604.17,1393.23,0,391,313,50,1393.23,-0.291192,2.52429,10.5543,7.73879,-89.7612,-86.9457,1.27356,14.9634,0
62,2055,5,5,20.8132,850.304,643.028,0,0,2,417.726,953.524,0,391,313,50,953.524,15.2023,20.8132,29.0016,22.2833,-75.2167,-68.4984,1.27356,14.9634,0
62,2056,5,5,9.1051,2132.8,1875.78,0,0,2,1032.44,2074.99,0,391,313,50,2074.99,7.85501,9.1051,17.8069,14.8815,-82.6185,-79.6931,1.27356,14.9634,0
62,2057,5,5,9.28876,2272.93,1971.98,0,0,2,1826.47,1664.17,0,391,313,50,1664.17,6.59962,9.28876,20.2548,14.8437,-82.6563,-77.2452,1.27356,14.9634,0
62,2058,5,5,16.279,1608.8,1374.77,0,0,2,681.041,1655.89,0,391,313,50,1655.89,13.6109,16.279,24.2523,21.5842,-75.9158,-73.2477,1.27356,14.9634,0
62,2049,5,5,5.90592,2280.69,2279.81,0,0,2,1986.09,1494.6,0,156,136,50,1494.6,9.53724,5.90592,14.054,16.6014,-80.8986,-83.446,1.27356,14.9634,0
62,2051,5,5,18.7953,1413.27,1421.16,0,0,2,840.93,1380.22,0,156,136,50,1380.22,21.003,18.7953,26.1012,28.3518,-69.1482,-71.3988,1.27356,14.9634,0
62,2052,5,5,15.8428,1692.67,1693.79,0,0,2,980.49,1614.73,0,156,136,50,1614.73,11.2856,15.8428,23.6427,16.5521,-80.9479,-73.8573,1.27356,14.9634,0
62,2053,5,5,7.19279,2258.38,2244,0,0,2,1824,1636.27,0,156,136,50,1636.27,-7.98248,7.19279,13.0996,0.0169071,-97.4831,-84.4004,1.27356,14.9634,0
62,2054,5,5,-0.291192,1918.42,1918.42,0,0,2,1604.17,1393.23,0,156,136,50,1393.23,-0.291192,-0.291192,7.73879,7.73879,-89.7612,-89.7612,1.27356,14.9634,0
62,2055,5,5,15.8815,850.304,859.852,0,0,2,417.726,953.524,0,156,136,50,953.524,15.2023,15.8815,24.0699,22.2833,-75.2167,-73.4301,1.27356,14.9634,0
62,2056,5,5,6.96029,2132.8,2128.46,0,0,2,1032.44,2074.99,0,156,136,50,2074.99,7.85501,6.96029,15.6621,14.8815,-82.6185,-81.8379,1.27356,14.9634,0
62,2057,5,5,6.94077,2272.93,2264.57,0,0,2,1826.47,1664.17,0,156,136,50,1664.17,6.59962,6.94077,17.9068,14.8437,-82.6563,-79.5932,1.27356,14.9634,0
62,2058,5,5,13.6109,1608.8,1608.8,0,0,2,681.041,1655.89,0,156,136,50,1655.89,13.6109,13.6109,21.5842,21.5842,-75.9158,-75.9158,1.27356,14.9634,0
62,2049,5,5,8.25014,2280.69,1985.7,0,0,4,1986.09,1494.6,0,391,313,50,1494.6,9.53724,8.25014,16.3982,16.6014,-80.8986,-81.1018,1.27356,14.9634,0
62,2051,5,5,22.2524,1413.27,1159.26,0,0,4,840.93,1380.22,0,391,313,50,1380.22,21.003,22.2524,29.5583,28.3518,-69.1482,-67.9417,1.27356,14.9634,0
62,2052,5,5,18.7178,1692.67,1429.86,0,0,4,980.49,1614.73,0,391,313,50,1614.73,11.2856,18.7178,26.5177,16.5521,-80.9479,-70.9823,1.27356,14.9634,0
62,2053,5,5,9.56609,2258.38,1951.16,0,0,4,1824,1636.27,0,391,313,50,1636.27,-7.98248,9.56609,15.4729,0.0169071,-97.4831,-82.0271,1.27356,14.9634,0
62,2054,5,5,2.52429,1918.42,1625.17,0,0,4,1604.17,1393.23,0,391,313,50,1393.23,-0.291192,2.52429,10.5543,7.73879,-89.7612,-86.9457,1.27356,14.9634,0
62,2055,5,5,20.8132,850.304,643.028,0,0,4,417.726,953.524,0,391,313,50,953.524,15.2023,20.8132,29.0016,22.2833,-75.2167,-68.4984,1.27356,14.9634,0
62,2056,5,5,9.1051,2132.8,1875.78,0,0,4,1032.44,2074.99,0,391,313,50,2074.99,7.85501,9.1051,17.8069,14.8815,-82.6185,-79.6931,1.27356,14.9634,0
62,2057,5,5,9.28876,2272.93,1971.98,0,0,4,1826.47,1664.17,0,391,313,50,1664.17,6.59962,9.28876,20.2548,14.8437,-82.6563,-77.2452,1.27356,14.9634,0
62,2058,5,5,16.279,1608.8,1374.77,0,0,4,681.041,1655.89,0,391,313,50,1655.89,13.6109,16.279,24.2523,21.5842,-75.9158,-73.2477,1.27356,14.9634,0
62,2049,5,5,5.90592,2279.81,2279.81,0,0,4,1986.09,1494.6,0,156,136,50,1494.6,5.90592,5.90592,14.054,14.054,-83.446,-83.446,1.27356,14.9634,0
62,2051,5,5,18.7953,1421.16,1421.16,0,0,4,840.93,1380.22,0,156,136,50,1380.22,18.7953,18.7953,26.1012,26.1012,-71.3988,-71.3988,1.27356,14.9634,0
62,2052,5,5,15.8428,1693.79,1693.79,0,0,4,980.49,1614.73,0,156,136,50,1614.73,15.8428,15.8428,23.6427,23.6427,-73.8573,-73.8573,1.27356,14.9634,0
62,2053,5,5,7.19279,2244,2244,0,0,4,1824,1636.27,0,156,136,50,1636.27,7.19279,7.19279,13.0996,13.0996,-84.4004,-84.4004,1.27356,14.9634,0
62,2054,5,5,-0.291192,1918.42,1918.42,0,0,4,1604.17,1393.23,0,156,136,50,1393.23,-0.291192,-0.291192,7.73879,7.73879,-89.7612,-89.7612,1.27356,14.9634,0
62,2055,5,5,15.8815,859.852,859.852,0,0,4,417.726,953.524,0,156,136,50,953.524,15.8815,15.8815,24.0699,24.0699,-73.4301,-73.4301,1.27356,14.9634,0
62,2056,5,5,6.96029,2128.46,2128.46,0,0,4,1032.44,2074.99,0,156,136,50,2074.99,6.96029,6.96029,15.6621,15.6621,-81.8379,-81.8379,1.27356,14.9634,0
62,2057,5,5,6.94077,2264.57,2264.57,0,0,4,1826.47,1664.17,0,156,136,50,1664.17,6.94077,6.94077,17.9068,17.9068,-79.5932,-79.5932,1.27356,14.9634,0
62,2058,5,5,13.6109,1608.8,1608.8,0,0,4,681.041,1655.89,0,156,136,50,1655.89,13.6109,13.6109,21.5842,21.5842,-75.9158,-75.9158,1.27356,14.9634,0
63,2049,5,5,-5.40276,2279.81,2279,0,0,4,1987.63,1491.17,0,156,136,50,1491.17,5.90592,-5.40276,2.2871,14.054,-83.446,-95.2129,1.27356,14.9634,0
63,2051,5,5,16.4598,1421.16,1429.05,0,0,4,844.561,1387.22,0,156,136,50,1387.22,18.7953,16.4598,26.0539,26.1012,-71.3988,-71.4461,1.27356,14.9634,0
63,2052,5,5,13.796,1693.79,1695,0,0,4,991.796,1609.76,0,156,136,50,1609.76,15.8428,13.796,21.2773,23.6427,-73.8573,-76.2227,1.27356,14.9634,0
63,2053,5,5,7.30983,2244,2237.71,0,0,1,1823.05,1627.9,0,156,136,50,1627.9,7.19279,7.30983,13.7536,13.0996,-84.4004,-83.7464,1.27356,14.9634,0
63,2054,5,5,-0.291192,1918.42,1918.42,0,0,4,1604.17,1393.23,0,156,136,50,1393.23,-0.291192,-0.291192,7.73879,7.73879,-89.7612,-89.7612,1.27356,14.9634,0
63,2055,5,5,11.9396,859.852,861.69,0,0,1,416.567,955.826,0,156,136,50,955.826,15.8815,11.9396,20.3158,24.0699,-73.4301,-77.1842,1.27356,14.9634,0
63,2056,5,5,11.459,2128.46,2124.15,0,0,4,1037.81,2067.81,0,156,136,50,2067.81,6.96029,11.459,18.0501,15.6621,-81.8379,-79.4499,1.27356,14.9634,0
63,2057,5,5,1.50607,2264.57,2256.43,0,0,1,1825.52,1653.13,0,156,136,50,1653.13,6.94077,1.50607,8.26916,17.9068,-79.5932,-89.2308,1.27356,14.9634,0
63,2058,5,5,13.6109,1608.8,1608.8,0,0,4,681.041,1655.89,0,156,136,50,1655.89,13.6109,13.6109,21.5842,21.5842,-75.9158,-75.9158,1.27356,14.9634,0
63,2049,5,5,-3.05768,2279.81,1984.9,0,0,2,1987.63,1491.17,0,391,313,50,1491.17,5.90592,-3.05768,4.63218,14.054,-83.446,-92.8678,1.27356,14.9634,0
63,2051,5,5,19.8961,1421.16,1167.12,0,0,2,844.561,1387.22,0,391,313,50,1387.22,18.7953,19.8961,29.4902,26.1012,-71.3988,-68.0098,1.27356,14.9634,0
63,2052,5,5,16.6808,1693.79,1430.05,0,0,2,991.796,1609.76,0,391,313,50,1609.76,15.8428,16.6808,24.1622,23.6427,-73.8573,-73.3378,1.27356,14.9634,0
63,2053,5,5,9.69092,2244,1944.8,0,0,2,1823.05,1627.9,0,391,313,50,1627.9,7.19279,9.69092,16.1347,13.0996,-84.4004,-81.3653,1.27356,14.9634,0
63,2054,5,5,2.52429,1918.42,1625.17,0,0,2,1604.17,1393.23,0,391,313,50,1393.23,-0.291192,2.52429,10.5543,7.73879,-89.7612,-86.9457,1.27356,14.9634,0
63,2055,5,5,16.8483,859.852,645.274,0,0,2,416.567,955.826,0,391,313,50,955.826,15.8815,16.8483,25.2246,24.0699,-73.4301,-72.2754,1.27356,14.9634,0
63,2056,5,5,13.6137,2128.46,1870.89,0,0,2,1037.81,2067.81,0,391,313,50,2067.81,6.96029,13.6137,20.2048,15.6621,-81.8379,-77.2952,1.27356,14.9634,0
63,2057,5,5,3.86404,2264.57,1963.75,0,0,2,1825.52,1653.13,0,391,313,50,1653.13,6.94077,3.86404,10.6271,17.9068,-79.5932,-86.8729,1.27356,14.9634,0
63,2058,5,5,16.279,1608.8,1374.77,0,0,2,681.041,1655.89,0,391,313,50,1655.89,13.6109,16.279,24.2523,21.5842,-75.9158,-73.2477,1.27356,14.9634,0
63,2049,5,5,-5.40276,2279.81,2279,0,0,2,1987.63,1491.17,0,156,136,50,1491.17,5.90592,-5.40276,2.2871,14.054,-83.446,-95.2129,1.27356,14.9634,0
63,2051,5,5,16.4598,1421.16,1429.05,0,0,2,844.561,1387.22,0,156,136,50,1387.22,18.7953,16.4598,26.0539,26.1012,-71.3988,-71.4461,1.27356,14.9634,0
63,2052,5,5,13.796,1693.79,1695,0,0,2,991.796,1609.76,0,156,136,50,1609.76,15.8428,13.796,21.2773,23.6427,-73.8573,-76.2227,1.27356,14.9634,0
63,2053,5,5,7.30983,2244,2237.71,0,0,2,1823.05,1627.9,0,156,136,50,1627.9,7.19279,7.30983,13.7536,13.0996,-84.4004,-83.7464,1.27356,14.9634,0
63,2054,5,5,-0.291192,1918.42,1918.42,0,0,2,1604.17,1393.23,0,156,136,50,1393.23,-0.291192,-0.291192,7.73879,7.73879,-89.7612,-89.7612,1.27356,14.9634,0
63,2055,5,5,11.9396,859.852,861.69,0,0,2,416.567,955.826,0,156,136,50,955.826,15.8815,11.9396,20.3158,24.0699,-73.4301,-77.1842,1.27356,14.9634,0
63,2056,5,5,11.459,2128.46,2124.15,0,0,2,1037.81,2067.81,0,156,136,50,2067.81,6.96029,11.459,18.0501,15.6621,-81.8379,-79.4499,1.27356,14.9634,0
63,2057,5,5,1.50607,2264.57,2256.43,0,0,2,1825.52,1653.13,0,156,136,50,1653.13,6.94077,1.50607,8.26916,17.9068,-79.5932,-89.2308,1.27356,14.9634,0
63,2058,5,5,13.6109,1608.8,1608.8,0,0,2,681.041,1655.89,0,156,136,50,1655.89,13.6109,13.6109,21.5842,21.5842,-75.9158,-75.9158,1.27356,14.9634,0
63,2049,5,5,-3.05768,2279.81,1984.9,0,0,4,1987.63,1491.17,0,391,313,50,1491.17,5.90592,-3.05768,4.63218,14.054,-83.446,-92.8678,1.27356,14.9634,0
63,2051,5,5,19.8961,1421.16,1167.12,0,0,4,844.561,1387.22,0,391,313,50,1387.22,18.7953,19.8961,29.4902,26.1012,-71.3988,-68.0098,1.27356,14.9634,0
63,2052,5,5,16.6808,1693.79,1430.05,0,0,4,991.796,1609.76,0,391,313,50,1609.76,15.8428,16.6808,24.1622,23.6427,-73.8573,-73.3378,1.27356,14.9634,0
63,2053,5,5,9.69092,2244,1944.8,0,0,4,1823.05,1627.9,0,391,313,50,1627.9,7.19279,9.69092,16.1347,13.0996,-84.4004,-81.3653,1.27356,14.9634,0
63,2054,5,5,2.52429,1918.42,1625.17,0,0,4,1604.17,1393.23,0,391,313,50,1393.23,-0.291192,2.52429,10.5543,7.73879,-89.7612,-86.9457,1.27356,14.9634,0
63,2055,5,5,16.8483,859.852,645.274,0,0,4,416.567,955.826,0,391,313,50,955.826,15.8815,16.8483,25.2246,24.0699,-73.4301,-72.2754,1.27356,14.9634,0
63,2056,5,5,13.6137,2128.46,1870.89,0,0,4,1037.81,2067.81,0,391,313,50,2067.81,6.96029,13.6137,20.2048,15.6621,-81.8379,-77.2952,1.27356,14.9634,0
63,2057,5,5,3.86404,2264.57,1963.75,0,0,4,1825.52,1653.13,0,391,313,50,1653.13,6.94077,3.86404,10.6271,17.9068,-79.5932,-86.8729,1.27356,14.9634,0
63,2058,5,5,16.279,1608.8,1374.77,0,0,4,681.041,1655.89,0,391,313,50,1655.89,13.6109,16.279,24.2523,21.5842,-75.9158,-73.2477,1.27356,14.9634,0
63,2049,5,5,-5.40276,2279,2279,0,0,4,1987.63,1491.17,0,156,136,50,1491.17,-5.40276,-5.40276,2.2871,2.2871,-95.2129,-95.2129,1.27356,14.9634,0
63,2051,5,5,16.4598,1429.05,1429.05,0,0,4,844.561,1387.22,0,156,136,50,1387.22,16.4598,16.4598,26.0539,26.0539,-71.4461,-71.4461,1.27356,14.9634,0
63,2052,5,5,13.796,1695,1695,0,0,4,991.796,1609.76,0,156,136,50,1609.76,13.796,13.796,21.2773,21.2773,-76.2227,-76.2227,1.27356,14.9634,0
63,2053,5,5,7.30983,2237.71,2237.71,0,0,4,1823.05,1627.9,0,156,136,50,1627.9,7.30983,7.30983,13.7536,13.7536,-83.7464,-83.7464,1.27356,14.9634,0
63,2054,5,5,-0.291192,1918.42,1918.42,0,0,4,1604.17,1393.23,0,156,136,50,1393.23,-0.291192,-0.291192,7.73879,7.73879,-89.7612,-89.7612,1.27356,14.9634,0
63,2055,5,5,11.9396,861.69,861.69,0,0,4,416.567,955.826,0,156,136,50,955.826,11.9396,11.9396,20.3158,20.3158,-77.1842,-77.1842,1.27356,14.9634,0
63,2056,5,5,11.459,2124.15,2124.15,0,0,4,1037.81,2067.81,0,156,136,50,2067.81,11.459,11.459,18.0501,18.0501,-79.4499,-79.4499,1.27356,14.9634,0
63,2057,5,5,1.50607,2256.43,2256.43,0,0,4,1825.52,1653.13,0,156,136,50,1653.13,1.50607,1.50607,8.26916,8.26916,-89.2308,-89.2308,1.27356,14.9634,0
63,2058,5,5,13.6109,1608.8,1608.8,0,0,4,681.041,1655.89,0,156,136,50,1655.89,13.6109,13.6109,21.5842,21.5842,-75.9158,-75.9158,1.27356,14.9634,0
64,2049,5,5,3.56075,2279,2273.73,0,0,5,1988.82,1480.66,0,156,136,50,1480.66,-5.40276,3.56075,12.1904,2.2871,-95.2129,-85.3096,1.27356,14.9634,0
64,2051,5,5,10.4464,1429.05,1436.95,0,0,4,848.169,1394.27,0,156,136,50,1394.27,16.4598,10.4464,14.893,26.0539,-71.4461,-82.607,1.27356,14.9634,0
64,2052,5,5,9.24741,1695,1697.1,0,0,4,1003.4,1605.55,0,156,136,50,1605.55,13.796,9.24741,16.5186,21.2773,-76.2227,-80.9814,1.27356,14.9634,0
64,2053,5,5,11.8598,2237.71,2231.22,0,0,5,1821.8,1619.57,0,156,136,50,1619.57,7.30983,11.8598,18.1588,13.7536,-83.7464,-79.3412,1.27356,14.9634,0
64,2054,5,5,-0.291192,1918.42,1918.42,0,0,4,1604.17,1393.23,0,156,136,50,1393.23,-0.291192,-0.291192,7.73879,7.73879,-89.7612,-89.7612,1.27356,14.9634,0
64,2055,5,5,12.1177,861.69,863.51,0,0,1,415.482,958.081,0,156,136,50,958.081,11.9396,12.1177,18.9765,20.3158,-77.1842,-78.5235,1.27356,14.9634,0
64,2056,5,5,3.67036,2124.15,2119.24,0,0,4,1043.42,2059.84,0,156,136,50,2059.84,11.459,3.67036,10.744,18.0501,-79.4499,-86.756,1.27356,14.9634,0
64,2057,5,5,6.28077,2256.43,2242.28,0,0,1,1823.76,1633.95,0,156,136,50,1633.95,1.50607,6.28077,13.0663,8.26916,-89.2308,-84.4337,1.27356,14.9634,0
64,2058,5,5,13.6109,1608.8,1608.8,0,0,4,681.041,1655.89,0,156,136,50,1655.89,13.6109,13.6109,21.5842,21.5842,-75.9158,-75.9158,1.27356,14.9634,0
64,2049,5,5,5.91154,2279,1979.63,0,0,2,1988.82,1480.66,0,391,313,50,1480.66,-5.40276,5.91154,14.5412,2.2871,-95.2129,-82.9588,1.27356,14.9634,0
64,2051,5,5,13.8621,1429.05,1175.01,0,0,2,848.169,1394.27,0,391,313,50,1394.27,16.4598,13.8621,18.3087,26.0539,-71.4461,-79.1913,1.27356,14.9634,0
64,2052,5,5,12.1401,1695,1431.16,0,0,2,1003.4,1605.55,0,391,313,50,1605.55,13.796,12.1401,19.4113,21.2773,-76.2227,-78.0887,1.27356,14.9634,0
64,2053,5,5,14.2489,2237.71,1938.25,0,0,2,1821.8,1619.57,0,391,313,50,1619.57,7.30983,14.2489,20.5479,13.7536,-83.7464,-76.9521,1.27356,14.9634,0
64,2054,5,5,2.52429,1918.42,1625.17,0,0,2,1604.17,1393.23,0,391,313,50,1393.23,-0.291192,2.52429,10.5543,7.73879,-89.7612,-86.9457,1.27356,14.9634,0
64,2055,5,5,17.0043,861.69,647.479,0,0,2,415.482,958.081,0,391,313,50,958.081,11.9396,17.0043,23.8632,20.3158,-77.1842,-73.6368,1.27356,14.9634,0
64,2056,5,5,5.83599,2124.15,1865.37,0,0,2,1043.42,2059.84,0,391,313,50,2059.84,11.459,5.83599,12.9097,18.0501,-79.4499,-84.5903,1.27356,14.9634,0
64,2057,5,5,8.65621,2256.43,1949.42,0,0,2,1823.76,1633.95,0,391,313,50,1633.95,1.50607,8.65621,15.4417,8.26916,-89.2308,-82.0583,1.27356,14.9634,0
64,2058,5,5,16.279,1608.8,1374.77,0,0,2,681.041,1655.89,0,391,313,50,1655.89,13.6109,16.279,24.2523,21.5842,-75.9158,-73.2477,1.27356,14.9634,0
64,2049,5,5,3.56075,2279,2273.73,0,0,2,1988.82,1480.66,0,156,136,50,1480.66,-5.40276,3.56075,12.1904,2.2871,-95.2129,-85.3096,1.27356,14.9634,0
64,2051,5,5,10.4464,1429.05,1436.95,0,0,2,848.169,1394.27,0,156,136,50,1394.27,16.4598,10.4464,14.893,26.0539,-71.4461,-82.607,1.27356,14.9634,0
64,2052,5,5,9.24741,1695,1697.1,0,0,2,1003.4,1605.55,0,156,136,50,1605.55,13.796,9.24741,16.5186,21.2773,-76.2227,-80.9814,1.27356,14.9634,0
64,2053,5,5,11.8598,2237.71,2231.22,0,0,2,1821.8,1619.57,0,156,136,50,1619.57,7.30983,11.8598,18.1588,13.7536,-83.7464,-79.3412,1.27356,14.9634,0
64,2054,5,5,-0.291192,1918.42,1918.42,0,0,2,1604.17,1393.23,0,156,136,50,1393.23,-0.291192,-0.291192,7.73879,7.73879,-89.7612,-89.7612,1.27356,14.9634,0
64,2055,5,5,12.1177,861.69,863.51,0,0,2,415.482,958.081,0,156,136,50,958.081,11.9396,12.1177,18.9765,20.3158,-77.1842,-78.5235,1.27356,14.9634,0
64,2056,5,5,3.67036,2124.15,2119.24,0,0,2,1043.42,2059.84,0,156,136,50,2059.84,11.459,3.67036,10.744,18.0501,-79.4499,-86.756,1.27356,14.9634,0
64,2057,5,5,6.28077,2256.43,2242.28,0,0,2,1823.76,1633.95,0,156,136,50,1633.95,1.50607,6.28077,13.0663,8.26916,-89.2308,-84.4337,1.27356,14.9634,0
64,2058,5,5,13.6109,1608.8,1608.8,0,0,2,681.041,1655.89,0,156,136,50,1655.89,13.6109,13.6109,21.5842,21.5842,-75.9158,-75.9158,1.27356,14.9634,0
64,2049,5,5,5.91154,2279,1979.63,0,0,4,1988.82,1480.66,0,391,313,50,1480.66,-5.40276,5.91154,14.5412,2.2871,-95.2129,-82.9588,1.27356,14.9634,0
64,2051,5,5,13.8621,1429.05,1175.01,0,0,4,848.169,1394.27,0,391,313,50,1394.27,16.4598,13.8621,18.3087,26.0539,-71.4461,-79.1913,1.27356,14.9634,0
64,2052,5,5,12.1401,1695,1431.16,0,0,4,1003.4,1605.55,0,391,313,50,1605.55,13.796,12.1401,19.4113,21.2773,-76.2227,-78.0887,1.27356,14.9634,0
64,2053,5,5,14.2489,2237.71,1938.25,0,0,4,1821.8,1619.57,0,391,313,50,1619.57,7.30983,14.2489,20.5479,13.7536,-83.7464,-76.9521,1.27356,14.9634,0
64,2054,5,5,2.52429,1918.42,1625.17,0,0,4,1604.17,1393.23,0,391,313,50,1393.23,-0.291192,2.52429,10.5543,7.73879,-89.7612,-86.9457,1.27356,14.9634,0
64,2055,5,5,17.0043,861.69,647.479,0,0,4,415.482,958.081,0,391,313,50,958.081,11.9396,17.0043,23.8632,20.3158,-77.1842,-73.6368,1.27356,14.9634,0
64,2056,5,5,5.83599,2124.15,1865.37,0,0,4,1043.42,2059.84,0,391,313,50,2059.84,11.459,5.83599,12.9097,18.0501,-79.4499,-84.5903,1.27356,14.9634,0
64,2057,5,5,8.65621,2256.43,1949.42,0,0,4,1823.76,1633.95,0,391,313,50,1633.95,1.50607,8.65621,15.4417,8.26916,-89.2308,-82.0583,1.27356,14.9634,0
64,2058,5,5,16.279,1608.8,1374.77,0,0,4,681.041,1655.89,0,391,313,50,1655.89,13.6109,16.279,24.2523,21.5842,-75.9158,-73.2477,1.27356,14.9634,0
64,2049,5,5,3.56075,2273.73,2273.73,0,0,4,1988.82,1480.66,0,156,136,50,1480.66,3.56075,3.56075,12.1904,12.1904,-85.3096,-85.3096,1.27356,14.9634,0
64,2051,5,5,10.4464,1436.95,1436.95,0,0,4,848.169,1394.27,0,156,136,50,1394.27,10.4464,10.4464,14.893,14.893,-82.607,-82.607,1.27356,14.9634,0
64,2052,5,5,9.24741,1697.1,1697.1,0,0,4,1003.4,1605.55,0,156,136,50,1605.55,9.24741,9.24741,16.5186,16.5186,-80.9814,-80.9814,1.27356,14.9634,0
64,2053,5,5,11.8598,2231.22,2231.22,0,0,4,1821.8,1619.57,0,156,136,50,1619.57,11.8598,11.8598,18.1588,18.1588,-79.3412,-79.3412,1.27356,14.9634,0
64,2054,5,5,-0.291192,1918.42,1918.42,0,0,4,1604.17,1393.23,0,156,136,50,1393.23,-0.291192,-0.291192,7.73879,7.73879,-89.7612,-89.7612,1.27356,14.9634,0
64,2055,5,5,12.1177,863.51,863.51,0,0,4,415.482,958.081,0,156,136,50,958.081,12.1177,12.1177,18.9765,18.9765,-78.5235,-78.5235,1.27356,14.9634,0
64,2056,5,5,3.67036,2119.24,2119.24,0,0,4,1043.42,2059.84,0,156,136,50,2059.84,3.67036,3.67036,10.744,10.744,-86.756,-86.756,1.27356,14.9634,0
64,2057,5,5,6.28077,2242.28,2242.28,0,0,4,1823.76,1633.95,0,156,136,50,1633.95,6.28077,6.28077,13.0663,13.0663,-84.4337,-84.4337,1.27356,14.9634,0
64,2058,5,5,13.6109,1608.8,1608.8,0,0,4,681.041,1655.89,0,156,136,50,1655.89,13.6109,13.6109,21.5842,21.5842,-75.9158,-75.9158,1.27356,14.9634,0
65,2049,5,5,1.83202,2273.73,2261.62,0,0,5,1984.83,1465.58,0,156,136,50,1465.58,3.56075,1.83202,10.2814,12.1904,-85.3096,-87.2186,1.27356,14.9634,0
65,2051,5,5,19.4108,1436.95,1444.84,0,0,4,851.768,1401.29,0,156,136,50,1401.29,10.4464,19.4108,28.3936,14.893,-82.607,-69.1064,1.27356,14.9634,0
65,2052,5,5,16.1271,1697.1,1702.73,0,0,5,1022.72,1600.78,0,156,136,50,1600.78,9.24741,16.1271,23.7843,16.5186,-80.9814,-73.7157,1.27356,14.9634,0
65,2053,5,5,5.07779,2231.22,2211.41,0,0,5,1808.35,1604.86,0,156,136,50,1604.86,11.8598,5.07779,9.78858,18.1588,-79.3412,-87.7114,1.27356,14.9634,0
65,2054,5,5,-0.291192,1918.42,1918.42,0,0,4,1604.17,1393.23,0,156,136,50,1393.23,-0.291192,-0.291192,7.73879,7.73879,-89.7612,-89.7612,1.27356,14.9634,0
65,2055,5,5,18.5407,863.51,864.516,0,0,5,414.884,959.327,0,156,136,50,959.327,12.1177,18.5407,26.7717,18.9765,-78.5235,-70.7283,1.27356,14.9634,0
65,2056,5,5,8.77586,2119.24,2115.13,0,0,5,1049.1,2052.68,0,156,136,50,2052.68,3.67036,8.77586,14.496,10.744,-86.756,-83.004,1.27356,14.9634,0
65,2057,5,5,5.55246,2242.28,2235.76,0,0,5,1822.67,1625.4,0,156,136,50,1625.4,6.28077,5.55246,12.9545,13.0663,-84.4337,-84.5455,1.27356,14.9634,0
65,2058,5,5,13.6109,1608.8,1608.8,0,0,4,681.041,1655.89,0,156,136,50,1655.89,13.6109,13.6109,21.5842,21.5842,-75.9158,-75.9158,1.27356,14.9634,0
65,2049,5,5,4.19612,2273.73,1967.55,0,0,2,1984.83,1465.58,0,391,313,50,1465.58,3.56075,4.19612,12.6455,12.1904,-85.3096,-84.8545,1.27356,14.9634,0
65,2051,5,5,22.8062,1436.95,1182.87,0,0,2,851.768,1401.29,0,391,313,50,1401.29,10.4464,22.8062,31.7889,14.893,-82.607,-65.7111,1.27356,14.9634,0
65,2052,5,5,19.0276,1697.1,1435.25,0,0,2,1022.72,1600.78,0,391,313,50,1600.78,9.24741,19.0276,26.6847,16.5186,-80.9814,-70.8153,1.27356,14.9634,0
65,2053,5,5,7.4901,2231.22,1918.41,0,0,2,1808.35,1604.86,0,391,313,50,1604.86,11.8598,7.4901,12.2009,18.1588,-79.3412,-85.2991,1.27356,14.9634,0
65,2054,5,5,2.52429,1918.42,1625.17,0,0,2,1604.17,1393.23,0,391,313,50,1393.23,-0.291192,2.52429,10.5543,7.73879,-89.7612,-86.9457,1.27356,14.9634,0
65,2055,5,5,23.4152,863.51,648.698,0,0,2,414.884,959.327,0,391,313,50,959.327,12.1177,23.4152,31.6462,18.9765,-78.5235,-65.8538,1.27356,14.9634,0
65,2056,5,5,10.9514,2119.24,1860.67,0,0,2,1049.1,2052.68,0,391,313,50,2052.68,3.67036,10.9514,16.6716,10.744,-86.756,-80.8284,1.27356,14.9634,0
65,2057,5,5,7.93596,2242.28,1942.83,0,0,2,1822.67,1625.4,0,391,313,50,1625.4,6.28077,7.93596,15.338,13.0663,-84.4337,-82.162,1.27356,14.9634,0
65,2058,5,5,16.279,1608.8,1374.77,0,0,2,681.041,1655.89,0,391,313,50,1655.89,13.6109,16.279,24.2523,21.5842,-75.9158,-73.2477,1.27356,14.9634,0
65,2049,5,5,1.83202,2273.73,2261.62,0,0,2,1984.83,1465.58,0,156,136,50,1465.58,3.56075,1.83202,10.2814,12.1904,-85.3096,-87.2186,1.27356,14.9634,0
65,2051,5,5,19.4108,1436.95,1444.84,0,0,2,851.768,1401.29,0,156,136,50,1401.29,10.4464,19.4108,28.3936,14.893,-82.607,-69.1064,1.27356,14.9634,0
65,2052,5,5,16.1271,1697.1,1702.73,0,0,2,1022.72,1600.78,0,156,136,50,1600.78,9.24741,16.1271,23.7843,16.5186,-80.9814,-73.7157,1.27356,14.9634,0
65,2053,5,5,5.07779,2231.22,2211.41,0,0,2,1808.35,1604.86,0,156,136,50,1604.86,11.8598,5.07779,9.78858,18.1588,-79.3412,-87.7114,1.27356,14.9634,0
65,2054,5,5,-0.291192,1918.42,1918.42,0,0,2,1604.17,1393.23,0,156,136,50,1393.23,-0.291192,-0.291192,7.73879,7.73879,-89.7612,-89.7612,1.27356,14.9634,0
65,2055,5,5,18.5407,863.51,864.516,0,0,2,414.884,959.327,0,156,136,50,959.327,12.1177,18.5407,26.7717,18.9765,-78.5235,-70.7283,1.27356,14.9634,0
65,2056,5,5,8.77586,2119.24,2115.13,0,0,2,1049.1,2052.68,0,156,136,50,2052.68,3.67036,8.77586,14.496,10.744,-86.756,-83.004,1.27356,14.9634,0
65,2057,5,5,5.55246,2242.28,2235.76,0,0,2,1822.67,1625.4,0,156,136,50,1625.4,6.28077,5.55246,12.9545,13.0663,-84.4337,-84.5455,1.27356,14.9634,0
65,2058,5,5,13.6109,1608.8,1608.8,0,0,2,681.041,1655.89,0,156,136,50,1655.89,13.6109,13.6109,21.5842,21.5842,-75.9158,-75.9158,1.27356,14.9634,0
65,2049,5,5,4.19612,2273.73,1967.55,0,0,4,1984.83,1465.58,0,391,313,50,1465.58,3.56075,4.19612,12.6455,12.1904,-85.3096,-84.8545,1.27356,14.9634,0
65,2051,5,5,22.8062,1436.95,1182.87,0,0,4,851.768,1401.29,0,391,313,50,1401.29,10.4464,22.8062,31.7889,14.893,-82.607,-65.7111,1.27356,14.9634,0
65,2052,5,5,19.0276,1697.1,1435.25,0,0,4,1022.72,1600.78,0,391,313,50,1600.78,9.24741,19.0276,26.6847,16.5186,-80.9814,-70.8153,1.27356,14.9634,0
65,2053,5,5,7.4901,2231.22,1918.41,0,0,4,1808.35,1604.86,0,391,313,50,1604.86,11.8598,7.4901,12.2009,18.1588,-79.3412,-85.2991,1.27356,14.9634,0
65,2054,5,5,2.52429,1918.42,1625.17,0,0,4,1604.17,1393.23,0,391,313,50,1393.23,-0.291192,2.52429,10.5543,7.73879,-89.7612,-86.9457,1.27356,14.9634,0
65,2055,5,5,23.4152,863.51,648.698,0,0,4,414.884,959.327,0,391,313,50,959.327,12.1177,23.4152,31.6462,18.9765,-78.5235,-65.8538,1.27356,14.9634,0
65,2056,5,5,10.9514,2119.24,1860.67,0,0,4,1049.1,2052.68,0,391,313,50,2052.68,3.67036,10.9514,16.6716,10.744,-86.756,-80.8284,1.27356,14.9634,0
65,2057,5,5,7.93596,2242.28,1942.83,0,0,4,1822.67,1625.4,0,391,313,50,1625.4,6.28077,7.93596,15.338,13.0663,-84.4337,-82.162,1.27356,14.9634,0
65,2058,5,5,16.279,1608.8,1374.77,0,0,4,681.041,1655.89,0,391,313,50,1655.89,13.6109,16.279,24.2523,21.5842,-75.9158,-73.2477,1.27356,14.9634,0
65,2049,5,5,1.83202,2261.62,2261.62,0,0,4,1984.83,1465.58,0,156,136,50,1465.58,1.83202,1.83202,10.2814,10.2814,-87.2186,-87.2186,1.27356,14.9634,0
65,2051,5,5,19.4108,1444.84,1444.84,0,0,4,851.768,1401.29,0,156,136,50,1401.29,19.4108,19.4108,28.3936,28.3936,-69.1064,-69.1064,1.27356,14.9634,0
65,2052,5,5,16.1271,1702.73,1702.73,0,0,4,1022.72,1600.78,0,156,136,50,1600.78,16.1271,16.1271,23.7843,23.7843,-73.7157,-73.7157,1.27356,14.9634,0
65,2053,5,5,5.07779,2211.41,2211.41,0,0,4,1808.35,1604.86,0,156,136,50,1604.86,5.07779,5.07779,9.78858,9.78858,-87.7114,-87.7114,1.27356,14.9634,0
65,2054,5,5,-0.291192,1918.42,1918.42,0,0,4,1604.17,1393.23,0,156,136,50,1393.23,-0.291192,-0.291192,7.73879,7.73879,-89.7612,-89.7612,1.27356,14.9634,0
65,2055,5,5,18.5407,864.516,864.516,0,0,4,414.884,959.327,0,156,136,50,959.327,18.5407,18.5407,26.7717,26.7717,-70.7283,-70.7283,1.27356,14.9634,0
65,2056,5,5,8.77586,2115.13,2115.13,0,0,4,1049.1,2052.68,0,156,136,50,2052.68,8.77586,8.77586,14.496,14.496,-83.004,-83.004,1.27356,14.9634,0
65,2057,5,5,5.55246,2235.76,2235.76,0,0,4,1822.67,1625.4,0,156,136,50,1625.4,5.55246,5.55246,12.9545,12.9545,-84.5455,-84.5455,1.27356,14.9634,0
65,2058,5,5,13.6109,1608.8,1608.8,0,0,4,681.041,1655.89,0,156,136,50,1655.89,13.6109,13.6109,21.5842,21.5842,-75.9158,-75.9158,1.27356,14.9634,0
66,2049,5,5,2.40382,2261.62,2253.16,0,0,1,1982.13,1454.9,0,156,136,50,1454.9,1.83202,2.40382,10.7661,10.2814,-87.2186,-86.7339,1.27356,14.9634,0
66,2051,5,5,16.3525,1444.84,1452.73,0,0,4,855.37,1408.32,0,156,136,50,1408.32,19.4108,16.3525,24.3031,28.3936,-69.1064,-73.1969,1.27356,14.9634,0
66,2052,5,5,10.5143,1702.73,1705.23,0,0,4,1033.56,1597.23,0,156,136,50,1597.23,16.1271,10.5143,16.3221,23.7843,-73.7157,-81.1779,1.27356,14.9634,0
66,2053,5,5,16.1355,2211.41,2205.77,0,0,1,1798.68,1607.24,0,156,136,50,1607.24,5.07779,16.1355,22.8153,9.78858,-87.7114,-74.6847,1.27356,14.9634,0
66,2054,5,5,-0.291192,1918.42,1918.42,0,0,4,1604.17,1393.23,0,156,136,50,1393.23,-0.291192,-0.291192,7.73879,7.73879,-89.7612,-89.7612,1.27356,14.9634,0
66,2055,5,5,15.9407,864.516,864.618,0,0,5,414.823,959.453,0,156,136,50,959.453,18.5407,15.9407,25.0172,26.7717,-70.7283,-72.4828,1.27356,14.9634,0
66,2056,5,5,14.0556,2115.13,2111.87,0,0,4,1055.48,2046.08,0,156,136,50,2046.08,8.77586,14.0556,20.5751,14.496,-83.004,-76.9249,1.27356,14.9634,0
66,2057,5,5,0.192807,2235.76,2229.16,0,0,5,1821.4,1616.92,0,156,136,50,1616.92,5.55246,0.192807,7.75084,12.9545,-84.5455,-89.7492,1.27356,14.9634,0
66,2058,5,5,13.6109,1608.8,1608.8,0,0,4,681.041,1655.89,0,156,136,50,1655.89,13.6109,13.6109,21.5842,21.5842,-75.9158,-75.9158,1.27356,14.9634,0
66,2049,5,5,4.77727,2261.62,1959.11,0,0,2,1982.13,1454.9,0,391,313,50,1454.9,1.83202,4.77727,13.1396,10.2814,-87.2186,-84.3604,1.27356,14.9634,0
66,2051,5,5,19.7277,1444.84,1190.75,0,0,2,855.37,1408.32,0,391,313,50,1408.32,19.4108,19.7277,27.6783,28.3936,-69.1064,-69.8217,1.27356,14.9634,0
66,2052,5,5,13.4204,1702.73,1436.88,0,0,2,1033.56,1597.23,0,391,313,50,1597.23,16.1271,13.4204,19.2281,23.7843,-73.7157,-78.2719,1.27356,14.9634,0
66,2053,5,5,18.5535,2211.41,1912.88,0,0,2,1798.68,1607.24,0,391,313,50,1607.24,5.07779,18.5535,25.2333,9.78858,-87.7114,-72.2667,1.27356,14.9634,0
66,2054,5,5,2.52429,1918.42,1625.17,0,0,2,1604.17,1393.23,0,391,313,50,1393.23,-0.291192,2.52429,10.5543,7.73879,-89.7612,-86.9457,1.27356,14.9634,0
66,2055,5,5,20.8139,864.516,648.821,0,0,2,414.823,959.453,0,391,313,50,959.453,18.5407,20.8139,29.8904,26.7717,-70.7283,-67.6096,1.27356,14.9634,0
66,2056,5,5,16.2405,2115.13,1856.77,0,0,2,1055.48,2046.08,0,391,313,50,2046.08,8.77586,16.2405,22.76,14.496,-83.004,-74.74,1.27356,14.9634,0
66,2057,5,5,2.58447,2235.76,1936.17,0,0,2,1821.4,1616.92,0,391,313,50,1616.92,5.55246,2.58447,10.1425,12.9545,-84.5455,-87.3575,1.27356,14.9634,0
66,2058,5,5,16.279,1608.8,1374.77,0,0,2,681.041,1655.89,0,391,313,50,1655.89,13.6109,16.279,24.2523,21.5842,-75.9158,-73.2477,1.27356,14.9634,0
66,2049,5,5,2.40382,2261.62,2253.16,0,0,2,1982.13,1454.9,0,156,136,50,1454.9,1.83202,2.40382,10.7661,10.2814,-87.2186,-86.7339,1.27356,14.9634,0
66,2051,5,5,16.3525,1444.84,1452.73,0,0,2,855.37,1408.32,0,156,136,50,1408.32,19.4108,16.3525,24.3031,28.3936,-69.1064,-73.1969,1.27356,14.9634,0
66,2052,5,5,10.5143,1702.73,1705.23,0,0,2,1033.56,1597.23,0,156,136,50,1597.23,16.1271,10.5143,16.3221,23.7843,-73.7157,-81.1779,1.27356,14.9634,0
66,2053,5,5,16.1355,2211.41,2205.77,0,0,2,1798.68,1607.24,0,156,136,50,1607.24,5.07779,16.1355,22.8153,9.78858,-87.7114,-74.6847,1.27356,14.9634,0
66,2054,5,5,-0.291192,1918.42,1918.42,0,0,2,1604.17,1393.23,0,156,136,50,1393.23,-0.291192,-0.291192,7.73879,7.73879,-89.7612,-89.7612,1.27356,14.9634,0
66,2055,5,5,15.9407,864.516,864.618,0,0,2,414.823,959.453,0,156,136,50,959.453,18.5407,15.9407,25.0172,26.7717,-70.7283,-72.4828,1.27356,14.9634,0
66,2056,5,5,14.0556,2115.13,2111.87,0,0,2,1055.48,2046.08,0,156,136,50,2046.08,8.77586,14.0556,20.5751,14.496,-83.004,-76.9249,1.27356,14.9634,0
66,2057,5,5,0.192807,2235.76,2229.16,0,0,2,1821.4,1616.92,0,156,136,50,1616.92,5.55246,0.192807,7.75084,12.9545,-84.5455,-89.7492,1.27356,14.9634,0
66,2058,5,5,13.6109,1608.8,1608.8,0,0,2,681.041,1655.89,0,156,136,50,1655.89,13.6109,13.6109,21.5842,21.5842,-75.9158,-75.9158,1.27356,14.9634,0
66,2049,5,5,4.77727,2261.62,1959.11,0,0,4,1982.13,1454.9,0,391,313,50,1454.9,1.83202,4.77727,13.1396,10.2814,-87.2186,-84.3604,1.27356,14.9634,0
66,2051,5,5,19.7277,1444.84,1190.75,0,0,4,855.37,1408.32,0,391,313,50,1408.32,19.4108,19.7277,27.6783,28.3936,-69.1064,-69.8217,1.27356,14.9634,0
66,2052,5,5,13.4204,1702.73,1436.88,0,0,4,1033.56,1597.23,0,391,313,50,1597.23,16.1271,13.4204,19.2281,23.7843,-73.7157,-78.2719,1.27356,14.9634,0
66,2053,5,5,18.5535,2211.41,1912.88,0,0,4,1798.68,1607.24,0,391,313,50,1607.24,5.07779,18.5535,25.2333,9.78858,-87.7114,-72.2667,1.27356,14.9634,0
66,2054,5,5,2.52429,1918.42,1625.17,0,0,4,1604.17,1393.23,0,391,313,50,1393.23,-0.291192,2.52429,10.5543,7.73879,-89.7612,-86.9457,1.27356,14.9634,0
66,2055,5,5,20.8139,864.516,648.821,0,0,4,414.823,959.453,0,391,313,50,959.453,18.5407,20.8139,29.8904,26.7717,-70.7283,-67.6096,1.27356,14.9634,0
66,2056,5,5,16.2405,2115.13,1856.77,0,0,4,1055.48,2046.08,0,391,313,50,2046.08,8.77586,16.2405,22.76,14.496,-83.004,-74.74,1.27356,14.9634,0
66,2057,5,5,2.58447,2235.76,1936.17,0,0,4,1821.4,1616.92,0,391,313,50,1616.92,5.55246,2.58447,10.1425,12.9545,-84.5455,-87.3575,1.27356,14.9634,0
66,2058,5,5,16.279,1608.8,1374.77,0,0,4,681.041,1655.89,0,391,313,50,1655.89,13.6109,16.279,24.2523,21.5842,-75.9158,-73.2477,1.27356,14.9634,0
66,2049,5,5,2.40382,2253.16,2253.16,0,0,4,1982.13,1454.9,0,156,136,50,1454.9,2.40382,2.40382,10.7661,10.7661,-86.7339,-86.7339,1.27356,14.9634,0
66,2051,5,5,16.3525,1452.73,1452.73,0,0,4,855.37,1408.32,0,156,136,50,1408.32,16.3525,16.3525,24.3031,24.3031,-73.1969,-73.1969,1.27356,14.9634,0
66,2052,5,5,10.5143,1705.23,1705.23,0,0,4,1033.56,1597.23,0,156,136,50,1597.23,10.5143,10.5143,16.3221,16.3221,-81.1779,-81.1779,1.27356,14.9634,0
66,2053,5,5,16.1355,2205.77,2205.77,0,0,4,1798.68,1607.24,0,156,136,50,1607.24,16.1355,16.1355,22.8153,22.8153,-74.6847,-74.6847,1.27356,14.9634,0
66,2054,5,5,-0.291192,1918.42,1918.42,0,0,4,1604.17,1393.23,0,156,136,50,1393.23,-0.291192,-0.291192,7.73879,7.73879,-89.7612,-89.7612,1.27356,14.9634,0
66,2055,5,5,15.9407,864.618,864.618,0,0,4,414.823,959.453,0,156,136,50,959.453,15.9407,15.9407,25.0172,25.0172,-72.4828,-72.4828,1.27356,14.9634,0
66,2056,5,5,14.0556,2111.87,2111.87,0,0,4,1055.48,2046.08,0,156,136,50,2046.08,14.0556,14.0556,20.5751,20.5751,-76.9249,-76.9249,1.27356,14.9634,0
66,2057,5,5,0.192807,2229.16,2229.16,0,0,4,1821.4,1616.92,0,156,136,50,1616.92,0.192807,0.192807,7.75084,7.75084,-89.7492,-89.7492,1.27356,14.9634,0
66,2058,5,5,13.6109,1608.8,1608.8,0,0,4,681.041,1655.89,0,156,136,50,1655.89,13.6109,13.6109,21.5842,21.5842,-75.9158,-75.9158,1.27356,14.9634,0
67,2049,5,5,13.0583,2253.16,2243.26,0,0,1,1978.96,1442.35,0,156,136,50,1442.35,2.40382,13.0583,19.4912,10.7661,-86.7339,-78.0088,1.27356,14.9634,0
67,2051,5,5,17.3032,1452.73,1460.62,0,0,4,858.968,1415.35,0,156,136,50,1415.35,16.3525,17.3032,23.9308,24.3031,-73.1969,-73.5692,1.27356,14.9634,0
67,2052,5,5,16.0153,1705.23,1708.59,0,0,4,1044.6,1594.48,0,156,136,50,1594.48,10.5143,16.0153,23.595,16.3221,-81.1779,-73.905,1.27356,14.9634,0
67,2053,5,5,-1.19616,2205.77,2200.74,0,0,5,1789.11,1610.35,0,156,136,50,1610.35,16.1355,-1.19616,4.57808,22.8153,-74.6847,-92.9219,1.27356,14.9634,0
67,2054,5,5,-0.291192,1918.42,1918.42,0,0,4,1604.17,1393.23,0,156,136,50,1393.23,-0.291192,-0.291192,7.73879,7.73879,-89.7612,-89.7612,1.27356,14.9634,0
67,2055,5,5,15.9407,864.618,864.618,0,0,4,414.823,959.453,0,156,136,50,959.453,15.9407,15.9407,25.0172,25.0172,-72.4828,-72.4828,1.27356,14.9634,0
67,2056,5,5,4.63062,2111.87,2108.63,0,0,4,1061.86,2039.48,0,156,136,50,2039.48,14.0556,4.63062,12.7085,20.5751,-76.9249,-84.7915,1.27356,14.9634,0
67,2057,5,5,7.35391,2229.16,2209.16,0,0,1,1805.09,1605.15,0,156,136,50,1605.15,0.192807,7.35391,14.4565,7.75084,-89.7492,-83.0435,1.27356,14.9634,0
67,2058,5,5,13.6109,1608.8,1608.8,0,0,4,681.041,1655.89,0,156,136,50,1655.89,13.6109,13.6109,21.5842,21.5842,-75.9158,-75.9158,1.27356,14.9634,0
67,2049,5,5,15.4427,2253.16,1949.24,0,0,2,1978.96,1442.35,0,391,313,50,1442.35,2.40382,15.4427,21.8756,10.7661,-86.7339,-75.6244,1.27356,14.9634,0
67,2051,5,5,20.6585,1452.73,1198.61,0,0,2,858.968,1415.35,0,391,313,50,1415.35,16.3525,20.6585,27.2861,24.3031,-73.1969,-70.2139,1.27356,14.9634,0
67,2052,5,5,18.925,1705.23,1439.4,0,0,2,1044.6,1594.48,0,391,313,50,1594.48,10.5143,18.925,26.5046,16.3221,-81.1779,-70.9954,1.27356,14.9634,0
67,2053,5,5,1.22674,2205.77,1907.96,0,0,2,1789.11,1610.35,0,391,313,50,1610.35,16.1355,1.22674,7.00098,22.8153,-74.6847,-90.499,1.27356,14.9634,0
67,2054,5,5,2.52429,1918.42,1625.17,0,0,2,1604.17,1393.23,0,391,313,50,1393.23,-0.291192,2.52429,10.5543,7.73879,-89.7612,-86.9457,1.27356,14.9634,0
67,2055,5,5,20.8139,864.618,648.821,0,0,2,414.823,959.453,0,391,313,50,959.453,15.9407,20.8139,29.8904,25.0172,-72.4828,-67.6096,1.27356,14.9634,0
67,2056,5,5,6.82477,2111.87,1852.92,0,0,2,1061.86,2039.48,0,391,313,50,2039.48,14.0556,6.82477,14.9027,20.5751,-76.9249,-82.5973,1.27356,14.9634,0
67,2057,5,5,9.76859,2229.16,1916.19,0,0,2,1805.09,1605.15,0,391,313,50,1605.15,0.192807,9.76859,16.8712,7.75084,-89.7492,-80.6288,1.27356,14.9634,0
67,2058,5,5,16.279,1608.8,1374.77,0,0,2,681.041,1655.89,0,391,313,50,1655.89,13.6109,16.279,24.2523,21.5842,-75.9158,-73.2477,1.27356,14.9634,0
67,2049,5,5,13.0583,2253.16,2243.26,0,0,2,1978.96,1442.35,0,156,136,50,1442.35,2.40382,13.0583,19.4912,10.7661,-86.7339,-78.0088,1.27356,14.9634,0
67,2051,5,5,17.3032,1452.73,1460.62,0,0,2,858.968,1415.35,0,156,136,50,1415.35,16.3525,17.3032,23.9308,24.3031,-73.1969,-73.5692,1.27356,14.9634,0
67,2052,5,5,16.0153,1705.23,1708.59,0,0,2,1044.6,1594.48,0,156,136,50,1594.48,10.5143,16.0153,23.595,16.3221,-81.1779,-73.905,1.27356,14.9634,0
67,2053,5,5,-1.19616,2205.77,2200.74,0,0,2,1789.11,1610.35,0,156,136,50,1610.35,16.1355,-1.19616,4.57808,22.8153,-74.6847,-92.9219,1.27356,14.9634,0
67,2054,5,5,-0.291192,1918.42,1918.42,0,0,2,1604.17,1393.23,0,156,136,50,1393.23,-0.291192,-0.291192,7.73879,7.73879,-89.7612,-89.7612,1.27356,14.9634,0
67,2055,5,5,15.9407,864.618,864.618,0,0,2,414.823,959.453,0,156,136,50,959.453,15.9407,15.9407,25.0172,25.0172,-72.4828,-72.4828,1.27356,14.9634,0
67,2056,5,5,4.63062,2111.87,2108.63,0,0,2,1061.86,2039.48,0,156,136,50,2039.48,14.0556,4.63062,12.7085,20.5751,-76.9249,-84.7915,1.27356,14.9634,0
67,2057,5,5,7.35391,2229.16,2209.16,0,0,2,1805.09,1605.15,0,156,136,50,1605.15,0.192807,7.35391,14.4565,7.75084,-89.7492,-83.0435,1.27356,14.9634,0
67,2058,5,5,13.6109,1608.8,1608.8,0,0,2,681.041,1655.89,0,156,136,50,1655.89,13.6109,13.6109,21.5842,21.5842,-75.9158,-75.9158,1.27356,14.9634,0
67,2049,5,5,15.4427,2253.16,1949.24,0,0,4,1978.96,1442.35,0,391,313,50,1442.35,2.40382,15.4427,21.8756,10.7661,-86.7339,-75.6244,1.27356,14.9634,0
67,2051,5,5,20.6585,1452.73,1198.61,0,0,4,858.968,1415.35,0,391,313,50,1415.35,16.3525,20.6585,27.2861,24.3031,-73.1969,-70.2139,1.27356,14.9634,0
67,2052,5,5,18.925,1705.23,1439.4,0,0,4,1044.6,1594.48,0,391,313,50,1594.48,10.5143,18.925,26.5046,16.3221,-81.1779,-70.9954,1.27356,14.9634,0
67,2053,5,5,1.22674,2205.77,1907.96,0,0,4,1789.11,1610.35,0,391,313,50,1610.35,16.1355,1.22674,7.00098,22.8153,-74.6847,-90.499,1.27356,14.9634,0
67,2054,5,5,2.52429,1918.42,1625.17,0,0,4,1604.17,1393.23,0,391,313,50,1393.23,-0.291192,2.52429,10.5543,7.73879,-89.7612,-86.9457,1.27356,14.9634,0
67,2055,5,5,20.8139,864.618,648.821,0,0,4,414.823,959.453,0,391,313,50,959.453,15.9407,20.8139,29.8904,25.0172,-72.4828,-67.6096,1.27356,14.9634,0
67,2056,5,5,6.82477,2111.87,1852.92,0,0,4,1061.86,2039.48,0,391,313,50,2039.48,14.0556,6.82477,14.9027,20.5751,-76.9249,-82.5973,1.27356,14.9634,0
67,2057,5,5,9.76859,2229.16,1916.19,0,0,4,1805.09,1605.15,0,391,313,50,1605.15,0.192807,9.76859,16.8712,7.75084,-89.7492,-80.6288,1.27356,14.9634,0
67,2058,5,5,16.279,1608.8,1374.77,0,0,4,681.041,1655.89,0,391,313,50,1655.89,13.6109,16.279,24.2523,21.5842,-75.9158,-73.2477,1.27356,14.9634,0
67,2049,5,5,13.0583,2243.26,2243.26,0,0,4,1978.96,1442.35,0,156,136,50,1442.35,13.0583,13.0583,19.4912,19.4912,-78.0088,-78.0088,1.27356,14.9634,0
67,2051,5,5,17.3032,1460.62,1460.62,0,0,4,858.968,1415.35,0,156,136,50,1415.35,17.3032,17.3032,23.9308,23.9308,-73.5692,-73.5692,1.27356,14.9634,0
67,2052,5,5,16.0153,1708.59,1708.59,0,0,4,1044.6,1594.48,0,156,136,50,1594.48,16.0153,16.0153,23.595,23.595,-73.905,-73.905,1.27356,14.9634,0
67,2053,5,5,-1.19616,2200.74,2200.74,0,0,4,1789.11,1610.35,0,156,136,50,1610.35,-1.19616,-1.19616,4.57808,4.57808,-92.9219,-92.9219,1.27356,14.9634,0
67,2054,5,5,-0.291192,1918.42,1918.42,0,0,4,1604.17,1393.23,0,156,136,50,1393.23,-0.291192,-0.291192,7.73879,7.73879,-89.7612,-89.7612,1.27356,14.9634,0
67,2055,5,5,15.9407,864.618,864.618,0,0,4,414.823,959.453,0,156,136,50,959.453,15.9407,15.9407,25.0172,25.0172,-72.4828,-72.4828,1.27356,14.9634,0
67,2056,5,5,4.63062,2108.63,2108.63,0,0,4,1061.86,2039.48,0,156,136,50,2039.48,4.63062,4.63062,12.7085,12.7085,-84.7915,-84.7915,1.27356,14.9634,0
67,2057,5,5,7.35391,2209.16,2209.16,0,0,4,1805.09,1605.15,0,156,136,50,1605.15,7.35391,7.35391,14.4565,14.4565,-83.0435,-83.0435,1.27356,14.9634,0
67,2058,5,5,13.6109,1608.8,1608.8,0,0,4,681.041,1655.89,0,156,136,50,1655.89,13.6109,13.6109,21.5842,21.5842,-75.9158,-75.9158,1.27356,14.9634,0
68,2049,5,5,1.06379,2243.26,2233.35,0,0,5,1976.77,1428.35,0,156,136,50,1428.35,13.0583,1.06379,8.58235,19.4912,-78.0088,-88.9176,1.27356,14.9634,0
68,2051,5,5,11.7645,1460.62,1468.49,0,0,4,862.562,1422.36,0,156,136,50,1422.36,17.3032,11.7645,17.7751,23.9308,-73.5692,-79.7249,1.27356,14.9634,0
68,2052,5,5,14.1053,1708.59,1712.31,0,0,4,1055.75,1592.01,0,156,136,50,1592.01,16.0153,14.1053,20.1414,23.595,-73.905,-77.3586,1.27356,14.9634,0
68,2053,5,5,15.4105,2200.74,2195.76,0,0,1,1779.56,1613.46,0,156,136,50,1613.46,-1.19616,15.4105,23.6751,4.57808,-92.9219,-73.8249,1.27356,14.9634,0
68,2054,5,5,-0.291192,1918.42,1918.42,0,0,4,1604.17,1393.23,0,156,136,50,1393.23,-0.291192,-0.291192,7.73879,7.73879,-89.7612,-89.7612,1.27356,14.9634,0
68,2055,5,5,15.9407,864.618,864.618,0,0,4,414.823,959.453,0,156,136,50,959.453,15.9407,15.9407,25.0172,25.0172,-72.4828,-72.4828,1.27356,14.9634,0
68,2056,5,5,2.58331,2108.63,2108.28,0,0,4,1069.98,2035.21,0,156,136,50,2035.21,4.63062,2.58331,9.52944,12.7085,-84.7915,-87.9706,1.27356,14.9634,0
68,2057,5,5,16.6328,2209.16,2204.07,0,0,1,1795.46,1608.28,0,156,136,50,1608.28,7.35391,16.6328,23.7893,14.4565,-83.0435,-73.7107,1.27356,14.9634,0
68,2058,5,5,13.6109,1608.8,1608.8,0,0,4,681.041,1655.89,0,156,136,50,1655.89,13.6109,13.6109,21.5842,21.5842,-75.9158,-75.9158,1.27356,14.9634,0
68,2049,5,5,3.45924,2243.26,1939.37,0,0,2,1976.77,1428.35,0,391,313,50,1428.35,13.0583,3.45924,10.9778,19.4912,-78.0088,-86.5222,1.27356,14.9634,0
68,2051,5,5,15.1002,1460.62,1206.47,0,0,2,862.562,1422.36,0,391,313,50,1422.36,17.3032,15.1002,21.1108,23.9308,-73.5692,-76.3892,1.27356,14.9634,0
68,2052,5,5,17.0177,1708.59,1442.31,0,0,2,1055.75,1592.01,0,391,313,50,1592.01,16.0153,17.0177,23.0538,23.595,-73.905,-74.4462,1.27356,14.9634,0
68,2053,5,5,17.8382,2200.74,1903.1,0,0,2,1779.56,1613.46,0,391,313,50,1613.46,-1.19616,17.8382,26.1028,4.57808,-92.9219,-71.3972,1.27356,14.9634,0
68,2054,5,5,2.52429,1918.42,1625.17,0,0,2,1604.17,1393.23,0,391,313,50,1393.23,-0.291192,2.52429,10.5543,7.73879,-89.7612,-86.9457,1.27356,14.9634,0
68,2055,5,5,20.8139,864.618,648.821,0,0,2,414.823,959.453,0,391,313,50,959.453,15.9407,20.8139,29.8904,25.0172,-72.4828,-67.6096,1.27356,14.9634,0
68,2056,5,5,4.78399,2108.63,1851.9,0,0,2,1069.98,2035.21,0,391,313,50,2035.21,4.63062,4.78399,11.7301,12.7085,-84.7915,-85.7699,1.27356,14.9634,0
68,2057,5,5,19.0525,2209.16,1911.22,0,0,2,1795.46,1608.28,0,391,313,50,1608.28,7.35391,19.0525,26.209,14.4565,-83.0435,-71.291,1.27356,14.9634,0
68,2058,5,5,16.279,1608.8,1374.77,0,0,2,681.041,1655.89,0,391,313,50,1655.89,13.6109,16.279,24.2523,21.5842,-75.9158,-73.2477,1.27356,14.9634,0
68,2049,5,5,1.06379,2243.26,2233.35,0,0,2,1976.77,1428.35,0,156,136,50,1428.35,13.0583,1.06379,8.58235,19.4912,-78.0088,-88.9176,1.27356,14.9634,0
68,2051,5,5,11.7645,1460.62,1468.49,0,0,2,862.562,1422.36,0,156,136,50,1422.36,17.3032,11.7645,17.7751,23.9308,-73.5692,-79.7249,1.27356,14.9634,0
68,2052,5,5,14.1053,1708.59,1712.31,0,0,2,1055.75,1592.01,0,156,136,50,1592.01,16.0153,14.1053,20.1414,23.595,-73.905,-77.3586,1.27356,14.9634,0
68,2053,5,5,15.4105,2200.74,2195.76,0,0,2,1779.56,1613.46,0,156,136,50,1613.46,-1.19616,15.4105,23.6751,4.57808,-92.9219,-73.8249,1.27356,14.9634,0
68,2054,5,5,-0.291192,1918.42,1918.42,0,0,2,1604.17,1393.23,0,156,136,50,1393.23,-0.291192,-0.291192,7.73879,7.73879,-89.7612,-89.7612,1.27356,14.9634,0
68,2055,5,5,15.9407,864.618,864.618,0,0,2,414.823,959.453,0,156,136,50,959.453,15.9407,15.9407,25.0172,25.0172,-72.4828,-72.4828,1.27356,14.9634,0
68,2056,5,5,2.58331,2108.63,2108.28,0,0,2,1069.98,2035.21,0,156,136,50,2035.21,4.63062,2.58331,9.52944,12.7085,-84.7915,-87.9706,1.27356,14.9634,0
68,2057,5,5,16.6328,2209.16,2204.07,0,0,2,1795.46,1608.28,0,156,136,50,1608.28,7.35391,16.6328,23.7893,14.4565,-83.0435,-73.7107,1.27356,14.9634,0
68,2058,5,5,13.6109,1608.8,1608.8,0,0,2,681.041,1655.89,0,156,136,50,1655.89,13.6109,13.6109,21.5842,21.5842,-75.9158,-75.9158,1.27356,14.9634,0
68,2049,5,5,3.45924,2243.26,1939.37,0,0,4,1976.77,1428.35,0,391,313,50,1428.35,13.0583,3.45924,10.9778,19.4912,-78.0088,-86.5222,1.27356,14.9634,0
68,2051,5,5,15.1002,1460.62,1206.47,0,0,4,862.562,1422.36,0,391,313,50,1422.36,17.3032,15.1002,21.1108,23.9308,-73.5692,-76.3892,1.27356,14.9634,0
68,2052,5,5,17.0177,1708.59,1442.31,0,0,4,1055.75,1592.01,0,391,313,50,1592.01,16.0153,17.0177,23.0538,23.595,-73.905,-74.4462,1.27356,14.9634,0
68,2053,5,5,17.8382,2200.74,1903.1,0,0,4,1779.56,1613.46,0,391,313,50,1613.46,-1.19616,17.8382,26.1028,4.57808,-92.9219,-71.3972,1.27356,14.9634,0
68,2054,5,5,2.52429,1918.42,1625.17,0,0,4,1604.17,1393.23,0,391,313,50,1393.23,-0.291192,2.52429,10.5543,7.73879,-89.7612,-86.9457,1.27356,14.9634,0
68,2055,5,5,20.8139,864.618,648.821,0,0,4,414.823,959.453,0,391,313,50,959.453,15.9407,20.8139,29.8904,25.0172,-72.4828,-67.6096,1.27356,14.9634,0
68,2056,5,5,4.78399,2108.63,1851.9,0,0,4,1069.98,2035.21,0,391,313,50,2035.21,4.63062,4.78399,11.7301,12.7085,-84.7915,-85.7699,1.27356,14.9634,0
68,2057,5,5,19.0525,2209.16,1911.22,0,0,4,1795.46,1608.28,0,391,313,50,1608.28,7.35391,19.0525,26.209,14.4565,-83.0435,-71.291,1.27356,14.9634,0
68,2058,5,5,16.279,1608.8,1374.77,0,0,4,681.041,1655.89,0,391,313,50,1655.89,13.6109,16.279,24.2523,21.5842,-75.9158,-73.2477,1.27356,14.9634,0
68,2049,5,5,1.06379,2233.35,2233.35,0,0,4,1976.77,1428.35,0,156,136,50,1428.35,1.06379,1.06379,8.58235,8.58235,-88.9176,-88.9176,1.27356,14.9634,0
68,2051,5,5,11.7645,1468.49,1468.49,0,0,4,862.562,1422.36,0,156,136,50,1422.36,11.7645,11.7645,17.7751,17.7751,-79.7249,-79.7249,1.27356,14.9634,0
68,2052,5,5,14.1053,1712.31,1712.31,0,0,4,1055.75,1592.01,0,156,136,50,1592.01,14.1053,14.1053,20.1414,20.1414,-77.3586,-77.3586,1.27356,14.9634,0
68,2053,5,5,15.4105,2195.76,2195.76,0,0,4,1779.56,1613.46,0,156,136,50,1613.46,15.4105,15.4105,23.6751,23.6751,-73.8249,-73.8249,1.27356,14.9634,0
68,2054,5,5,-0.291192,1918.42,1918.42,0,0,4,1604.17,1393.23,0,156,136,50,1393.23,-0.291192,-0.291192,7.73879,7.73879,-89.7612,-89.7612,1.27356,14.9634,0
68,2055,5,5,15.9407,864.618,864.618,0,0,4,414.823,959.453,0,156,136,50,959.453,15.9407,15.9407,25.0172,25.0172,-72.4828,-72.4828,1.27356,14.9634,0
68,2056,5,5,2.58331,2108.28,2108.28,0,0,4,1069.98,2035.21,0,156,136,50,2035.21,2.58331,2.58331,9.52944,9.52944,-87.9706,-87.9706,1.27356,14.9634,0
68,2057,5,5,16.6328,2204.07,2204.07,0,0,4,1795.46,1608.28,0,156,136,50,1608.28,16.6328,16.6328,23.7893,23.7893,-73.7107,-73.7107,1.27356,14.9634,0
68,2058,5,5,13.6109,1608.8,1608.8,0,0,4,681.041,1655.89,0,156,136,50,1655.89,13.6109,13.6109,21.5842,21.5842,-75.9158,-75.9158,1.27356,14.9634,0
69,2049,5,5,9.97281,2233.35,2224.14,0,0,5,1975.48,1414.2,0,156,136,50,1414.2,1.06379,9.97281,20.2673,8.58235,-88.9176,-77.2327,1.27356,14.9634,0
69,2051,5,5,2.31375,1468.49,1476.41,0,0,4,866.174,1429.42,0,156,136,50,1429.42,11.7645,2.31375,9.01874,17.7751,-79.7249,-88.4813,1.27356,14.9634,0
69,2052,5,5,6.42254,1712.31,1716.09,0,0,4,1066.88,1589.54,0,156,136,50,1589.54,14.1053,6.42254,12.0735,20.1414,-77.3586,-85.4265,1.27356,14.9634,0
69,2053,5,5,8.87582,2195.76,2190.8,0,0,1,1770.01,1616.57,0,156,136,50,1616.57,15.4105,8.87582,14.3957,23.6751,-73.8249,-83.1043,1.27356,14.9634,0
69,2054,5,5,-0.291192,1918.42,1918.42,0,0,4,1604.17,1393.23,0,156,136,50,1393.23,-0.291192,-0.291192,7.73879,7.73879,-89.7612,-89.7612,1.27356,14.9634,0
69,2055,5,5,15.9407,864.618,864.618,0,0,4,414.823,959.453,0,156,136,50,959.453,15.9407,15.9407,25.0172,25.0172,-72.4828,-72.4828,1.27356,14.9634,0
69,2056,5,5,4.3276,2108.28,2108.84,0,0,4,1078.06,2031.92,0,156,136,50,2031.92,2.58331,4.3276,11.0402,9.52944,-87.9706,-86.4598,1.27356,14.9634,0
69,2057,5,5,6.86763,2204.07,2199.02,0,0,5,1785.83,1611.42,0,156,136,50,1611.42,16.6328,6.86763,16.3952,23.7893,-73.7107,-81.1048,1.27356,14.9634,0
69,2058,5,5,13.6109,1608.8,1608.8,0,0,4,681.041,1655.89,0,156,136,50,1655.89,13.6109,13.6109,21.5842,21.5842,-75.9158,-75.9158,1.27356,14.9634,0
69,2049,5,5,12.3785,2233.35,1930.21,0,0,2,1975.48,1414.2,0,391,313,50,1414.2,1.06379,12.3785,22.673,8.58235,-88.9176,-74.827,1.27356,14.9634,0
69,2051,5,5,5.62997,1468.49,1214.36,0,0,2,866.174,1429.42,0,391,313,50,1429.42,11.7645,5.62997,12.335,17.7751,-79.7249,-85.165,1.27356,14.9634,0
69,2052,5,5,9.33736,1712.31,1445.29,0,0,2,1066.88,1589.54,0,391,313,50,1589.54,14.1053,9.33736,14.9883,20.1414,-77.3586,-82.5117,1.27356,14.9634,0
69,2053,5,5,11.3083,2195.76,1898.28,0,0,2,1770.01,1616.57,0,391,313,50,1616.57,15.4105,11.3083,16.8282,23.6751,-73.8249,-80.6718,1.27356,14.9634,0
69,2054,5,5,2.52429,1918.42,1625.17,0,0,2,1604.17,1393.23,0,391,313,50,1393.23,-0.291192,2.52429,10.5543,7.73879,-89.7612,-86.9457,1.27356,14.9634,0
69,2055,5,5,20.8139,864.618,648.821,0,0,2,414.823,959.453,0,391,313,50,959.453,15.9407,20.8139,29.8904,25.0172,-72.4828,-67.6096,1.27356,14.9634,0
69,2056,5,5,6.53347,2108.28,1851.82,0,0,2,1078.06,2031.92,0,391,313,50,2031.92,2.58331,6.53347,13.246,9.52944,-87.9706,-84.254,1.27356,14.9634,0
69,2057,5,5,9.29219,2204.07,1906.29,0,0,2,1785.83,1611.42,0,391,313,50,1611.42,16.6328,9.29219,18.8197,23.7893,-73.7107,-78.6803,1.27356,14.9634,0
69,2058,5,5,16.279,1608.8,1374.77,0,0,2,681.041,1655.89,0,391,313,50,1655.89,13.6109,16.279,24.2523,21.5842,-75.9158,-73.2477,1.27356,14.9634,0
69,2049,5,5,9.97281,2233.35,2224.14,0,0,2,1975.48,1414.2,0,156,136,50,1414.2,1.06379,9.97281,20.2673,8.58235,-88.9176,-77.2327,1.27356,14.9634,0
69,2051,5,5,2.31375,1468.49,1476.41,0,0,2,866.174,1429.42,0,156,136,50,1429.42,11.7645,2.31375,9.01874,17.7751,-79.7249,-88.4813,1.27356,14.9634,0
69,2052,5,5,6.42254,1712.31,1716.09,0,0,2,1066.88,1589.54,0,156,136,50,1589.54,14.1053,6.42254,12.0735,20.1414,-77.3586,-85.4265,1.27356,14.9634,0
69,2053,5,5,8.87582,2195.76,2190.8,0,0,2,1770.01,1616.57,0,156,136,50,1616.57,15.4105,8.87582,14.3957,23.6751,-73.8249,-83.1043,1.27356,14.9634,0
69,2054,5,5,-0.291192,1918.42,1918.42,0,0,2,1604.17,1393.23,0,156,136,50,1393.23,-0.291192,-0.291192,7.73879,7.73879,-89.7612,-89.7612,1.27356,14.9634,0
69,2055,5,5,15.9407,864.618,864.618,0,0,2,414.823,959.453,0,156,136,50,959.453,15.9407,15.9407,25.0172,25.0172,-72.4828,-72.4828,1.27356,14.9634,0
69,2056,5,5,4.3276,2108.28,2108.84,0,0,2,1078.06,2031.92,0,156,136,50,2031.92,2.58331,4.3276,11.0402,9.52944,-87.9706,-86.4598,1.27356,14.9634,0
69,2057,5,5,6.86763,2204.07,2199.02,0,0,2,1785.83,1611.42,0,156,136,50,1611.42,16.6328,6.86763,16.3952,23.7893,-73.7107,-81.1048,1.27356,14.9634,0
69,2058,5,5,13.6109,1608.8,1608.8,0,0,2,681.041,1655.89,0,156,136,50,1655.89,13.6109,13.6109,21.5842,21.5842,-75.9158,-75.9158,1.27356,14.9634,0
69,2049,5,5,12.3785,2233.35,1930.21,0,0,4,1975.48,1414.2,0,391,313,50,1414.2,1.06379,12.3785,22.673,8.58235,-88.9176,-74.827,1.27356,14.9634,0
69,2051,5,5,5.62997,1468.49,1214.36,0,0,4,866.174,1429.42,0,391,313,50,1429.42,11.7645,5.62997,12.335,17.7751,-79.7249,-85.165,1.27356,14.9634,0
69,2052,5,5,9.33736,1712.31,1445.29,0,0,4,1066.88,1589.54,0,391,313,50,1589.54,14.1053,9.33736,14.9883,20.1414,-77.3586,-82.5117,1.27356,14.9634,0
69,2053,5,5,11.3083,2195.76,1898.28,0,0,4,1770.01,1616.57,0,391,313,50,1616.57,15.4105,11.3083,16.8282,23.6751,-73.8249,-80.6718,1.27356,14.9634,0
69,2054,5,5,2.52429,1918.42,1625.17,0,0,4,1604.17,1393.23,0,391,313,50,1393.23,-0.291192,2.52429,10.5543,7.73879,-89.7612,-86.9457,1.27356,14.9634,0
69,2055,5,5,20.8139,864.618,648.821,0,0,4,414.823,959.453,0,391,313,50,959.453,15.9407,20.8139,29.8904,25.0172,-72.4828,-67.6096,1.27356,14.9634,0
69,2056,5,5,6.53347,2108.28,1851.82,0,0,4,1078.06,2031.92,0,391,313,50,2031.92,2.58331,6.53347,13.246,9.52944,-87.9706,-84.254,1.27356,14.9634,0
69,2057,5,5,9.29219,2204.07,1906.29,0,0,4,1785.83,1611.42,0,391,313,50,1611.42,16.6328,9.29219,18.8197,23.7893,-73.7107,-78.6803,1.27356,14.9634,0
69,2058,5,5,16.279,1608.8,1374.77,0,0,4,681.041,1655.89,0,391,313,50,1655.89,13.6109,16.279,24.2523,21.5842,-75.9158,-73.2477,1.27356,14.9634,0
69,2049,5,5,9.97281,2224.14,2224.14,0,0,4,1975.48,1414.2,0,156,136,50,1414.2,9.97281,9.97281,20.2673,20.2673,-77.2327,-77.2327,1.27356,14.9634,0
69,2051,5,5,2.31375,1476.41,1476.41,0,0,4,866.174,1429.42,0,156,136,50,1429.42,2.31375,2.31375,9.01874,9.01874,-88.4813,-88.4813,1.27356,14.9634,0
69,2052,5,5,6.42254,1716.09,1716.09,0,0,4,1066.88,1589.54,0,156,136,50,1589.54,6.42254,6.42254,12.0735,12.0735,-85.4265,-85.4265,1.27356,14.9634,0
69,2053,5,5,8.87582,2190.8,2190.8,0,0,4,1770.01,1616.57,0,156,136,50,1616.57,8.87582,8.87582,14.3957,14.3957,-83.1043,-83.1043,1.27356,14.9634,0
69,2054,5,5,-0.291192,1918.42,1918.42,0,0,4,1604.17,1393.23,0,156,136,50,1393.23,-0.291192,-0.291192,7.73879,7.73879,-89.7612,-89.7612,1.27356,14.9634,0
69,2055,5,5,15.9407,864.618,864.618,0,0,4,414.823,959.453,0,156,136,50,959.453,15.9407,15.9407,25.0172,25.0172,-72.4828,-72.4828,1.27356,14.9634,0
69,2056,5,5,4.3276,2108.84,2108.84,0,0,4,1078.06,2031.92,0,156,136,50,2031.92,4.3276,4.3276,11.0402,11.0402,-86.4598,-86.4598,1.27356,14.9634,0
69,2057,5,5,6.86763,2199.02,2199.02,0,0,4,1785.83,1611.42,0,156,136,50,1611.42,6.86763,6.86763,16.3952,16.3952,-81.1048,-81.1048,1.27356,14.9634,0
69,2058,5,5,13.6109,1608.8,1608.8,0,0,4,681.041,1655.89,0,156,136,50,1655.89,13.6109,13.6109,21.5842,21.5842,-75.9158,-75.9158,1.27356,14.9634,0
70,2049,5,5,-1.05063,2224.14,2215.34,0,0,5,1974.65,1400.02,0,156,136,50,1400.02,9.97281,-1.05063,6.92879,20.2673,-77.2327,-90.5712,1.27356,14.9634,0
70,2051,5,5,10.2522,1476.41,1484.33,0,0,4,869.799,1436.47,0,156,136,50,1436.47,2.31375,10.2522,18.8572,9.01874,-88.4813,-78.6428,1.27356,14.9634,0
70,2052,5,5,-1.13099,1716.09,1717.07,0,0,1,1077.45,1584.01,0,156,136,50,1584.01,6.42254,-1.13099,5.81188,12.0735,-85.4265,-91.6881,1.27356,14.9634,0
70,2053,5,5,14.0908,2190.8,2185.88,0,0,5,1760.45,1619.68,0,156,136,50,1619.68,8.87582,14.0908,21.0851,14.3957,-83.1043,-76.4149,1.27356,14.9634,0
70,2054,5,5,-0.291192,1918.42,1918.42,0,0,4,1604.17,1393.23,0,156,136,50,1393.23,-0.291192,-0.291192,7.73879,7.73879,-89.7612,-89.7612,1.27356,14.9634,0
70,2055,5,5,15.9407,864.618,864.618,0,0,4,414.823,959.453,0,156,136,50,959.453,15.9407,15.9407,25.0172,25.0172,-72.4828,-72.4828,1.27356,14.9634,0
70,2056,5,5,7.49668,2108.84,2109.55,0,0,5,1083.22,2030.19,0,156,136,50,2030.19,4.3276,7.49668,14.0366,11.0402,-86.4598,-83.4634,1.27356,14.9634,0
70,2057,5,5,2.38344,2199.02,2194.02,0,0,1,1776.22,1614.55,0,156,136,50,1614.55,6.86763,2.38344,8.80194,16.3952,-81.1048,-88.6981,1.27356,14.9634,0
70,2058,5,5,13.6109,1608.8,1608.8,0,0,4,681.041,1655.89,0,156,136,50,1655.89,13.6109,13.6109,21.5842,21.5842,-75.9158,-75.9158,1.27356,14.9634,0
70,2049,5,5,1.36476,2224.14,1921.48,0,0,2,1974.65,1400.02,0,391,313,50,1400.02,9.97281,1.36476,9.34417,20.2673,-77.2327,-88.1558,1.27356,14.9634,0
70,2051,5,5,13.5492,1476.41,1222.26,0,0,2,869.799,1436.47,0,391,313,50,1436.47,2.31375,13.5492,22.1542,9.01874,-88.4813,-75.3458,1.27356,14.9634,0
70,2052,5,5,1.79211,1716.09,1445.4,0,0,2,1077.45,1584.01,0,391,313,50,1584.01,6.42254,1.79211,8.73498,12.0735,-85.4265,-88.765,1.27356,14.9634,0
70,2053,5,5,16.528,2190.8,1893.49,0,0,2,1760.45,1619.68,0,391,313,50,1619.68,8.87582,16.528,23.5222,14.3957,-83.1043,-73.9778,1.27356,14.9634,0
70,2054,5,5,2.52429,1918.42,1625.17,0,0,2,1604.17,1393.23,0,391,313,50,1393.23,-0.291192,2.52429,10.5543,7.73879,-89.7612,-86.9457,1.27356,14.9634,0
70,2055,5,5,20.8139,864.618,648.821,0,0,2,414.823,959.453,0,391,313,50,959.453,15.9407,20.8139,29.8904,25.0172,-72.4828,-67.6096,1.27356,14.9634,0
70,2056,5,5,9.70534,2108.84,1852.14,0,0,2,1083.22,2030.19,0,391,313,50,2030.19,4.3276,9.70534,16.2452,11.0402,-86.4598,-81.2548,1.27356,14.9634,0
70,2057,5,5,4.81283,2199.02,1901.41,0,0,2,1776.22,1614.55,0,391,313,50,1614.55,6.86763,4.81283,11.2313,16.3952,-81.1048,-86.2687,1.27356,14.9634,0
70,2058,5,5,16.279,1608.8,1374.77,0,0,2,681.041,1655.89,0,391,313,50,1655.89,13.6109,16.279,24.2523,21.5842,-75.9158,-73.2477,1.27356,14.9634,0
70,2049,5,5,-1.05063,2224.14,2215.34,0,0,2,1974.65,1400.02,0,156,136,50,1400.02,9.97281,-1.05063,6.92879,20.2673,-77.2327,-90.5712,1.27356,14.9634,0
70,2051,5,5,10.2522,1476.41,1484.33,0,0,2,869.799,1436.47,0,156,136,50,1436.47,2.31375,10.2522,18.8572,9.01874,-88.4813,-78.6428,1.27356,14.9634,0
70,2052,5,5,-1.13099,1716.09,1717.07,0,0,2,1077.45,1584.01,0,156,136,50,1584.01,6.42254,-1.13099,5.81188,12.0735,-85.4265,-91.6881,1.27356,14.9634,0
70,2053,5,5,14.0908,2190.8,2185.88,0,0,2,1760.45,1619.68,0,156,136,50,1619.68,8.87582,14.0908,21.0851,14.3957,-83.1043,-76.4149,1.27356,14.9634,0
70,2054,5,5,-0.291192,1918.42,1918.42,0,0,2,1604.17,1393.23,0,156,136,50,1393.23,-0.291192,-0.291192,7.73879,7.73879,-89.7612,-89.7612,1.27356,14.9634,0
70,2055,5,5,15.9407,864.618,864.618,0,0,2,414.823,959.453,0,156,136,50,959.453,15.9407,15.9407,25.0172,25.0172,-72.4828,-72.4828,1.27356,14.9634,0
70,2056,5,5,7.49668,2108.84,2109.55,0,0,2,1083.22,2030.19,0,156,136,50,2030.19,4.3276,7.49668,14.0366,11.0402,-86.4598,-83.4634,1.27356,14.9634,0
70,2057,5,5,2.38344,2199.02,2194.02,0,0,2,1776.22,1614.55,0,156,136,50,1614.55,6.86763,2.38344,8.80194,16.3952,-81.1048,-88.6981,1.27356,14.9634,0
70,2058,5,5,13.6109,1608.8,1608.8,0,0,2,681.041,1655.89,0,156,136,50,1655.89,13.6109,13.6109,21.5842,21.5842,-75.9158,-75.9158,1.27356,14.9634,0
70,2049,5,5,1.36476,2224.14,1921.48,0,0,4,1974.65,1400.02,0,391,313,50,1400.02,9.97281,1.36476,9.34417,20.2673,-77.2327,-88.1558,1.27356,14.9634,0
70,2051,5,5,13.5492,1476.41,1222.26,0,0,4,869.799,1436.47,0,391,313,50,1436.47,2.31375,13.5492,22.1542,9.01874,-88.4813,-75.3458,1.27356,14.9634,0
70,2052,5,5,1.79211,1716.09,1445.4,0,0,4,1077.45,1584.01,0,391,313,50,1584.01,6.42254,1.79211,8.73498,12.0735,-85.4265,-88.765,1.27356,14.9634,0
70,2053,5,5,16.528,2190.8,1893.49,0,0,4,1760.45,1619.68,0,391,313,50,1619.68,8.87582,16.528,23.5222,14.3957,-83.1043,-73.9778,1.27356,14.9634,0
70,2054,5,5,2.52429,1918.42,1625.17,0,0,4,1604.17,1393.23,0,391,313,50,1393.23,-0.291192,2.52429,10.5543,7.73879,-89.7612,-86.9457,1.27356,14.9634,0
70,2055,5,5,20.8139,864.618,648.821,0,0,4,414.823,959.453,0,391,313,50,959.453,15.9407,20.8139,29.8904,25.0172,-72.4828,-67.6096,1.27356,14.9634,0
70,2056,5,5,9.70534,2108.84,1852.14,0,0,4,1083.22,2030.19,0,391,313,50,2030.19,4.3276,9.70534,16.2452,11.0402,-86.4598,-81.2548,1.27356,14.9634,0
70,2057,5,5,4.81283,2199.02,1901.41,0,0,4,1776.22,1614.55,0,391,313,50,1614.55,6.86763,4.81283,11.2313,16.3952,-81.1048,-86.2687,1.27356,14.9634,0
70,2058,5,5,16.279,1608.8,1374.77,0,0,4,681.041,1655.89,0,391,313,50,1655.89,13.6109,16.279,24.2523,21.5842,-75.9158,-73.2477,1.27356,14.9634,0
70,2049,5,5,-1.05063,2215.34,2215.34,0,0,4,1974.65,1400.02,0,156,136,50,1400.02,-1.05063,-1.05063,6.92879,6.92879,-90.5712,-90.5712,1.27356,14.9634,0
70,2051,5,5,10.2522,1484.33,1484.33,0,0,4,869.799,1436.47,0,156,136,50,1436.47,10.2522,10.2522,18.8572,18.8572,-78.6428,-78.6428,1.27356,14.9634,0
70,2052,5,5,-1.13099,1717.07,1717.07,0,0,4,1077.45,1584.01,0,156,136,50,1584.01,-1.13099,-1.13099,5.81188,5.81188,-91.6881,-91.6881,1.27356,14.9634,0
70,2053,5,5,14.0908,2185.88,2185.88,0,0,4,1760.45,1619.68,0,156,136,50,1619.68,14.0908,14.0908,21.0851,21.0851,-76.4149,-76.4149,1.27356,14.9634,0
70,2054,5,5,-0.291192,1918.42,1918.42,0,0,4,1604.17,1393.23,0,156,136,50,1393.23,-0.291192,-0.291192,7.73879,7.73879,-89.7612,-89.7612,1.27356,14.9634,0
70,2055,5,5,15.9407,864.618,864.618,0,0,4,414.823,959.453,0,156,136,50,959.453,15.9407,15.9407,25.0172,25.0172,-72.4828,-72.4828,1.27356,14.9634,0
70,2056,5,5,7.49668,2109.55,2109.55,0,0,4,1083.22,2030.19,0,156,136,50,2030.19,7.49668,7.49668,14.0366,14.0366,-83.4634,-83.4634,1.27356,14.9634,0
70,2057,5,5,2.38344,2194.02,2194.02,0,0,4,1776.22,1614.55,0,156,136,50,1614.55,2.38344,2.38344,8.80194,8.80194,-88.6981,-88.6981,1.27356,14.9634,0
70,2058,5,5,13.6109,1608.8,1608.8,0,0,4,681.041,1655.89,0,156,136,50,1655.89,13.6109,13.6109,21.5842,21.5842,-75.9158,-75.9158,1.27356,14.9634,0
71,2049,5,5,-4.18343,2215.34,2206.65,0,0,1,1973.9,1385.82,0,156,136,50,1385.82,-1.05063,-4.18343,4.02475,6.92879,-90.5712,-93.4752,1.27356,14.9634,0
71,2051,5,5,7.82104,1484.33,1492.22,0,0,4,873.413,1443.49,0,156,136,50,1443.49,10.2522,7.82104,15.1485,18.8572,-78.6428,-82.3515,1.27356,14.9634,0
71,2052,5,5,16.838,1717.07,1721.69,0,0,4,1088.81,1582.23,0,156,136,50,1582.23,-1.13099,16.838,24.971,5.81188,-91.6881,-72.529,1.27356,14.9634,0
71,2053,5,5,2.7631,2185.88,2177.01,0,0,1,1742.83,1625.58,0,156,136,50,1625.58,14.0908,2.7631,8.21055,21.0851,-76.4149,-89.2894,1.27356,14.9634,0
71,2054,5,5,-0.291192,1918.42,1918.42,0,0,4,1604.17,1393.23,0,156,136,50,1393.23,-0.291192,-0.291192,7.73879,7.73879,-89.7612,-89.7612,1.27356,14.9634,0
71,2055,5,5,15.9407,864.618,864.618,0,0,4,414.823,959.453,0,156,136,50,959.453,15.9407,15.9407,25.0172,25.0172,-72.4828,-72.4828,1.27356,14.9634,0
71,2056,5,5,11.3862,2109.55,2109.62,0,0,4,1084.64,2029.58,0,156,136,50,2029.58,7.49668,11.3862,19.5239,14.0366,-83.4634,-77.9761,1.27356,14.9634,0
71,2057,5,5,12.9791,2194.02,2189.06,0,0,5,1766.64,1617.67,0,156,136,50,1617.67,2.38344,12.9791,20.5756,8.80194,-88.6981,-76.9244,1.27356,14.9634,0
71,2058,5,5,13.6109,1608.8,1608.8,0,0,4,681.041,1655.89,0,156,136,50,1655.89,13.6109,13.6109,21.5842,21.5842,-75.9158,-75.9158,1.27356,14.9634,0
71,2049,5,5,-1.75845,2215.34,1912.85,0,0,2,1973.9,1385.82,0,391,313,50,1385.82,-1.05063,-1.75845,6.44973,6.92879,-90.5712,-91.0503,1.27356,14.9634,0
71,2051,5,5,11.099,1484.33,1230.14,0,0,2,873.413,1443.49,0,391,313,50,1443.49,10.2522,11.099,18.4265,18.8572,-78.6428,-79.0735,1.27356,14.9634,0
71,2052,5,5,19.7614,1717.07,1449.27,0,0,2,1088.81,1582.23,0,391,313,50,1582.23,-1.13099,19.7614,27.8944,5.81188,-91.6881,-69.6056,1.27356,14.9634,0
71,2053,5,5,5.20852,2185.88,1884.89,0,0,2,1742.83,1625.58,0,391,313,50,1625.58,14.0908,5.20852,10.656,21.0851,-76.4149,-86.844,1.27356,14.9634,0
71,2054,5,5,2.52429,1918.42,1625.17,0,0,2,1604.17,1393.23,0,391,313,50,1393.23,-0.291192,2.52429,10.5543,7.73879,-89.7612,-86.9457,1.27356,14.9634,0
71,2055,5,5,20.8139,864.618,648.821,0,0,2,414.823,959.453,0,391,313,50,959.453,15.9407,20.8139,29.8904,25.0172,-72.4828,-67.6096,1.27356,14.9634,0
71,2056,5,5,13.5958,2109.55,1852.1,0,0,2,1084.64,2029.58,0,391,313,50,2029.58,7.49668,13.5958,21.7335,14.0366,-83.4634,-75.7665,1.27356,14.9634,0
71,2057,5,5,15.4133,2194.02,1896.58,0,0,2,1766.64,1617.67,0,391,313,50,1617.67,2.38344,15.4133,23.0097,8.80194,-88.6981,-74.4903,1.27356,14.9634,0
71,2058,5,5,16.279,1608.8,1374.77,0,0,2,681.041,1655.89,0,391,313,50,1655.89,13.6109,16.279,24.2523,21.5842,-75.9158,-73.2477,1.27356,14.9634,0
71,2049,5,5,-4.18343,2215.34,2206.65,0,0,2,1973.9,1385.82,0,156,136,50,1385.82,-1.05063,-4.18343,4.02475,6.92879,-90.5712,-93.4752,1.27356,14.9634,0
71,2051,5,5,7.82104,1484.33,1492.22,0,0,2,873.413,1443.49,0,156,136,50,1443.49,10.2522,7.82104,15.1485,18.8572,-78.6428,-82.3515,1.27356,14.9634,0
71,2052,5,5,16.838,1717.07,1721.69,0,0,2,1088.81,1582.23,0,156,136,50,1582.23,-1.13099,16.838,24.971,5.81188,-91.6881,-72.529,1.27356,14.9634,0
71,2053,5,5,2.7631,2185.88,2177.01,0,0,2,1742.83,1625.58,0,156,136,50,1625.58,14.0908,2.7631,8.21055,21.0851,-76.4149,-89.2894,1.27356,14.9634,0
71,2054,5,5,-0.291192,1918.42,1918.42,0,0,2,1604.17,1393.23,0,156,136,50,1393.23,-0.291192,-0.291192,7.73879,7.73879,-89.7612,-89.7612,1.27356,14.9634,0
71,2055,5,5,15.9407,864.618,864.618,0,0,2,414.823,959.453,0,156,136,50,959.453,15.9407,15.9407,25.0172,25.0172,-72.4828,-72.4828,1.27356,14.9634,0
71,2056,5,5,11.3862,2109.55,2109.62,0,0,2,1084.64,2029.58,0,156,136,50,2029.58,7.49668,11.3862,19.5239,14.0366,-83.4634,-77.9761,1.27356,14.9634,0
71,2057,5,5,12.9791,2194.02,2189.06,0,0,2,1766.64,1617.67,0,156,136,50,1617.67,2.38344,12.9791,20.5756,8.80194,-88.6981,-76.9244,1.27356,14.9634,0
71,2058,5,5,13.6109,1608.8,1608.8,0,0,2,681.041,1655.89,0,156,136,50,1655.89,13.6109,13.6109,21.5842,21.5842,-75.9158,-75.9158,1.27356,14.9634,0
71,2049,5,5,-1.75845,2215.34,1912.85,0,0,4,1973.9,1385.82,0,391,313,50,1385.82,-1.05063,-1.75845,6.44973,6.92879,-90.5712,-91.0503,1.27356,14.9634,0
71,2051,5,5,11.099,1484.33,1230.14,0,0,4,873.413,1443.49,0,391,313,50,1443.49,10.2522,11.099,18.4265,18.8572,-78.6428,-79.0735,1.27356,14.9634,0
71,2052,5,5,19.7614,1717.07,1449.27,0,0,4,1088.81,1582.23,0,391,313,50,1582.23,-1.13099,19.7614,27.8944,5.81188,-91.6881,-69.6056,1.27356,14.9634,0
71,2053,5,5,5.20852,2185.88,1884.89,0,0,4,1742.83,1625.58,0,391,313,50,1625.58,14.0908,5.20852,10.656,21.0851,-76.4149,-86.844,1.27356,14.9634,0
71,2054,5,5,2.52429,1918.42,1625.17,0,0,4,1604.17,1393.23,0,391,313,50,1393.23,-0.291192,2.52429,10.5543,7.73879,-89.7612,-86.9457,1.27356,14.9634,0
71,2055,5,5,20.8139,864.618,648.821,0,0,4,414.823,959.453,0,391,313,50,959.453,15.9407,20.8139,29.8904,25.0172,-72.4828,-67.6096,1.27356,14.9634,0
71,2056,5,5,13.5958,2109.55,1852.1,0,0,4,1084.64,2029.58,0,391,313,50,2029.58,7.49668,13.5958,21.7335,14.0366,-83.4634,-75.7665,1.27356,14.9634,0
71,2057,5,5,15.4133,2194.02,1896.58,0,0,4,1766.64,1617.67,0,391,313,50,1617.67,2.38344,15.4133,23.0097,8.80194,-88.6981,-74.4903,1.27356,14.9634,0
71,2058,5,5,16.279,1608.8,1374.77,0,0,4,681.041,1655.89,0,391,313,50,1655.89,13.6109,16.279,24.2523,21.5842,-75.9158,-73.2477,1.27356,14.9634,0
71,2049,5,5,-4.18343,2206.65,2206.65,0,0,4,1973.9,1385.82,0,156,136,50,1385.82,-4.18343,-4.18343,4.02475,4.02475,-93.4752,-93.4752,1.27356,14.9634,0
71,2051,5,5,7.82104,1492.22,1492.22,0,0,4,873.413,1443.49,0,156,136,50,1443.49,7.82104,7.82104,15.1485,15.1485,-82.3515,-82.3515,1.27356,14.9634,0
71,2052,5,5,16.838,1721.69,1721.69,0,0,4,1088.81,1582.23,0,156,136,50,1582.23,16.838,16.838,24.971,24.971,-72.529,-72.529,1.27356,14.9634,0
71,2053,5,5,2.7631,2177.01,2177.01,0,0,4,1742.83,1625.58,0,156,136,50,1625.58,2.7631,2.7631,8.21055,8.21055,-89.2894,-89.2894,1.27356,14.9634,0
71,2054,5,5,-0.291192,1918.42,1918.42,0,0,4,1604.17,1393.23,0,156,136,50,1393.23,-0.291192,-0.291192,7.73879,7.73879,-89.7612,-89.7612,1.27356,14.9634,0
71,2055,5,5,15.9407,864.618,864.618,0,0,4,414.823,959.453,0,156,136,50,959.453,15.9407,15.9407,25.0172,25.0172,-72.4828,-72.4828,1.27356,14.9634,0
71,2056,5,5,11.3862,2109.62,2109.62,0,0,4,1084.64,2029.58,0,156,136,50,2029.58,11.3862,11.3862,19.5239,19.5239,-77.9761,-77.9761,1.27356,14.9634,0
71,2057,5,5,12.9791,2189.06,2189.06,0,0,4,1766.64,1617.67,0,156,136,50,1617.67,12.9791,12.9791,20.5756,20.5756,-76.9244,-76.9244,1.27356,14.9634,0
71,2058,5,5,13.6109,1608.8,1608.8,0,0,4,681.041,1655.89,0,156,136,50,1655.89,13.6109,13.6109,21.5842,21.5842,-75.9158,-75.9158,1.27356,14.9634,0
72,2049,5,5,5.40774,2206.65,2198.02,0,0,1,1973.14,1371.63,0,156,136,50,1371.63,-4.18343,5.40774,14.1535,4.02475,-93.4752,-83.3465,1.27356,14.9634,0
72,2051,5,5,12.6505,1492.22,1500.11,0,0,4,877.025,1450.52,0,156,136,50,1450.52,7.82104,12.6505,19.7964,15.1485,-82.3515,-77.7036,1.27356,14.9634,0
72,2052,5,5,14.3654,1721.69,1726.54,0,0,4,1100.08,1580.7,0,156,136,50,1580.7,16.838,14.3654,20.1786,24.971,-72.529,-77.3214,1.27356,14.9634,0
72,2053,5,5,5.65387,2177.01,2171.06,0,0,5,1730.2,1630.29,0,156,136,50,1630.29,2.7631,5.65387,13.6029,8.21055,-89.2894,-83.8971,1.27356,14.9634,0
72,2054,5,5,-0.291192,1918.42,1918.42,0,0,4,1604.17,1393.23,0,156,136,50,1393.23,-0.291192,-0.291192,7.73879,7.73879,-89.7612,-89.7612,1.27356,14.9634,0
72,2055,5,5,15.9407,864.618,864.618,0,0,4,414.823,959.453,0,156,136,50,959.453,15.9407,15.9407,25.0172,25.0172,-72.4828,-72.4828,1.27356,14.9634,0
72,2056,5,5,10.5222,2109.62,2109.62,0,0,4,1084.64,2029.58,0,156,136,50,2029.58,11.3862,10.5222,17.1749,19.5239,-77.9761,-80.3251,1.27356,14.9634,0
72,2057,5,5,11.736,2189.06,2184.96,0,0,1,1758.66,1620.27,0,156,136,50,1620.27,12.9791,11.736,19.6507,20.5756,-76.9244,-77.8493,1.27356,14.9634,0
72,2058,5,5,13.6109,1608.8,1608.8,0,0,4,681.041,1655.89,0,156,136,50,1655.89,13.6109,13.6109,21.5842,21.5842,-75.9158,-75.9158,1.27356,14.9634,0
72,2049,5,5,7.84223,2206.65,1904.3,0,0,2,1973.14,1371.63,0,391,313,50,1371.63,-4.18343,7.84223,16.588,4.02475,-93.4752,-80.912,1.27356,14.9634,0
72,2051,5,5,15.9098,1492.22,1238.01,0,0,2,877.025,1450.52,0,391,313,50,1450.52,7.82104,15.9098,23.0556,15.1485,-82.3515,-74.4444,1.27356,14.9634,0
72,2052,5,5,17.2883,1721.69,1453.39,0,0,2,1100.08,1580.7,0,391,313,50,1580.7,16.838,17.2883,23.1015,24.971,-72.529,-74.3985,1.27356,14.9634,0
72,2053,5,5,8.10459,2177.01,1879.15,0,0,2,1730.2,1630.29,0,391,313,50,1630.29,2.7631,8.10459,16.0536,8.21055,-89.2894,-81.4464,1.27356,14.9634,0
72,2054,5,5,2.52429,1918.42,1625.17,0,0,2,1604.17,1393.23,0,391,313,50,1393.23,-0.291192,2.52429,10.5543,7.73879,-89.7612,-86.9457,1.27356,14.9634,0
72,2055,5,5,20.8139,864.618,648.821,0,0,2,414.823,959.453,0,391,313,50,959.453,15.9407,20.8139,29.8904,25.0172,-72.4828,-67.6096,1.27356,14.9634,0
72,2056,5,5,12.7318,2109.62,1852.1,0,0,2,1084.64,2029.58,0,391,313,50,2029.58,11.3862,12.7318,19.3845,19.5239,-77.9761,-78.1155,1.27356,14.9634,0
72,2057,5,5,14.1741,2189.06,1892.6,0,0,2,1758.66,1620.27,0,391,313,50,1620.27,12.9791,14.1741,22.0887,20.5756,-76.9244,-75.4113,1.27356,14.9634,0
72,2058,5,5,16.279,1608.8,1374.77,0,0,2,681.041,1655.89,0,391,313,50,1655.89,13.6109,16.279,24.2523,21.5842,-75.9158,-73.2477,1.27356,14.9634,0
72,2049,5,5,5.40774,2206.65,2198.02,0,0,2,1973.14,1371.63,0,156,136,50,1371.63,-4.18343,5.40774,14.1535,4.02475,-93.4752,-83.3465,1.27356,14.9634,0
72,2051,5,5,12.6505,1492.22,1500.11,0,0,2,877.025,1450.52,0,156,136,50,1450.52,7.82104,12.6505,19.7964,15.1485,-82.3515,-77.7036,1.27356,14.9634,0
72,2052,5,5,14.3654,1721.69,1726.54,0,0,2,1100.08,1580.7,0,156,136,50,1580.7,16.838,14.3654,20.1786,24.971,-72.529,-77.3214,1.27356,14.9634,0
72,2053,5,5,5.65387,2177.01,2171.06,0,0,2,1730.2,1630.29,0,156,136,50,1630.29,2.7631,5.65387,13.6029,8.21055,-89.2894,-83.8971,1.27356,14.9634,0
72,2054,5,5,-0.291192,1918.42,1918.42,0,0,2,1604.17,1393.23,0,156,136,50,1393.23,-0.291192,-0.291192,7.73879,7.73879,-89.7612,-89.7612,1.27356,14.9634,0
72,2055,5,5,15.9407,864.618,864.618,0,0,2,414.823,959.453,0,156,136,50,959.453,15.9407,15.9407,25.0172,25.0172,-72.4828,-72.4828,1.27356,14.9634,0
72,2056,5,5,10.5222,2109.62,2109.62,0,0,2,1084.64,2029.58,0,156,136,50,2029.58,11.3862,10.5222,17.1749,19.5239,-77.9761,-80.3251,1.27356,14.9634,0
72,2057,5,5,11.736,2189.06,2184.96,0,0,2,1758.66,1620.27,0,156,136,50,1620.27,12.9791,11.736,19.6507,20.5756,-76.9244,-77.8493,1.27356,14.9634,0
72,2058,5,5,13.6109,1608.8,1608.8,0,0,2,681.041,1655.89,0,156,136,50,1655.89,13.6109,13.6109,21.5842,21.5842,-75.9158,-75.9158,1.27356,14.9634,0
72,2049,5,5,7.84223,2206.65,1904.3,0,0,4,1973.14,1371.63,0,391,313,50,1371.63,-4.18343,7.84223,16.588,4.02475,-93.4752,-80.912,1.27356,14.9634,0
72,2051,5,5,15.9098,1492.22,1238.01,0,0,4,877.025,1450.52,0,391,313,50,1450.52,7.82104,15.9098,23.0556,15.1485,-82.3515,-74.4444,1.27356,14.9634,0
72,2052,5,5,17.2883,1721.69,1453.39,0,0,4,1100.08,1580.7,0,391,313,50,1580.7,16.838,17.2883,23.1015,24.971,-72.529,-74.3985,1.27356,14.9634,0
72,2053,5,5,8.10459,2177.01,1879.15,0,0,4,1730.2,1630.29,0,391,313,50,1630.29,2.7631,8.10459,16.0536,8.21055,-89.2894,-81.4464,1.27356,14.9634,0
72,2054,5,5,2.52429,1918.42,1625.17,0,0,4,1604.17,1393.23,0,391,313,50,1393.23,-0.291192,2.52429,10.5543,7.73879,-89.7612,-86.9457,1.27356,14.9634,0
72,2055,5,5,20.8139,864.618,648.821,0,0,4,414.823,959.453,0,391,313,50,959.453,15.9407,20.8139,29.8904,25.0172,-72.4828,-67.6096,1.27356,14.9634,0
72,2056,5,5,12.7318,2109.62,1852.1,0,0,4,1084.64,2029.58,0,391,313,50,2029.58,11.3862,12.7318,19.3845,19.5239,-77.9761,-78.1155,1.27356,14.9634,0
72,2057,5,5,14.1741,2189.06,1892.6,0,0,4,1758.66,1620.27,0,391,313,50,1620.27,12.9791,14.1741,22.0887,20.5756,-76.9244,-75.4113,1.27356,14.9634,0
72,2058,5,5,16.279,1608.8,1374.77,0,0,4,681.041,1655.89,0,391,313,50,1655.89,13.6109,16.279,24.2523,21.5842,-75.9158,-73.2477,1.27356,14.9634,0
72,2049,5,5,5.40774,2198.02,2198.02,0,0,4,1973.14,1371.63,0,156,136,50,1371.63,5.40774,5.40774,14.1535,14.1535,-83.3465,-83.3465,1.27356,14.9634,0
72,2051,5,5,12.6505,1500.11,1500.11,0,0,4,877.025,1450.52,0,156,136,50,1450.52,12.6505,12.6505,19.7964,19.7964,-77.7036,-77.7036,1.27356,14.9634,0
72,2052,5,5,14.3654,1726.54,1726.54,0,0,4,1100.08,1580.7,0,156,136,50,1580.7,14.3654,14.3654,20.1786,20.1786,-77.3214,-77.3214,1.27356,14.9634,0
72,2053,5,5,5.65387,2171.06,2171.06,0,0,4,1730.2,1630.29,0,156,136,50,1630.29,5.65387,5.65387,13.6029,13.6029,-83.8971,-83.8971,1.27356,14.9634,0
72,2054,5,5,-0.291192,1918.42,1918.42,0,0,4,1604.17,1393.23,0,156,136,50,1393.23,-0.291192,-0.291192,7.73879,7.73879,-89.7612,-89.7612,1.27356,14.9634,0
72,2055,5,5,15.9407,864.618,864.618,0,0,4,414.823,959.453,0,156,136,50,959.453,15.9407,15.9407,25.0172,25.0172,-72.4828,-72.4828,1.27356,14.9634,0
72,2056,5,5,10.5222,2109.62,2109.62,0,0,4,1084.64,2029.58,0,156,136,50,2029.58,10.5222,10.5222,17.1749,17.1749,-80.3251,-80.3251,1.27356,14.9634,0
72,2057,5,5,11.736,2184.96,2184.96,0,0,4,1758.66,1620.27,0,156,136,50,1620.27,11.736,11.736,19.6507,19.6507,-77.8493,-77.8493,1.27356,14.9634,0
72,2058,5,5,13.6109,1608.8,1608.8,0,0,4,681.041,1655.89,0,156,136,50,1655.89,13.6109,13.6109,21.5842,21.5842,-75.9158,-75.9158,1.27356,14.9634,0
73,2049,5,5,-0.505558,2198.02,2190.06,0,0,5,1973.1,1357.48,0,156,136,50,1357.48,5.40774,-0.505558,7.40366,14.1535,-83.3465,-90.0963,1.27356,14.9634,0
73,2051,5,5,15.1178,1500.11,1506.24,0,0,4,885.267,1452.98,0,156,136,50,1452.98,12.6505,15.1178,22.6817,19.7964,-77.7036,-74.8183,1.27356,14.9634,0
73,2052,5,5,21.8044,1726.54,1730.42,0,0,4,1108.81,1579.61,0,156,136,50,1579.61,14.3654,21.8044,28.8914,20.1786,-77.3214,-68.6086,1.27356,14.9634,0
73,2053,5,5,4.15937,2171.06,2169.86,0,0,5,1727.58,1631.31,0,156,136,50,1631.31,5.65387,4.15937,11.8287,13.6029,-83.8971,-85.6713,1.27356,14.9634,0
73,2054,5,5,-0.291192,1918.42,1918.42,0,0,4,1604.17,1393.23,0,156,136,50,1393.23,-0.291192,-0.291192,7.73879,7.73879,-89.7612,-89.7612,1.27356,14.9634,0
73,2055,5,5,15.9407,864.618,864.618,0,0,4,414.823,959.453,0,156,136,50,959.453,15.9407,15.9407,25.0172,25.0172,-72.4828,-72.4828,1.27356,14.9634,0
73,2056,5,5,10.5222,2109.62,2109.62,0,0,4,1084.64,2029.58,0,156,136,50,2029.58,10.5222,10.5222,17.1749,17.1749,-80.3251,-80.3251,1.27356,14.9634,0
73,2057,5,5,14.9175,2184.96,2176.97,0,0,1,1742.74,1625.61,0,156,136,50,1625.61,11.736,14.9175,24.1127,19.6507,-77.8493,-73.3873,1.27356,14.9634,0
73,2058,5,5,13.6109,1608.8,1608.8,0,0,4,681.041,1655.89,0,156,136,50,1655.89,13.6109,13.6109,21.5842,21.5842,-75.9158,-75.9158,1.27356,14.9634,0
73,2049,5,5,1.93763,2198.02,1896.43,0,0,2,1973.1,1357.48,0,391,313,50,1357.48,5.40774,1.93763,9.84685,14.1535,-83.3465,-87.6532,1.27356,14.9634,0
73,2051,5,5,18.3708,1500.11,1243.53,0,0,2,885.267,1452.98,0,391,313,50,1452.98,12.6505,18.3708,25.9347,19.7964,-77.7036,-71.5653,1.27356,14.9634,0
73,2052,5,5,24.7266,1726.54,1456.72,0,0,2,1108.81,1579.61,0,391,313,50,1579.61,14.3654,24.7266,31.8136,20.1786,-77.3214,-65.6864,1.27356,14.9634,0
73,2053,5,5,6.61113,2171.06,1878,0,0,2,1727.58,1631.31,0,391,313,50,1631.31,5.65387,6.61113,14.2805,13.6029,-83.8971,-83.2195,1.27356,14.9634,0
73,2054,5,5,2.52429,1918.42,1625.17,0,0,2,1604.17,1393.23,0,391,313,50,1393.23,-0.291192,2.52429,10.5543,7.73879,-89.7612,-86.9457,1.27356,14.9634,0
73,2055,5,5,20.8139,864.618,648.821,0,0,2,414.823,959.453,0,391,313,50,959.453,15.9407,20.8139,29.8904,25.0172,-72.4828,-67.6096,1.27356,14.9634,0
73,2056,5,5,12.7318,2109.62,1852.1,0,0,2,1084.64,2029.58,0,391,313,50,2029.58,10.5222,12.7318,19.3845,17.1749,-80.3251,-78.1155,1.27356,14.9634,0
73,2057,5,5,17.363,2184.96,1884.85,0,0,2,1742.74,1625.61,0,391,313,50,1625.61,11.736,17.363,26.5582,19.6507,-77.8493,-70.9418,1.27356,14.9634,0
73,2058,5,5,16.279,1608.8,1374.77,0,0,2,681.041,1655.89,0,391,313,50,1655.89,13.6109,16.279,24.2523,21.5842,-75.9158,-73.2477,1.27356,14.9634,0
73,2049,5,5,-0.505558,2198.02,2190.06,0,0,2,1973.1,1357.48,0,156,136,50,1357.48,5.40774,-0.505558,7.40366,14.1535,-83.3465,-90.0963,1.27356,14.9634,0
73,2051,5,5,15.1178,1500.11,1506.24,0,0,2,885.267,1452.98,0,156,136,50,1452.98,12.6505,15.1178,22.6817,19.7964,-77.7036,-74.8183,1.27356,14.9634,0
73,2052,5,5,21.8044,1726.54,1730.42,0,0,2,1108.81,1579.61,0,156,136,50,1579.61,14.3654,21.8044,28.8914,20.1786,-77.3214,-68.6086,1.27356,14.9634,0
73,2053,5,5,4.15937,2171.06,2169.86,0,0,2,1727.58,1631.31,0,156,136,50,1631.31,5.65387,4.15937,11.8287,13.6029,-83.8971,-85.6713,1.27356,14.9634,0
73,2054,5,5,-0.291192,1918.42,1918.42,0,0,2,1604.17,1393.23,0,156,136,50,1393.23,-0.291192,-0.291192,7.73879,7.73879,-89.7612,-89.7612,1.27356,14.9634,0
73,2055,5,5,15.9407,864.618,864.618,0,0,2,414.823,959.453,0,156,136,50,959.453,15.9407,15.9407,25.0172,25.0172,-72.4828,-72.4828,1.27356,14.9634,0
73,2056,5,5,10.5222,2109.62,2109.62,0,0,2,1084.64,2029.58,0,156,136,50,2029.58,10.5222,10.5222,17.1749,17.1749,-80.3251,-80.3251,1.27356,14.9634,0
73,2057,5,5,14.9175,2184.96,2176.97,0,0,2,1742.74,1625.61,0,156,136,50,1625.61,11.736,14.9175,24.1127,19.6507,-77.8493,-73.3873,1.27356,14.9634,0
73,2058,5,5,13.6109,1608.8,1608.8,0,0,2,681.041,1655.89,0,156,136,50,1655.89,13.6109,13.6109,21.5842,21.5842,-75.9158,-75.9158,1.27356,14.9634,0
73,2049,5,5,1.93763,2198.02,1896.43,0,0,4,1973.1,1357.48,0,391,313,50,1357.48,5.40774,1.93763,9.84685,14.1535,-83.3465,-87.6532,1.27356,14.9634,0
73,2051,5,5,18.3708,1500.11,1243.53,0,0,4,885.267,1452.98,0,391,313,50,1452.98,12.6505,18.3708,25.9347,19.7964,-77.7036,-71.5653,1.27356,14.9634,0
73,2052,5,5,24.7266,1726.54,1456.72,0,0,4,1108.81,1579.61,0,391,313,50,1579.61,14.3654,24.7266,31.8136,20.1786,-77.3214,-65.6864,1.27356,14.9634,0
73,2053,5,5,6.61113,2171.06,1878,0,0,4,1727.58,1631.31,0,391,313,50,1631.31,5.65387,6.61113,14.2805,13.6029,-83.8971,-83.2195,1.27356,14.9634,0
73,2054,5,5,2.52429,1918.42,1625.17,0,0,4,1604.17,1393.23,0,391,313,50,1393.23,-0.291192,2.52429,10.5543,7.73879,-89.7612,-86.9457,1.27356,14.9634,0
73,2055,5,5,20.8139,864.618,648.821,0,0,4,414.823,959.453,0,391,313,50,959.453,15.9407,20.8139,29.8904,25.0172,-72.4828,-67.6096,1.27356,14.9634,0
73,2056,5,5,12.7318,2109.62,1852.1,0,0,4,1084.64,2029.58,0,391,313,50,2029.58,10.5222,12.7318,19.3845,17.1749,-80.3251,-78.1155,1.27356,14.9634,0
73,2057,5,5,17.363,2184.96,1884.85,0,0,4,1742.74,1625.61,0,391,313,50,1625.61,11.736,17.363,26.5582,19.6507,-77.8493,-70.9418,1.27356,14.9634,0
73,2058,5,5,16.279,1608.8,1374.77,0,0,4,681.041,1655.89,0,391,313,50,1655.89,13.6109,16.279,24.2523,21.5842,-75.9158,-73.2477,1.27356,14.9634,0
73,2049,5,5,-0.505558,2190.06,2190.06,0,0,4,1973.1,1357.48,0,156,136,50,1357.48,-0.505558,-0.505558,7.40366,7.40366,-90.0963,-90.0963,1.27356,14.9634,0
73,2051,5,5,15.1178,1506.24,1506.24,0,0,4,885.267,1452.98,0,156,136,50,1452.98,15.1178,15.1178,22.6817,22.6817,-74.8183,-74.8183,1.27356,14.9634,0
73,2052,5,5,21.8044,1730.42,1730.42,0,0,4,1108.81,1579.61,0,156,136,50,1579.61,21.8044,21.8044,28.8914,28.8914,-68.6086,-68.6086,1.27356,14.9634,0
73,2053,5,5,4.15937,2169.86,2169.86,0,0,4,1727.58,1631.31,0,156,136,50,1631.31,4.15937,4.15937,11.8287,11.8287,-85.6713,-85.6713,1.27356,14.9634,0
73,2054,5,5,-0.291192,1918.42,1918.42,0,0,4,1604.17,1393.23,0,156,136,50,1393.23,-0.291192,-0.291192,7.73879,7.73879,-89.7612,-89.7612,1.27356,14.9634,0
73,2055,5,5,15.9407,864.618,864.618,0,0,4,414.823,959.453,0,156,136,50,959.453,15.9407,15.9407,25.0172,25.0172,-72.4828,-72.4828,1.27356,14.9634,0
73,2056,5,5,10.5222,2109.62,2109.62,0,0,4,1084.64,2029.58,0,156,136,50,2029.58,10.5222,10.5222,17.1749,17.1749,-80.3251,-80.3251,1.27356,14.9634,0
73,2057,5,5,14.9175,2176.97,2176.97,0,0,4,1742.74,1625.61,0,156,136,50,1625.61,14.9175,14.9175,24.1127,24.1127,-73.3873,-73.3873,1.27356,14.9634,0
73,2058,5,5,13.6109,1608.8,1608.8,0,0,4,681.041,1655.89,0,156,136,50,1655.89,13.6109,13.6109,21.5842,21.5842,-75.9158,-75.9158,1.27356,14.9634,0
74,2049,5,5,10.4688,2190.06,2177.09,0,0,1,1960.3,1353.26,0,156,136,50,1353.26,-0.505558,10.4688,16.6356,7.40366,-90.0963,-80.8644,1.27356,14.9634,0
74,2051,5,5,19.9332,1506.24,1502.74,0,0,4,888.51,1447.17,0,156,136,50,1447.17,15.1178,19.9332,27.3691,22.6817,-74.8183,-70.1309,1.27356,14.9634,0
74,2052,5,5,13.3963,1730.42,1732.69,0,0,4,1113.88,1578.97,0,156,136,50,1578.97,21.8044,13.3963,18.7102,28.8914,-68.6086,-78.7898,1.27356,14.9634,0
74,2053,5,5,5.2992,2169.86,2169.05,0,0,5,1725.8,1632,0,156,136,50,1632,4.15937,5.2992,11.056,11.8287,-85.6713,-86.444,1.27356,14.9634,0
74,2054,5,5,-0.291192,1918.42,1918.42,0,0,4,1604.17,1393.23,0,156,136,50,1393.23,-0.291192,-0.291192,7.73879,7.73879,-89.7612,-89.7612,1.27356,14.9634,0
74,2055,5,5,15.9407,864.618,864.618,0,0,4,414.823,959.453,0,156,136,50,959.453,15.9407,15.9407,25.0172,25.0172,-72.4828,-72.4828,1.27356,14.9634,0
74,2056,5,5,10.5222,2109.62,2109.62,0,0,4,1084.64,2029.58,0,156,136,50,2029.58,10.5222,10.5222,17.1749,17.1749,-80.3251,-80.3251,1.27356,14.9634,0
74,2057,5,5,5.04271,2176.97,2171.33,0,0,1,1730.78,1630.07,0,156,136,50,1630.07,14.9175,5.04271,14.2598,24.1127,-73.3873,-83.2402,1.27356,14.9634,0
74,2058,5,5,13.6109,1608.8,1608.8,0,0,4,681.041,1655.89,0,156,136,50,1655.89,13.6109,13.6109,21.5842,21.5842,-75.9158,-75.9158,1.27356,14.9634,0
74,2049,5,5,12.9279,2190.06,1883.44,0,0,2,1960.3,1353.26,0,391,313,50,1353.26,-0.505558,12.9279,19.0947,7.40366,-90.0963,-78.4053,1.27356,14.9634,0
74,2051,5,5,23.2018,1506.24,1239.5,0,0,2,888.51,1447.17,0,391,313,50,1447.17,15.1178,23.2018,30.6377,22.6817,-74.8183,-66.8623,1.27356,14.9634,0
74,2052,5,5,16.3179,1730.42,1458.68,0,0,2,1113.88,1578.97,0,391,313,50,1578.97,21.8044,16.3179,21.6319,28.8914,-68.6086,-75.8681,1.27356,14.9634,0
74,2053,5,5,7.75167,2169.86,1877.22,0,0,2,1725.8,1632,0,391,313,50,1632,4.15937,7.75167,13.5084,11.8287,-85.6713,-83.9916,1.27356,14.9634,0
74,2054,5,5,2.52429,1918.42,1625.17,0,0,2,1604.17,1393.23,0,391,313,50,1393.23,-0.291192,2.52429,10.5543,7.73879,-89.7612,-86.9457,1.27356,14.9634,0
74,2055,5,5,20.8139,864.618,648.821,0,0,2,414.823,959.453,0,391,313,50,959.453,15.9407,20.8139,29.8904,25.0172,-72.4828,-67.6096,1.27356,14.9634,0
74,2056,5,5,12.7318,2109.62,1852.1,0,0,2,1084.64,2029.58,0,391,313,50,2029.58,10.5222,12.7318,19.3845,17.1749,-80.3251,-78.1155,1.27356,14.9634,0
74,2057,5,5,7.4932,2176.97,1879.41,0,0,2,1730.78,1630.07,0,391,313,50,1630.07,14.9175,7.4932,16.7103,24.1127,-73.3873,-80.7897,1.27356,14.9634,0
74,2058,5,5,16.279,1608.8,1374.77,0,0,2,681.041,1655.89,0,391,313,50,1655.89,13.6109,16.279,24.2523,21.5842,-75.9158,-73.2477,1.27356,14.9634,0
74,2049,5,5,10.4688,2190.06,2177.09,0,0,2,1960.3,1353.26,0,156,136,50,1353.26,-0.505558,10.4688,16.6356,7.40366,-90.0963,-80.8644,1.27356,14.9634,0
74,2051,5,5,19.9332,1506.24,1502.74,0,0,2,888.51,1447.17,0,156,136,50,1447.17,15.1178,19.9332,27.3691,22.6817,-74.8183,-70.1309,1.27356,14.9634,0
74,2052,5,5,13.3963,1730.42,1732.69,0,0,2,1113.88,1578.97,0,156,136,50,1578.97,21.8044,13.3963,18.7102,28.8914,-68.6086,-78.7898,1.27356,14.9634,0
74,2053,5,5,5.2992,2169.86,2169.05,0,0,2,1725.8,1632,0,156,136,50,1632,4.15937,5.2992,11.056,11.8287,-85.6713,-86.444,1.27356,14.9634,0
74,2054,5,5,-0.291192,1918.42,1918.42,0,0,2,1604.17,1393.23,0,156,136,50,1393.23,-0.291192,-0.291192,7.73879,7.73879,-89.7612,-89.7612,1.27356,14.9634,0
74,2055,5,5,15.9407,864.618,864.618,0,0,2,414.823,959.453,0,156,136,50,959.453,15.9407,15.9407,25.0172,25.0172,-72.4828,-72.4828,1.27356,14.9634,0
74,2056,5,5,10.5222,2109.62,2109.62,0,0,2,1084.64,2029.58,0,156,136,50,2029.58,10.5222,10.5222,17.1749,17.1749,-80.3251,-80.3251,1.27356,14.9634,0
74,2057,5,5,5.04271,2176.97,2171.33,0,0,2,1730.78,1630.07,0,156,136,50,1630.07,14.9175,5.04271,14.2598,24.1127,-73.3873,-83.2402,1.27356,14.9634,0
74,2058,5,5,13.6109,1608.8,1608.8,0,0,2,681.041,1655.89,0,156,136,50,1655.89,13.6109,13.6109,21.5842,21.5842,-75.9158,-75.9158,1.27356,14.9634,0
74,2049,5,5,12.9279,2190.06,1883.44,0,0,4,1960.3,1353.26,0,391,313,50,1353.26,-0.505558,12.9279,19.0947,7.40366,-90.0963,-78.4053,1.27356,14.9634,0
74,2051,5,5,23.2018,1506.24,1239.5,0,0,4,888.51,1447.17,0,391,313,50,1447.17,15.1178,23.2018,30.6377,22.6817,-74.8183,-66.8623,1.27356,14.9634,0
74,2052,5,5,16.3179,1730.42,1458.68,0,0,4,1113.88,1578.97,0,391,313,50,1578.97,21.8044,16.3179,21.6319,28.8914,-68.6086,-75.8681,1.27356,14.9634,0
74,2053,5,5,7.75167,2169.86,1877.22,0,0,4,1725.8,1632,0,391,313,50,1632,4.15937,7.75167,13.5084,11.8287,-85.6713,-83.9916,1.27356,14.9634,0
74,2054,5,5,2.52429,1918.42,1625.17,0,0,4,1604.17,1393.23,0,391,313,50,1393.23,-0.291192,2.52429,10.5543,7.73879,-89.7612,-86.9457,1.27356,14.9634,0
74,2055,5,5,20.8139,864.618,648.821,0,0,4,414.823,959.453,0,391,313,50,959.453,15.9407,20.8139,29.8904,25.0172,-72.4828,-67.6096,1.27356,14.9634,0
74,2056,5,5,12.7318,2109.62,1852.1,0,0,4,1084.64,2029.58,0,391,313,50,2029.58,10.5222,12.7318,19.3845,17.1749,-80.3251,-78.1155,1.27356,14.9634,0
74,2057,5,5,7.4932,2176.97,1879.41,0,0,4,1730.78,1630.07,0,391,313,50,1630.07,14.9175,7.4932,16.7103,24.1127,-73.3873,-80.7897,1.27356,14.9634,0
74,2058,5,5,16.279,1608.8,1374.77,0,0,4,681.041,1655.89,0,391,313,50,1655.89,13.6109,16.279,24.2523,21.5842,-75.9158,-73.2477,1.27356,14.9634,0
74,2049,5,5,10.4688,2177.09,2177.09,0,0,4,1960.3,1353.26,0,156,136,50,1353.26,10.4688,10.4688,16.6356,16.6356,-80.8644,-80.8644,1.27356,14.9634,0
74,2051,5,5,19.9332,1502.74,1502.74,0,0,4,888.51,1447.17,0,156,136,50,1447.17,19.9332,19.9332,27.3691,27.3691,-70.1309,-70.1309,1.27356,14.9634,0
74,2052,5,5,13.3963,1732.69,1732.69,0,0,4,1113.88,1578.97,0,156,136,50,1578.97,13.3963,13.3963,18.7102,18.7102,-78.7898,-78.7898,1.27356,14.9634,0
74,2053,5,5,5.2992,2169.05,2169.05,0,0,4,1725.8,1632,0,156,136,50,1632,5.2992,5.2992,11.056,11.056,-86.444,-86.444,1.27356,14.9634,0
74,2054,5,5,-0.291192,1918.42,1918.42,0,0,4,1604.17,1393.23,0,156,136,50,1393.23,-0.291192,-0.291192,7.73879,7.73879,-89.7612,-89.7612,1.27356,14.9634,0
74,2055,5,5,15.9407,864.618,864.618,0,0,4,414.823,959.453,0,156,136,50,959.453,15.9407,15.9407,25.0172,25.0172,-72.4828,-72.4828,1.27356,14.9634,0
74,2056,5,5,10.5222,2109.62,2109.62,0,0,4,1084.64,2029.58,0,156,136,50,2029.58,10.5222,10.5222,17.1749,17.1749,-80.3251,-80.3251,1.27356,14.9634,0
74,2057,5,5,5.04271,2171.33,2171.33,0,0,4,1730.78,1630.07,0,156,136,50,1630.07,5.04271,5.04271,14.2598,14.2598,-83.2402,-83.2402,1.27356,14.9634,0
74,2058,5,5,13.6109,1608.8,1608.8,0,0,4,681.041,1655.89,0,156,136,50,1655.89,13.6109,13.6109,21.5842,21.5842,-75.9158,-75.9158,1.27356,14.9634,0
75,2049,5,5,3.02183,2177.09,2169.07,0,0,5,1949.23,1355.31,0,156,136,50,1355.31,10.4688,3.02183,11.4351,16.6356,-80.8644,-86.0649,1.27356,5.58962,0
75,2051,5,5,24.8496,1502.74,1499.26,0,0,1,891.756,1441.35,0,156,136,50,1441.35,19.9332,24.8496,32.1277,27.3691,-70.1309,-65.3723,1.27356,5.58962,0
75,2052,5,5,25.9461,1732.69,1733.34,0,0,1,1115.33,1578.79,0,156,136,50,1578.79,13.3963,25.9461,33.2501,18.7102,-78.7898,-64.2499,1.27356,5.58962,0
75,2053,5,5,-5.93132,2169.05,2162.3,0,0,5,1715.38,1633.13,0,156,136,50,1633.13,5.2992,-5.93132,2.27167,11.056,-86.444,-95.2283,1.27356,5.58962,0
75,2054,5,5,-0.291192,1918.42,1918.42,0,0,4,1604.17,1393.23,0,156,136,50,1393.23,-0.291192,-0.291192,7.73879,7.73879,-89.7612,-89.7612,1.27356,5.58962,0
75,2055,5,5,15.9407,864.618,864.618,0,0,4,414.823,959.453,0,156,136,50,959.453,15.9407,15.9407,25.0172,25.0172,-72.4828,-72.4828,1.27356,5.58962,0
75,2056,5,5,10.5222,2109.62,2109.62,0,0,1,1084.64,2029.58,0,156,136,50,2029.58,10.5222,10.5222,17.1749,17.1749,-80.3251,-80.3251,1.27356,5.58962,0
75,2057,5,5,3.77417,2171.33,2170.23,0,0,5,1728.37,1631,0,156,136,50,1631,5.04271,3.77417,13.4063,14.2598,-83.2402,-84.0937,1.27356,5.58962,0
75,2058,5,5,13.6109,1608.8,1608.8,0,0,4,681.041,1655.89,0,156,136,50,1655.89,13.6109,13.6109,21.5842,21.5842,-75.9158,-75.9158,1.27356,5.58962,0
75,2049,5,5,5.49126,2177.09,1875.36,0,0,2,1949.23,1355.31,0,391,313,50,1355.31,10.4688,5.49126,13.9045,16.6356,-80.8644,-83.5955,1.27356,5.58962,0
75,2051,5,5,28.1338,1502.74,1235.49,0,0,2,891.756,1441.35,0,391,313,50,1441.35,19.9332,28.1338,35.4119,27.3691,-70.1309,-62.0881,1.27356,5.58962,0
75,2052,5,5,28.8675,1732.69,1459.24,0,0,2,1115.33,1578.79,0,391,313,50,1578.79,13.3963,28.8675,36.1716,18.7102,-78.7898,-61.3284,1.27356,5.58962,0
75,2053,5,5,-3.47198,2169.05,1870.62,0,0,2,1715.38,1633.13,0,391,313,50,1633.13,5.2992,-3.47198,4.73102,11.056,-86.444,-92.769,1.27356,5.58962,0
75,2054,5,5,2.52429,1918.42,1625.17,0,0,2,1604.17,1393.23,0,391,313,50,1393.23,-0.291192,2.52429,10.5543,7.73879,-89.7612,-86.9457,1.27356,5.58962,0
75,2055,5,5,20.8139,864.618,648.821,0,0,2,414.823,959.453,0,391,313,50,959.453,15.9407,20.8139,29.8904,25.0172,-72.4828,-67.6096,1.27356,5.58962,0
75,2056,5,5,12.7318,2109.62,1852.1,0,0,2,1084.64,2029.58,0,391,313,50,2029.58,10.5222,12.7318,19.3845,17.1749,-80.3251,-78.1155,1.27356,5.58962,0
75,2057,5,5,6.22562,2171.33,1878.35,0,0,2,1728.37,1631,0,391,313,50,1631,5.04271,6.22562,15.8577,14.2598,-83.2402,-81.6423,1.27356,5.58962,0
75,2058,5,5,16.279,1608.8,1374.77,0,0,2,681.041,1655.89,0,391,313,50,1655.89,13.6109,16.279,24.2523,21.5842,-75.9158,-73.2477,1.27356,5.58962,0
75,2049,5,5,3.02183,2177.09,2169.07,0,0,2,1949.23,1355.31,0,156,136,50,1355.31,10.4688,3.02183,11.4351,16.6356,-80.8644,-86.0649,1.27356,5.58962,0
75,2051,5,5,24.8496,1502.74,1499.26,0,0,2,891.756,1441.35,0,156,136,50,1441.35,19.9332,24.8496,32.1277,27.3691,-70.1309,-65.3723,1.27356,5.58962,0
75,2052,5,5,25.9461,1732.69,1733.34,0,0,2,1115.33,1578.79,0,156,136,50,1578.79,13.3963,25.9461,33.2501,18.7102,-78.7898,-64.2499,1.27356,5.58962,0
75,2053,5,5,-5.93132,2169.05,2162.3,0,0,2,1715.38,1633.13,0,156,136,50,1633.13,5.2992,-5.93132,2.27167,11.056,-86.444,-95.2283,1.27356,5.58962,0
75,2054,5,5,-0.291192,1918.42,1918.42,0,0,2,1604.17,1393.23,0,156,136,50,1393.23,-0.291192,-0.291192,7.73879,7.73879,-89.7612,-89.7612,1.27356,5.58962,0
75,2055,5,5,15.9407,864.618,864.618,0,0,2,414.823,959.453,0,156,136,50,959.453,15.9407,15.9407,25.0172,25.0172,-72.4828,-72.4828,1.27356,5.58962,0
75,2056,5,5,10.5222,2109.62,2109.62,0,0,2,1084.64,2029.58,0,156,136,50,2029.58,10.5222,10.5222,17.1749,17.1749,-80.3251,-80.3251,1.27356,5.58962,0
75,2057,5,5,3.77417,2171.33,2170.23,0,0,2,1728.37,1631,0,156,136,50,1631,5.04271,3.77417,13.4063,14.2598,-83.2402,-84.0937,1.27356,5.58962,0
75,2058,5,5,13.6109,1608.8,1608.8,0,0,2,681.041,1655.89,0,156,136,50,1655.89,13.6109,13.6109,21.5842,21.5842,-75.9158,-75.9158,1.27356,5.58962,0
75,2049,5,5,5.49126,2177.09,1875.36,0,0,4,1949.23,1355.31,0,391,313,50,1355.31,10.4688,5.49126,13.9045,16.6356,-80.8644,-83.5955,1.27356,5.58962,0
75,2051,5,5,28.1338,1502.74,1235.49,0,0,4,891.756,1441.35,0,391,313,50,1441.35,19.9332,28.1338,35.4119,27.3691,-70.1309,-62.0881,1.27356,5.58962,0
75,2052,5,5,28.8675,1732.69,1459.24,0,0,4,1115.33,1578.79,0,391,313,50,1578.79,13.3963,28.8675,36.1716,18.7102,-78.7898,-61.3284,1.27356,5.58962,0
75,2053,5,5,-3.47198,2169.05,1870.62,0,0,4,1715.38,1633.13,0,391,313,50,1633.13,5.2992,-3.47198,4.73102,11.056,-86.444,-92.769,1.27356,5.58962,0
75,2054,5,5,2.52429,1918.42,1625.17,0,0,4,1604.17,1393.23,0,391,313,50,1393.23,-0.291192,2.52429,10.5543,7.73879,-89.7612,-86.9457,1.27356,5.58962,0
75,2055,5,5,20.8139,864.618,648.821,0,0,4,414.823,959.453,0,391,313,50,959.453,15.9407,20.8139,29.8904,25.0172,-72.4828,-67.6096,1.27356,5.58962,0
75,2056,5,5,12.7318,2109.62,1852.1,0,0,4,1084.64,2029.58,0,391,313,50,2029.58,10.5222,12.7318,19.3845,17.1749,-80.3251,-78.1155,1.27356,5.58962,0
75,2057,5,5,6.22562,2171.33,1878.35,0,0,4,1728.37,1631,0,391,313,50,1631,5.04271,6.22562,15.8577,14.2598,-83.2402,-81.6423,1.27356,5.58962,0
75,2058,5,5,16.279,1608.8,1374.77,0,0,4,681.041,1655.89,0,391,313,50,1655.89,13.6109,16.279,24.2523,21.5842,-75.9158,-73.2477,1.27356,5.58962,0
75,2049,5,5,3.02183,2169.07,2169.07,0,0,4,1949.23,1355.31,0,156,136,50,1355.31,3.02183,3.02183,11.4351,11.4351,-86.0649,-86.0649,1.27356,5.58962,0
75,2051,5,5,24.8496,1499.26,1499.26,0,0,4,891.756,1441.35,0,156,136,50,1441.35,24.8496,24.8496,32.1277,32.1277,-65.3723,-65.3723,1.27356,5.58962,0
75,2052,5,5,25.9461,1733.34,1733.34,0,0,4,1115.33,1578.79,0,156,136,50,1578.79,25.9461,25.9461,33.2501,33.2501,-64.2499,-64.2499,1.27356,5.58962,0
75,2053,5,5,-5.93132,2162.3,2162.3,0,0,4,1715.38,1633.13,0,156,136,50,1633.13,-5.93132,-5.93132,2.27167,2.27167,-95.2283,-95.2283,1.27356,5.58962,0
75,2054,5,5,-0.291192,1918.42,1918.42,0,0,4,1604.17,1393.23,0,156,136,50,1393.23,-0.291192,-0.291192,7.73879,7.73879,-89.7612,-89.7612,1.27356,5.58962,0
75,2055,5,5,15.9407,864.618,864.618,0,0,4,414.823,959.453,0,156,136,50,959.453,15.9407,15.9407,25.0172,25.0172,-72.4828,-72.4828,1.27356,5.58962,0
75,2056,5,5,10.5222,2109.62,2109.62,0,0,4,1084.64,2029.58,0,156,136,50,2029.58,10.5222,10.5222,17.1749,17.1749,-80.3251,-80.3251,1.27356,5.58962,0
75,2057,5,5,3.77417,2170.23,2170.23,0,0,4,1728.37,1631,0,156,136,50,1631,3.77417,3.77417,13.4063,13.4063,-84.0937,-84.0937,1.27356,5.58962,0
75,2058,5,5,13.6109,1608.8,1608.8,0,0,4,681.041,1655.89,0,156,136,50,1655.89,13.6109,13.6109,21.5842,21.5842,-75.9158,-75.9158,1.27356,5.58962,0
76,2049,5,5,1.85729,2169.07,2153.52,0,0,1,1928.14,1358.58,0,156,136,50,1358.58,3.02183,1.85729,7.99353,11.4351,-86.0649,-89.5065,1.27356,5.58962,0
76,2051,5,5,17.4733,1499.26,1495.8,0,0,4,895.002,1435.54,0,156,136,50,1435.54,24.8496,17.4733,24.2773,32.1277,-65.3723,-73.2227,1.27356,5.58962,0
76,2052,5,5,26.4159,1733.34,1733.34,0,0,4,1115.33,1578.79,0,156,136,50,1578.79,25.9461,26.4159,34.7659,33.2501,-64.2499,-62.7341,1.27356,5.58962,0
76,2053,5,5,-7.1928,2162.3,2159.27,0,0,1,1712.1,1632.16,0,156,136,50,1632.16,-5.93132,-7.1928,-2.3093,2.27167,-95.2283,-99.8093,1.27356,5.58962,0
76,2054,5,5,-0.291192,1918.42,1918.42,0,0,4,1604.17,1393.23,0,156,136,50,1393.23,-0.291192,-0.291192,7.73879,7.73879,-89.7612,-89.7612,1.27356,5.58962,0
76,2055,5,5,15.9407,864.618,864.618,0,0,4,414.823,959.453,0,156,136,50,959.453,15.9407,15.9407,25.0172,25.0172,-72.4828,-72.4828,1.27356,5.58962,0
76,2056,5,5,10.5222,2109.62,2109.62,0,0,4,1084.64,2029.58,0,156,136,50,2029.58,10.5222,10.5222,17.1749,17.1749,-80.3251,-80.3251,1.27356,5.58962,0
76,2057,5,5,5.98488,2170.23,2169.35,0,0,5,1726.45,1631.75,0,156,136,50,1631.75,3.77417,5.98488,12.4759,13.4063,-84.0937,-85.0241,1.27356,5.58962,0
76,2058,5,5,13.6109,1608.8,1608.8,0,0,4,681.041,1655.89,0,156,136,50,1655.89,13.6109,13.6109,21.5842,21.5842,-75.9158,-75.9158,1.27356,5.58962,0
76,2049,5,5,4.34686,2169.07,1859.71,0,0,2,1928.14,1358.58,0,391,313,50,1358.58,3.02183,4.34686,10.4831,11.4351,-86.0649,-87.0169,1.27356,5.58962,0
76,2051,5,5,20.7732,1499.26,1231.51,0,0,2,895.002,1435.54,0,391,313,50,1435.54,24.8496,20.7732,27.5771,32.1277,-65.3723,-69.9229,1.27356,5.58962,0
76,2052,5,5,29.3374,1733.34,1459.24,0,0,2,1115.33,1578.79,0,391,313,50,1578.79,25.9461,29.3374,37.6874,33.2501,-64.2499,-59.8126,1.27356,5.58962,0
76,2053,5,5,-4.73001,2162.3,1867.61,0,0,2,1712.1,1632.16,0,391,313,50,1632.16,-5.93132,-4.73001,0.153495,2.27167,-95.2283,-97.3465,1.27356,5.58962,0
76,2054,5,5,2.52429,1918.42,1625.17,0,0,2,1604.17,1393.23,0,391,313,50,1393.23,-0.291192,2.52429,10.5543,7.73879,-89.7612,-86.9457,1.27356,5.58962,0
76,2055,5,5,20.8139,864.618,648.821,0,0,2,414.823,959.453,0,391,313,50,959.453,15.9407,20.8139,29.8904,25.0172,-72.4828,-67.6096,1.27356,5.58962,0
76,2056,5,5,12.7318,2109.62,1852.1,0,0,2,1084.64,2029.58,0,391,313,50,2029.58,10.5222,12.7318,19.3845,17.1749,-80.3251,-78.1155,1.27356,5.58962,0
76,2057,5,5,8.43709,2170.23,1877.5,0,0,2,1726.45,1631.75,0,391,313,50,1631.75,3.77417,8.43709,14.9281,13.4063,-84.0937,-82.5719,1.27356,5.58962,0
76,2058,5,5,16.279,1608.8,1374.77,0,0,2,681.041,1655.89,0,391,313,50,1655.89,13.6109,16.279,24.2523,21.5842,-75.9158,-73.2477,1.27356,5.58962,0
76,2049,5,5,1.85729,2169.07,2153.52,0,0,2,1928.14,1358.58,0,156,136,50,1358.58,3.02183,1.85729,7.99353,11.4351,-86.0649,-89.5065,1.27356,5.58962,0
76,2051,5,5,17.4733,1499.26,1495.8,0,0,2,895.002,1435.54,0,156,136,50,1435.54,24.8496,17.4733,24.2773,32.1277,-65.3723,-73.2227,1.27356,5.58962,0
76,2052,5,5,26.4159,1733.34,1733.34,0,0,2,1115.33,1578.79,0,156,136,50,1578.79,25.9461,26.4159,34.7659,33.2501,-64.2499,-62.7341,1.27356,5.58962,0
76,2053,5,5,-7.1928,2162.3,2159.27,0,0,2,1712.1,1632.16,0,156,136,50,1632.16,-5.93132,-7.1928,-2.3093,2.27167,-95.2283,-99.8093,1.27356,5.58962,0
76,2054,5,5,-0.291192,1918.42,1918.42,0,0,2,1604.17,1393.23,0,156,136,50,1393.23,-0.291192,-0.291192,7.73879,7.73879,-89.7612,-89.7612,1.27356,5.58962,0
76,2055,5,5,15.9407,864.618,864.618,0,0,2,414.823,959.453,0,156,136,50,959.453,15.9407,15.9407,25.0172,25.0172,-72.4828,-72.4828,1.27356,5.58962,0
76,2056,5,5,10.5222,2109.62,2109.62,0,0,2,1084.64,2029.58,0,156,136,50,2029.58,10.5222,10.5222,17.1749,17.1749,-80.3251,-80.3251,1.27356,5.58962,0
76,2057,5,5,5.98488,2170.23,2169.35,0,0,2,1726.45,1631.75,0,156,136,50,1631.75,3.77417,5.98488,12.4759,13.4063,-84.0937,-85.0241,1.27356,5.58962,0
76,2058,5,5,13.6109,1608.8,1608.8,0,0,2,681.041,1655.89,0,156,136,50,1655.89,13.6109,13.6109,21.5842,21.5842,-75.9158,-75.9158,1.27356,5.58962,0
76,2049,5,5,4.34686,2169.07,1859.71,0,0,4,1928.14,1358.58,0,391,313,50,1358.58,3.02183,4.34686,10.4831,11.4351,-86.0649,-87.0169,1.27356,5.58962,0
76,2051,5,5,20.7732,1499.26,1231.51,0,0,4,895.002,1435.54,0,391,313,50,1435.54,24.8496,20.7732,27.5771,32.1277,-65.3723,-69.9229,1.27356,5.58962,0
76,2052,5,5,29.3374,1733.34,1459.24,0,0,4,1115.33,1578.79,0,391,313,50,1578.79,25.9461,29.3374,37.6874,33.2501,-64.2499,-59.8126,1.27356,5.58962,0
76,2053,5,5,-4.73001,2162.3,1867.61,0,0,4,1712.1,1632.16,0,391,313,50,1632.16,-5.93132,-4.73001,0.153495,2.27167,-95.2283,-97.3465,1.27356,5.58962,0
76,2054,5,5,2.52429,1918.42,1625.17,0,0,4,1604.17,1393.23,0,391,313,50,1393.23,-0.291192,2.52429,10.5543,7.73879,-89.7612,-86.9457,1.27356,5.58962,0
76,2055,5,5,20.8139,864.618,648.821,0,0,4,414.823,959.453,0,391,313,50,959.453,15.9407,20.8139,29.8904,25.0172,-72.4828,-67.6096,1.27356,5.58962,0
76,2056,5,5,12.7318,2109.62,1852.1,0,0,4,1084.64,2029.58,0,391,313,50,2029.58,10.5222,12.7318,19.3845,17.1749,-80.3251,-78.1155,1.27356,5.58962,0
76,2057,5,5,8.43709,2170.23,1877.5,0,0,4,1726.45,1631.75,0,391,313,50,1631.75,3.77417,8.43709,14.9281,13.4063,-84.0937,-82.5719,1.27356,5.58962,0
76,2058,5,5,16.279,1608.8,1374.77,0,0,4,681.041,1655.89,0,391,313,50,1655.89,13.6109,16.279,24.2523,21.5842,-75.9158,-73.2477,1.27356,5.58962,0
76,2049,5,5,1.85729,2153.52,2153.52,0,0,4,1928.14,1358.58,0,156,136,50,1358.58,1.85729,1.85729,7.99353,7.99353,-89.5065,-89.5065,1.27356,5.58962,0
76,2051,5,5,17.4733,1495.8,1495.8,0,0,4,895.002,1435.54,0,156,136,50,1435.54,17.4733,17.4733,24.2773,24.2773,-73.2227,-73.2227,1.27356,5.58962,0
76,2052,5,5,26.4159,1733.34,1733.34,0,0,4,1115.33,1578.79,0,156,136,50,1578.79,26.4159,26.4159,34.7659,34.7659,-62.7341,-62.7341,1.27356,5.58962,0
76,2053,5,5,-7.1928,2159.27,2159.27,0,0,4,1712.1,1632.16,0,156,136,50,1632.16,-7.1928,-7.1928,-2.3093,-2.3093,-99.8093,-99.8093,1.27356,5.58962,0
76,2054,5,5,-0.291192,1918.42,1918.42,0,0,4,1604.17,1393.23,0,156,136,50,1393.23,-0.291192,-0.291192,7.73879,7.73879,-89.7612,-89.7612,1.27356,5.58962,0
76,2055,5,5,15.9407,864.618,864.618,0,0,4,414.823,959.453,0,156,136,50,959.453,15.9407,15.9407,25.0172,25.0172,-72.4828,-72.4828,1.27356,5.58962,0
76,2056,5,5,10.5222,2109.62,2109.62,0,0,4,1084.64,2029.58,0,156,136,50,2029.58,10.5222,10.5222,17.1749,17.1749,-80.3251,-80.3251,1.27356,5.58962,0
76,2057,5,5,5.98488,2169.35,2169.35,0,0,4,1726.45,1631.75,0,156,136,50,1631.75,5.98488,5.98488,12.4759,12.4759,-85.0241,-85.0241,1.27356,5.58962,0
76,2058,5,5,13.6109,1608.8,1608.8,0,0,4,681.041,1655.89,0,156,136,50,1655.89,13.6109,13.6109,21.5842,21.5842,-75.9158,-75.9158,1.27356,5.58962,0
77,2049,5,5,3.44399,2153.52,2144.45,0,0,5,1915.99,1360.18,0,156,136,50,1360.18,1.85729,3.44399,12.0993,7.99353,-89.5065,-85.4007,1.27356,5.58962,0
77,2051,5,5,1.80054,1495.8,1493.04,0,0,4,903.927,1427.23,0,156,136,50,1427.23,17.4733,1.80054,8.2856,24.2773,-73.2227,-89.2144,1.27356,5.58962,0
77,2052,5,5,26.4159,1733.34,1733.34,0,0,4,1115.33,1578.79,0,156,136,50,1578.79,26.4159,26.4159,34.7659,34.7659,-62.7341,-62.7341,1.27356,5.58962,0
77,2053,5,5,11.9745,2159.27,2139.74,0,0,5,1700.19,1616.36,0,156,136,50,1616.36,-7.1928,11.9745,18.7333,-2.3093,-99.8093,-78.7667,1.27356,5.58962,0
77,2054,5,5,-0.291192,1918.42,1918.42,0,0,4,1604.17,1393.23,0,156,136,50,1393.23,-0.291192,-0.291192,7.73879,7.73879,-89.7612,-89.7612,1.27356,5.58962,0
77,2055,5,5,15.9407,864.618,864.618,0,0,4,414.823,959.453,0,156,136,50,959.453,15.9407,15.9407,25.0172,25.0172,-72.4828,-72.4828,1.27356,5.58962,0
77,2056,5,5,10.5222,2109.62,2109.62,0,0,4,1084.64,2029.58,0,156,136,50,2029.58,10.5222,10.5222,17.1749,17.1749,-80.3251,-80.3251,1.27356,5.58962,0
77,2057,5,5,3.37152,2169.35,2163.3,0,0,1,1716.59,1633.3,0,156,136,50,1633.3,5.98488,3.37152,9.96846,12.4759,-85.0241,-87.5315,1.27356,5.58962,0
77,2058,5,5,13.6109,1608.8,1608.8,0,0,4,681.041,1655.89,0,156,136,50,1655.89,13.6109,13.6109,21.5842,21.5842,-75.9158,-75.9158,1.27356,5.58962,0
77,2049,5,5,5.94537,2153.52,1850.59,0,0,2,1915.99,1360.18,0,391,313,50,1360.18,1.85729,5.94537,14.6007,7.99353,-89.5065,-82.8993,1.27356,5.58962,0
77,2051,5,5,5.12234,1495.8,1227.64,0,0,2,903.927,1427.23,0,391,313,50,1427.23,17.4733,5.12234,11.6074,24.2773,-73.2227,-85.8926,1.27356,5.58962,0
77,2052,5,5,29.3374,1733.34,1459.24,0,0,2,1115.33,1578.79,0,391,313,50,1578.79,26.4159,29.3374,37.6874,34.7659,-62.7341,-59.8126,1.27356,5.58962,0
77,2053,5,5,14.4619,2159.27,1848.03,0,0,2,1700.19,1616.36,0,391,313,50,1616.36,-7.1928,14.4619,21.2208,-2.3093,-99.8093,-76.2792,1.27356,5.58962,0
77,2054,5,5,2.52429,1918.42,1625.17,0,0,2,1604.17,1393.23,0,391,313,50,1393.23,-0.291192,2.52429,10.5543,7.73879,-89.7612,-86.9457,1.27356,5.58962,0
77,2055,5,5,20.8139,864.618,648.821,0,0,2,414.823,959.453,0,391,313,50,959.453,15.9407,20.8139,29.8904,25.0172,-72.4828,-67.6096,1.27356,5.58962,0
77,2056,5,5,12.7318,2109.62,1852.1,0,0,2,1084.64,2029.58,0,391,313,50,2029.58,10.5222,12.7318,19.3845,17.1749,-80.3251,-78.1155,1.27356,5.58962,0
77,2057,5,5,5.82977,2169.35,1871.6,0,0,2,1716.59,1633.3,0,391,313,50,1633.3,5.98488,5.82977,12.4267,12.4759,-85.0241,-85.0733,1.27356,5.58962,0
77,2058,5,5,16.279,1608.8,1374.77,0,0,2,681.041,1655.89,0,391,313,50,1655.89,13.6109,16.279,24.2523,21.5842,-75.9158,-73.2477,1.27356,5.58962,0
77,2049,5,5,3.44399,2153.52,2144.45,0,0,2,1915.99,1360.18,0,156,136,50,1360.18,1.85729,3.44399,12.0993,7.99353,-89.5065,-85.4007,1.27356,5.58962,0
77,2051,5,5,1.80054,1495.8,1493.04,0,0,2,903.927,1427.23,0,156,136,50,1427.23,17.4733,1.80054,8.2856,24.2773,-73.2227,-89.2144,1.27356,5.58962,0
77,2052,5,5,26.4159,1733.34,1733.34,0,0,2,1115.33,1578.79,0,156,136,50,1578.79,26.4159,26.4159,34.7659,34.7659,-62.7341,-62.7341,1.27356,5.58962,0
77,2053,5,5,11.9745,2159.27,2139.74,0,0,2,1700.19,1616.36,0,156,136,50,1616.36,-7.1928,11.9745,18.7333,-2.3093,-99.8093,-78.7667,1.27356,5.58962,0
77,2054,5,5,-0.291192,1918.42,1918.42,0,0,2,1604.17,1393.23,0,156,136,50,1393.23,-0.291192,-0.291192,7.73879,7.73879,-89.7612,-89.7612,1.27356,5.58962,0
77,2055,5,5,15.9407,864.618,864.618,0,0,2,414.823,959.453,0,156,136,50,959.453,15.9407,15.9407,25.0172,25.0172,-72.4828,-72.4828,1.27356,5.58962,0
77,2056,5,5,10.5222,2109.62,2109.62,0,0,2,1084.64,2029.58,0,156,136,50,2029.58,10.5222,10.5222,17.1749,17.1749,-80.3251,-80.3251,1.27356,5.58962,0
77,2057,5,5,3.37152,2169.35,2163.3,0,0,2,1716.59,1633.3,0,156,136,50,1633.3,5.98488,3.37152,9.96846,12.4759,-85.0241,-87.5315,1.27356,5.58962,0
77,2058,5,5,13.6109,1608.8,1608.8,0,0,2,681.041,1655.89,0,156,136,50,1655.89,13.6109,13.6109,21.5842,21.5842,-75.9158,-75.9158,1.27356,5.58962,0
77,2049,5,5,5.94537,2153.52,1850.59,0,0,4,1915.99,1360.18,0,391,313,50,1360.18,1.85729,5.94537,14.6007,7.99353,-89.5065,-82.8993,1.27356,5.58962,0
77,2051,5,5,5.12234,1495.8,1227.64,0,0,4,903.927,1427.23,0,391,313,50,1427.23,17.4733,5.12234,11.6074,24.2773,-73.2227,-85.8926,1.27356,5.58962,0
77,2052,5,5,29.3374,1733.34,1459.24,0,0,4,1115.33,1578.79,0,391,313,50,1578.79,26.4159,29.3374,37.6874,34.7659,-62.7341,-59.8126,1.27356,5.58962,0
77,2053,5,5,14.4619,2159.27,1848.03,0,0,4,1700.19,1616.36,0,391,313,50,1616.36,-7.1928,14.4619,21.2208,-2.3093,-99.8093,-76.2792,1.27356,5.58962,0
77,2054,5,5,2.52429,1918.42,1625.17,0,0,4,1604.17,1393.23,0,391,313,50,1393.23,-0.291192,2.52429,10.5543,7.73879,-89.7612,-86.9457,1.27356,5.58962,0
77,2055,5,5,20.8139,864.618,648.821,0,0,4,414.823,959.453,0,391,313,50,959.453,15.9407,20.8139,29.8904,25.0172,-72.4828,-67.6096,1.27356,5.58962,0
77,2056,5,5,12.7318,2109.62,1852.1,0,0,4,1084.64,2029.58,0,391,313,50,2029.58,10.5222,12.7318,19.3845,17.1749,-80.3251,-78.1155,1.27356,5.58962,0
77,2057,5,5,5.82977,2169.35,1871.6,0,0,4,1716.59,1633.3,0,391,313,50,1633.3,5.98488,5.82977,12.4267,12.4759,-85.0241,-85.0733,1.27356,5.58962,0
77,2058,5,5,16.279,1608.8,1374.77,0,0,4,681.041,1655.89,0,391,313,50,1655.89,13.6109,16.279,24.2523,21.5842,-75.9158,-73.2477,1.27356,5.58962,0
77,2049,5,5,3.44399,2144.45,2144.45,0,0,4,1915.99,1360.18,0,156,136,50,1360.18,3.44399,3.44399,12.0993,12.0993,-85.4007,-85.4007,1.27356,5.58962,0
77,2051,5,5,1.80054,1493.04,1493.04,0,0,4,903.927,1427.23,0,156,136,50,1427.23,1.80054,1.80054,8.2856,8.2856,-89.2144,-89.2144,1.27356,5.58962,0
77,2052,5,5,26.4159,1733.34,1733.34,0,0,4,1115.33,1578.79,0,156,136,50,1578.79,26.4159,26.4159,34.7659,34.7659,-62.7341,-62.7341,1.27356,5.58962,0
77,2053,5,5,11.9745,2139.74,2139.74,0,0,4,1700.19,1616.36,0,156,136,50,1616.36,11.9745,11.9745,18.7333,18.7333,-78.7667,-78.7667,1.27356,5.58962,0
77,2054,5,5,-0.291192,1918.42,1918.42,0,0,4,1604.17,1393.23,0,156,136,50,1393.23,-0.291192,-0.291192,7.73879,7.73879,-89.7612,-89.7612,1.27356,5.58962,0
77,2055,5,5,15.9407,864.618,864.618,0,0,4,414.823,959.453,0,156,136,50,959.453,15.9407,15.9407,25.0172,25.0172,-72.4828,-72.4828,1.27356,5.58962,0
77,2056,5,5,10.5222,2109.62,2109.62,0,0,4,1084.64,2029.58,0,156,136,50,2029.58,10.5222,10.5222,17.1749,17.1749,-80.3251,-80.3251,1.27356,5.58962,0
77,2057,5,5,3.37152,2163.3,2163.3,0,0,4,1716.59,1633.3,0,156,136,50,1633.3,3.37152,3.37152,9.96846,9.96846,-87.5315,-87.5315,1.27356,5.58962,0
77,2058,5,5,13.6109,1608.8,1608.8,0,0,4,681.041,1655.89,0,156,136,50,1655.89,13.6109,13.6109,21.5842,21.5842,-75.9158,-75.9158,1.27356,5.58962,0
78,2049,5,5,18.5902,2144.45,2135.41,0,0,1,1903.84,1361.78,0,156,136,50,1361.78,3.44399,18.5902,26.114,12.0993,-85.4007,-71.386,1.27356,5.58962,0
78,2051,5,5,16.3411,1493.04,1495.75,0,0,4,910.821,1426.35,0,156,136,50,1426.35,1.80054,16.3411,23.129,8.2856,-89.2144,-74.371,1.27356,5.58962,0
78,2052,5,5,26.4159,1733.34,1733.34,0,0,4,1115.33,1578.79,0,156,136,50,1578.79,26.4159,26.4159,34.7659,34.7659,-62.7341,-62.7341,1.27356,5.58962,0
78,2053,5,5,4.96147,2139.74,2128.52,0,0,1,1696.31,1604.18,0,156,136,50,1604.18,11.9745,4.96147,10.5387,18.7333,-78.7667,-86.9613,1.27356,5.58962,0
78,2054,5,5,-0.291192,1918.42,1918.42,0,0,4,1604.17,1393.23,0,156,136,50,1393.23,-0.291192,-0.291192,7.73879,7.73879,-89.7612,-89.7612,1.27356,5.58962,0
78,2055,5,5,15.9407,864.618,864.618,0,0,4,414.823,959.453,0,156,136,50,959.453,15.9407,15.9407,25.0172,25.0172,-72.4828,-72.4828,1.27356,5.58962,0
78,2056,5,5,10.5222,2109.62,2109.62,0,0,4,1084.64,2029.58,0,156,136,50,2029.58,10.5222,10.5222,17.1749,17.1749,-80.3251,-80.3251,1.27356,5.58962,0
78,2057,5,5,5.97015,2163.3,2160.75,0,0,1,1713.48,1632.87,0,156,136,50,1632.87,3.37152,5.97015,16.7906,9.96846,-87.5315,-80.7094,1.27356,5.58962,0
78,2058,5,5,13.6109,1608.8,1608.8,0,0,4,681.041,1655.89,0,156,136,50,1655.89,13.6109,13.6109,21.5842,21.5842,-75.9158,-75.9158,1.27356,5.58962,0
78,2049,5,5,21.1035,2144.45,1841.5,0,0,2,1903.84,1361.78,0,391,313,50,1361.78,3.44399,21.1035,28.6272,12.0993,-85.4007,-68.8728,1.27356,5.58962,0
78,2051,5,5,19.6646,1493.04,1229.74,0,0,2,910.821,1426.35,0,391,313,50,1426.35,1.80054,19.6646,26.4525,8.2856,-89.2144,-71.0475,1.27356,5.58962,0
78,2052,5,5,29.3374,1733.34,1459.24,0,0,2,1115.33,1578.79,0,391,313,50,1578.79,26.4159,29.3374,37.6874,34.7659,-62.7341,-59.8126,1.27356,5.58962,0
78,2053,5,5,7.46412,2139.74,1836.7,0,0,2,1696.31,1604.18,0,391,313,50,1604.18,11.9745,7.46412,13.0413,18.7333,-78.7667,-84.4587,1.27356,5.58962,0
78,2054,5,5,2.52429,1918.42,1625.17,0,0,2,1604.17,1393.23,0,391,313,50,1393.23,-0.291192,2.52429,10.5543,7.73879,-89.7612,-86.9457,1.27356,5.58962,0
78,2055,5,5,20.8139,864.618,648.821,0,0,2,414.823,959.453,0,391,313,50,959.453,15.9407,20.8139,29.8904,25.0172,-72.4828,-67.6096,1.27356,5.58962,0
78,2056,5,5,12.7318,2109.62,1852.1,0,0,2,1084.64,2029.58,0,391,313,50,2029.58,10.5222,12.7318,19.3845,17.1749,-80.3251,-78.1155,1.27356,5.58962,0
78,2057,5,5,8.4312,2163.3,1869.09,0,0,2,1713.48,1632.87,0,391,313,50,1632.87,3.37152,8.4312,19.2517,9.96846,-87.5315,-78.2483,1.27356,5.58962,0
78,2058,5,5,16.279,1608.8,1374.77,0,0,2,681.041,1655.89,0,391,313,50,1655.89,13.6109,16.279,24.2523,21.5842,-75.9158,-73.2477,1.27356,5.58962,0
78,2049,5,5,18.5902,2144.45,2135.41,0,0,2,1903.84,1361.78,0,156,136,50,1361.78,3.44399,18.5902,26.114,12.0993,-85.4007,-71.386,1.27356,5.58962,0
78,2051,5,5,16.3411,1493.04,1495.75,0,0,2,910.821,1426.35,0,156,136,50,1426.35,1.80054,16.3411,23.129,8.2856,-89.2144,-74.371,1.27356,5.58962,0
78,2052,5,5,26.4159,1733.34,1733.34,0,0,2,1115.33,1578.79,0,156,136,50,1578.79,26.4159,26.4159,34.7659,34.7659,-62.7341,-62.7341,1.27356,5.58962,0
78,2053,5,5,4.96147,2139.74,2128.52,0,0,2,1696.31,1604.18,0,156,136,50,1604.18,11.9745,4.96147,10.5387,18.7333,-78.7667,-86.9613,1.27356,5.58962,0
78,2054,5,5,-0.291192,1918.42,1918.42,0,0,2,1604.17,1393.23,0,156,136,50,1393.23,-0.291192,-0.291192,7.73879,7.73879,-89.7612,-89.7612,1.27356,5.58962,0
78,2055,5,5,15.9407,864.618,864.618,0,0,2,414.823,959.453,0,156,136,50,959.453,15.9407,15.9407,25.0172,25.0172,-72.4828,-72.4828,1.27356,5.58962,0
78,2056,5,5,10.5222,2109.62,2109.62,0,0,2,1084.64,2029.58,0,156,136,50,2029.58,10.5222,10.5222,17.1749,17.1749,-80.3251,-80.3251,1.27356,5.58962,0
78,2057,5,5,5.97015,2163.3,2160.75,0,0,2,1713.48,1632.87,0,156,136,50,1632.87,3.37152,5.97015,16.7906,9.96846,-87.5315,-80.7094,1.27356,5.58962,0
78,2058,5,5,13.6109,1608.8,1608.8,0,0,2,681.041,1655.89,0,156,136,50,1655.89,13.6109,13.6109,21.5842,21.5842,-75.9158,-75.9158,1.27356,5.58962,0
78,2049,5,5,21.1035,2144.45,1841.5,0,0,4,1903.84,1361.78,0,391,313,50,1361.78,3.44399,21.1035,28.6272,12.0993,-85.4007,-68.8728,1.27356,5.58962,0
78,2051,5,5,19.6646,1493.04,1229.74,0,0,4,910.821,1426.35,0,391,313,50,1426.35,1.80054,19.6646,26.4525,8.2856,-89.2144,-71.0475,1.27356,5.58962,0
78,2052,5,5,29.3374,1733.34,1459.24,0,0,4,1115.33,1578.79,0,391,313,50,1578.79,26.4159,29.3374,37.6874,34.7659,-62.7341,-59.8126,1.27356,5.58962,0
78,2053,5,5,7.46412,2139.74,1836.7,0,0,4,1696.31,1604.18,0,391,313,50,1604.18,11.9745,7.46412,13.0413,18.7333,-78.7667,-84.4587,1.27356,5.58962,0
78,2054,5,5,2.52429,1918.42,1625.17,0,0,4,1604.17,1393.23,0,391,313,50,1393.23,-0.291192,2.52429,10.5543,7.73879,-89.7612,-86.9457,1.27356,5.58962,0
78,2055,5,5,20.8139,864.618,648.821,0,0,4,414.823,959.453,0,391,313,50,959.453,15.9407,20.8139,29.8904,25.0172,-72.4828,-67.6096,1.27356,5.58962,0
78,2056,5,5,12.7318,2109.62,1852.1,0,0,4,1084.64,2029.58,0,391,313,50,2029.58,10.5222,12.7318,19.3845,17.1749,-80.3251,-78.1155,1.27356,5.58962,0
78,2057,5,5,8.4312,2163.3,1869.09,0,0,4,1713.48,1632.87,0,391,313,50,1632.87,3.37152,8.4312,19.2517,9.96846,-87.5315,-78.2483,1.27356,5.58962,0
78,2058,5,5,16.279,1608.8,1374.77,0,0,4,681.041,1655.89,0,391,313,50,1655.89,13.6109,16.279,24.2523,21.5842,-75.9158,-73.2477,1.27356,5.58962,0
78,2049,5,5,18.5902,2135.41,2135.41,0,0,4,1903.84,1361.78,0,156,136,50,1361.78,18.5902,18.5902,26.114,26.114,-71.386,-71.386,1.27356,5.58962,0
78,2051,5,5,16.3411,1495.75,1495.75,0,0,4,910.821,1426.35,0,156,136,50,1426.35,16.3411,16.3411,23.129,23.129,-74.371,-74.371,1.27356,5.58962,0
78,2052,5,5,26.4159,1733.34,1733.34,0,0,4,1115.33,1578.79,0,156,136,50,1578.79,26.4159,26.4159,34.7659,34.7659,-62.7341,-62.7341,1.27356,5.58962,0
78,2053,5,5,4.96147,2128.52,2128.52,0,0,4,1696.31,1604.18,0,156,136,50,1604.18,4.96147,4.96147,10.5387,10.5387,-86.9613,-86.9613,1.27356,5.58962,0
78,2054,5,5,-0.291192,1918.42,1918.42,0,0,4,1604.17,1393.23,0,156,136,50,1393.23,-0.291192,-0.291192,7.73879,7.73879,-89.7612,-89.7612,1.27356,5.58962,0
78,2055,5,5,15.9407,864.618,864.618,0,0,4,414.823,959.453,0,156,136,50,959.453,15.9407,15.9407,25.0172,25.0172,-72.4828,-72.4828,1.27356,5.58962,0
78,2056,5,5,10.5222,2109.62,2109.62,0,0,4,1084.64,2029.58,0,156,136,50,2029.58,10.5222,10.5222,17.1749,17.1749,-80.3251,-80.3251,1.27356,5.58962,0
78,2057,5,5,5.97015,2160.75,2160.75,0,0,4,1713.48,1632.87,0,156,136,50,1632.87,5.97015,5.97015,16.7906,16.7906,-80.7094,-80.7094,1.27356,5.58962,0
78,2058,5,5,13.6109,1608.8,1608.8,0,0,4,681.041,1655.89,0,156,136,50,1655.89,13.6109,13.6109,21.5842,21.5842,-75.9158,-75.9158,1.27356,5.58962,0
79,2051,5,5,4.82215,1495.75,1498.48,0,0,4,917.729,1425.46,0,156,136,50,1425.46,16.3411,4.82215,12.6036,23.129,-74.371,-84.8964,1.27356,5.58962,0
79,2052,5,5,26.4159,1733.34,1733.34,0,0,4,1115.33,1578.79,0,156,136,50,1578.79,26.4159,26.4159,34.7659,34.7659,-62.7341,-62.7341,1.27356,5.58962,0
79,2053,5,5,16.2029,2128.52,2115.58,0,0,1,1691.67,1590.27,0,156,136,50,1590.27,4.96147,16.2029,24.0965,10.5387,-86.9613,-73.4035,1.27356,5.58962,0
79,2054,5,5,-0.291192,1918.42,1918.42,0,0,4,1604.17,1393.23,0,156,136,50,1393.23,-0.291192,-0.291192,7.73879,7.73879,-89.7612,-89.7612,1.27356,5.58962,0
79,2055,5,5,15.9407,864.618,864.618,0,0,4,414.823,959.453,0,156,136,50,959.453,15.9407,15.9407,25.0172,25.0172,-72.4828,-72.4828,1.27356,5.58962,0
79,2056,5,5,10.5222,2109.62,2109.62,0,0,4,1084.64,2029.58,0,156,136,50,2029.58,10.5222,10.5222,17.1749,17.1749,-80.3251,-80.3251,1.27356,5.58962,0
79,2057,5,5,10.5952,2160.75,2157.09,0,0,1,1710.37,1630.82,0,156,136,50,1630.82,5.97015,10.5952,19.4745,16.7906,-80.7094,-78.0255,1.27356,5.58962,0
79,2058,5,5,13.6109,1608.8,1608.8,0,0,4,681.041,1655.89,0,156,136,50,1655.89,13.6109,13.6109,21.5842,21.5842,-75.9158,-75.9158,1.27356,5.58962,0
79,2051,5,5,8.14724,1495.75,1231.88,0,0,2,917.729,1425.46,0,391,313,50,1425.46,16.3411,8.14724,15.9287,23.129,-74.371,-81.5713,1.27356,5.58962,0
79,2052,5,5,29.3374,1733.34,1459.24,0,0,2,1115.33,1578.79,0,391,313,50,1578.79,26.4159,29.3374,37.6874,34.7659,-62.7341,-59.8126,1.27356,5.58962,0
79,2053,5,5,18.7232,2128.52,1823.64,0,0,2,1691.67,1590.27,0,391,313,50,1590.27,4.96147,18.7232,26.6168,10.5387,-86.9613,-70.8832,1.27356,5.58962,0
79,2054,5,5,2.52429,1918.42,1625.17,0,0,2,1604.17,1393.23,0,391,313,50,1393.23,-0.291192,2.52429,10.5543,7.73879,-89.7612,-86.9457,1.27356,5.58962,0
79,2055,5,5,20.8139,864.618,648.821,0,0,2,414.823,959.453,0,391,313,50,959.453,15.9407,20.8139,29.8904,25.0172,-72.4828,-67.6096,1.27356,5.58962,0
79,2056,5,5,12.7318,2109.62,1852.1,0,0,2,1084.64,2029.58,0,391,313,50,2029.58,10.5222,12.7318,19.3845,17.1749,-80.3251,-78.1155,1.27356,5.58962,0
79,2057,5,5,13.0607,2160.75,1865.45,0,0,2,1710.37,1630.82,0,391,313,50,1630.82,5.97015,13.0607,21.94,16.7906,-80.7094,-75.56,1.27356,5.58962,0
79,2058,5,5,16.279,1608.8,1374.77,0,0,2,681.041,1655.89,0,391,313,50,1655.89,13.6109,16.279,24.2523,21.5842,-75.9158,-73.2477,1.27356,5.58962,0
79,2051,5,5,4.82215,1495.75,1498.48,0,0,2,917.729,1425.46,0,156,136,50,1425.46,16.3411,4.82215,12.6036,23.129,-74.371,-84.8964,1.27356,5.58962,0
79,2052,5,5,26.4159,1733.34,1733.34,0,0,2,1115.33,1578.79,0,156,136,50,1578.79,26.4159,26.4159,34.7659,34.7659,-62.7341,-62.7341,1.27356,5.58962,0
79,2053,5,5,16.2029,2128.52,2115.58,0,0,2,1691.67,1590.27,0,156,136,50,1590.27,4.96147,16.2029,24.0965,10.5387,-86.9613,-73.4035,1.27356,5.58962,0
79,2054,5,5,-0.291192,1918.42,1918.42,0,0,2,1604.17,1393.23,0,156,136,50,1393.23,-0.291192,-0.291192,7.73879,7.73879,-89.7612,-89.7612,1.27356,5.58962,0
79,2055,5,5,15.9407,864.618,864.618,0,0,2,414.823,959.453,0,156,136,50,959.453,15.9407,15.9407,25.0172,25.0172,-72.4828,-72.4828,1.27356,5.58962,0
79,2056,5,5,10.5222,2109.62,2109.62,0,0,2,1084.64,2029.58,0,156,136,50,2029.58,10.5222,10.5222,17.1749,17.1749,-80.3251,-80.3251,1.27356,5.58962,0
79,2057,5,5,10.5952,2160.75,2157.09,0,0,2,1710.37,1630.82,0,156,136,50,1630.82,5.97015,10.5952,19.4745,16.7906,-80.7094,-78.0255,1.27356,5.58962,0
79,2058,5,5,13.6109,1608.8,1608.8,0,0,2,681.041,1655.89,0,156,136,50,1655.89,13.6109,13.6109,21.5842,21.5842,-75.9158,-75.9158,1.27356,5.58962,0
79,2051,5,5,8.14724,1495.75,1231.88,0,0,4,917.729,1425.46,0,391,313,50,1425.46,16.3411,8.14724,15.9287,23.129,-74.371,-81.5713,1.27356,5.58962,0
79,2052,5,5,29.3374,1733.34,1459.24,0,0,4,1115.33,1578.79,0,391,313,50,1578.79,26.4159,29.3374,37.6874,34.7659,-62.7341,-59.8126,1.27356,5.58962,0
79,2053,5,5,18.7232,2128.52,1823.64,0,0,4,1691.67,1590.27,0,391,313,50,1590.27,4.96147,18.7232,26.6168,10.5387,-86.9613,-70.8832,1.27356,5.58962,0
79,2054,5,5,2.52429,1918.42,1625.17,0,0,4,1604.17,1393.23,0,391,313,50,1393.23,-0.291192,2.52429,10.5543,7.73879,-89.7612,-86.9457,1.27356,5.58962,0
79,2055,5,5,20.8139,864.618,648.821,0,0,4,414.823,959.453,0,391,313,50,959.453,15.9407,20.8139,29.8904,25.0172,-72.4828,-67.6096,1.27356,5.58962,0
79,2056,5,5,12.7318,2109.62,1852.1,0,0,4,1084.64,2029.58,0,391,313,50,2029.58,10.5222,12.7318,19.3845,17.1749,-80.3251,-78.1155,1.27356,5.58962,0
79,2057,5,5,13.0607,2160.75,1865.45,0,0,4,1710.37,1630.82,0,391,313,50,1630.82,5.97015,13.0607,21.94,16.7906,-80.7094,-75.56,1.27356,5.58962,0
79,2058,5,5,16.279,1608.8,1374.77,0,0,4,681.041,1655.89,0,391,313,50,1655.89,13.6109,16.279,24.2523,21.5842,-75.9158,-73.2477,1.27356,5.58962,0
79,2051,5,5,4.82215,1498.48,1498.48,0,0,4,917.729,1425.46,0,156,136,50,1425.46,4.82215,4.82215,12.6036,12.6036,-84.8964,-84.8964,1.27356,5.58962,0
79,2052,5,5,26.4159,1733.34,1733.34,0,0,4,1115.33,1578.79,0,156,136,50,1578.79,26.4159,26.4159,34.7659,34.7659,-62.7341,-62.7341,1.27356,5.58962,0
79,2053,5,5,16.2029,2115.58,2115.58,0,0,4,1691.67,1590.27,0,156,136,50,1590.27,16.2029,16.2029,24.0965,24.0965,-73.4035,-73.4035,1.27356,5.58962,0
79,2054,5,5,-0.291192,1918.42,1918.42,0,0,4,1604.17,1393.23,0,156,136,50,1393.23,-0.291192,-0.291192,7.73879,7.73879,-89.7612,-89.7612,1.27356,5.58962,0
79,2055,5,5,15.9407,864.618,864.618,0,0,4,414.823,959.453,0,156,136,50,959.453,15.9407,15.9407,25.0172,25.0172,-72.4828,-72.4828,1.27356,5.58962,0
79,2056,5,5,10.5222,2109.62,2109.62,0,0,4,1084.64,2029.58,0,156,136,50,2029.58,10.5222,10.5222,17.1749,17.1749,-80.3251,-80.3251,1.27356,5.58962,0
79,2057,5,5,10.5952,2157.09,2157.09,0,0,4,1710.37,1630.82,0,156,136,50,1630.82,10.5952,10.5952,19.4745,19.4745,-78.0255,-78.0255,1.27356,5.58962,0
79,2058,5,5,13.6109,1608.8,1608.8,0,0,4,681.041,1655.89,0,156,136,50,1655.89,13.6109,13.6109,21.5842,21.5842,-75.9158,-75.9158,1.27356,5.58962,0
80,2051,5,5,12.654,1498.48,1501.25,0,0,1,924.638,1424.58,0,156,136,50,1424.58,4.82215,12.654,19.7891,12.6036,-84.8964,-77.7109,1.27356,5.58962,0
80,2052,5,5,13.3374,1733.34,1736.16,0,0,1,1115.63,1581.98,0,156,136,50,1581.98,26.4159,13.3374,21.6874,34.7659,-62.7341,-75.8126,1.27356,5.58962,0
80,2053,5,5,10.8877,2115.58,2101.05,0,0,5,1686.46,1574.62,0,156,136,50,1574.62,16.2029,10.8877,17.1494,24.0965,-73.4035,-80.3506,1.27356,5.58962,0
80,2054,5,5,-0.291192,1918.42,1918.42,0,0,4,1604.17,1393.23,0,156,136,50,1393.23,-0.291192,-0.291192,7.73879,7.73879,-89.7612,-89.7612,1.27356,5.58962,0
80,2055,5,5,15.9407,864.618,864.618,0,0,4,414.823,959.453,0,156,136,50,959.453,15.9407,15.9407,25.0172,25.0172,-72.4828,-72.4828,1.27356,5.58962,0
80,2056,5,5,10.5222,2109.62,2109.62,0,0,1,1084.64,2029.58,0,156,136,50,2029.58,10.5222,10.5222,17.1749,17.1749,-80.3251,-80.3251,1.27356,5.58962,0
80,2057,5,5,5.05617,2157.09,2134.74,0,0,5,1701.03,1608.25,0,156,136,50,1608.25,10.5952,5.05617,14.1836,19.4745,-78.0255,-83.3164,1.27356,5.58962,0
80,2058,5,5,13.6109,1608.8,1608.8,0,0,4,681.041,1655.89,0,156,136,50,1655.89,13.6109,13.6109,21.5842,21.5842,-75.9158,-75.9158,1.27356,5.58962,0
80,2051,5,5,15.9805,1498.48,1234.05,0,0,2,924.638,1424.58,0,391,313,50,1424.58,4.82215,15.9805,23.1156,12.6036,-84.8964,-74.3844,1.27356,5.58962,0
80,2052,5,5,16.2526,1733.34,1462.16,0,0,2,1115.63,1581.98,0,391,313,50,1581.98,26.4159,16.2526,24.6026,34.7659,-62.7341,-72.8974,1.27356,5.58962,0
80,2053,5,5,13.4281,2115.58,1808.98,0,0,2,1686.46,1574.62,0,391,313,50,1574.62,16.2029,13.4281,19.6897,24.0965,-73.4035,-77.8103,1.27356,5.58962,0
80,2054,5,5,2.52429,1918.42,1625.17,0,0,2,1604.17,1393.23,0,391,313,50,1393.23,-0.291192,2.52429,10.5543,7.73879,-89.7612,-86.9457,1.27356,5.58962,0
80,2055,5,5,20.8139,864.618,648.821,0,0,2,414.823,959.453,0,391,313,50,959.453,15.9407,20.8139,29.8904,25.0172,-72.4828,-67.6096,1.27356,5.58962,0
80,2056,5,5,12.7318,2109.62,1852.1,0,0,2,1084.64,2029.58,0,391,313,50,2029.58,10.5222,12.7318,19.3845,17.1749,-80.3251,-78.1155,1.27356,5.58962,0
80,2057,5,5,7.55103,2157.09,1842.92,0,0,2,1701.03,1608.25,0,391,313,50,1608.25,10.5952,7.55103,16.6784,19.4745,-78.0255,-80.8216,1.27356,5.58962,0
80,2058,5,5,16.279,1608.8,1374.77,0,0,2,681.041,1655.89,0,391,313,50,1655.89,13.6109,16.279,24.2523,21.5842,-75.9158,-73.2477,1.27356,5.58962,0
80,2051,5,5,12.654,1498.48,1501.25,0,0,2,924.638,1424.58,0,156,136,50,1424.58,4.82215,12.654,19.7891,12.6036,-84.8964,-77.7109,1.27356,5.58962,0
80,2052,5,5,13.3374,1733.34,1736.16,0,0,2,1115.63,1581.98,0,156,136,50,1581.98,26.4159,13.3374,21.6874,34.7659,-62.7341,-75.8126,1.27356,5.58962,0
80,2053,5,5,10.8877,2115.58,2101.05,0,0,2,1686.46,1574.62,0,156,136,50,1574.62,16.2029,10.8877,17.1494,24.0965,-73.4035,-80.3506,1.27356,5.58962,0
80,2054,5,5,-0.291192,1918.42,1918.42,0,0,2,1604.17,1393.23,0,156,136,50,1393.23,-0.291192,-0.291192,7.73879,7.73879,-89.7612,-89.7612,1.27356,5.58962,0
80,2055,5,5,15.9407,864.618,864.618,0,0,2,414.823,959.453,0,156,136,50,959.453,15.9407,15.9407,25.0172,25.0172,-72.4828,-72.4828,1.27356,5.58962,0
80,2056,5,5,10.5222,2109.62,2109.62,0,0,2,1084.64,2029.58,0,156,136,50,2029.58,10.5222,10.5222,17.1749,17.1749,-80.3251,-80.3251,1.27356,5.58962,0
80,2057,5,5,5.05617,2157.09,2134.74,0,0,2,1701.03,1608.25,0,156,136,50,1608.25,10.5952,5.05617,14.1836,19.4745,-78.0255,-83.3164,1.27356,5.58962,0
80,2058,5,5,13.6109,1608.8,1608.8,0,0,2,681.041,1655.89,0,156,136,50,1655.89,13.6109,13.6109,21.5842,21.5842,-75.9158,-75.9158,1.27356,5.58962,0
80,2051,5,5,15.9805,1498.48,1234.05,0,0,4,924.638,1424.58,0,391,313,50,1424.58,4.82215,15.9805,23.1156,12.6036,-84.8964,-74.3844,1.27356,5.58962,0
80,2052,5,5,16.2526,1733.34,1462.16,0,0,4,1115.63,1581.98,0,391,313,50,1581.98,26.4159,16.2526,24.6026,34.7659,-62.7341,-72.8974,1.27356,5.58962,0
80,2053,5,5,13.4281,2115.58,1808.98,0,0,4,1686.46,1574.62,0,391,313,50,1574.62,16.2029,13.4281,19.6897,24.0965,-73.4035,-77.8103,1.27356,5.58962,0
80,2054,5,5,2.52429,1918.42,1625.17,0,0,4,1604.17,1393.23,0,391,313,50,1393.23,-0.291192,2.52429,10.5543,7.73879,-89.7612,-86.9457,1.27356,5.58962,0
80,2055,5,5,20.8139,864.618,648.821,0,0,4,414.823,959.453,0,391,313,50,959.453,15.9407,20.8139,29.8904,25.0172,-72.4828,-67.6096,1.27356,5.58962,0
80,2056,5,5,12.7318,2109.62,1852.1,0,0,4,1084.64,2029.58,0,391,313,50,2029.58,10.5222,12.7318,19.3845,17.1749,-80.3251,-78.1155,1.27356,5.58962,0
80,2057,5,5,7.55103,2157.09,1842.92,0,0,4,1701.03,1608.25,0,391,313,50,1608.25,10.5952,7.55103,16.6784,19.4745,-78.0255,-80.8216,1.27356,5.58962,0
80,2058,5,5,16.279,1608.8,1374.77,0,0,4,681.041,1655.89,0,391,313,50,1655.89,13.6109,16.279,24.2523,21.5842,-75.9158,-73.2477,1.27356,5.58962,0
80,2051,5,5,12.654,1501.25,1501.25,0,0,4,924.638,1424.58,0,156,136,50,1424.58,12.654,12.654,19.7891,19.7891,-77.7109,-77.7109,1.27356,5.58962,0
80,2052,5,5,13.3374,1736.16,1736.16,0,0,4,1115.63,1581.98,0,156,136,50,1581.98,13.3374,13.3374,21.6874,21.6874,-75.8126,-75.8126,1.27356,5.58962,0
80,2053,5,5,10.8877,2101.05,2101.05,0,0,4,1686.46,1574.62,0,156,136,50,1574.62,10.8877,10.8877,17.1494,17.1494,-80.3506,-80.3506,1.27356,5.58962,0
80,2054,5,5,-0.291192,1918.42,1918.42,0,0,4,1604.17,1393.23,0,156,136,50,1393.23,-0.291192,-0.291192,7.73879,7.73879,-89.7612,-89.7612,1.27356,5.58962,0
80,2055,5,5,15.9407,864.618,864.618,0,0,4,414.823,959.453,0,156,136,50,959.453,15.9407,15.9407,25.0172,25.0172,-72.4828,-72.4828,1.27356,5.58962,0
80,2056,5,5,10.5222,2109.62,2109.62,0,0,4,1084.64,2029.58,0,156,136,50,2029.58,10.5222,10.5222,17.1749,17.1749,-80.3251,-80.3251,1.27356,5.58962,0
80,2057,5,5,5.05617,2134.74,2134.74,0,0,4,1701.03,1608.25,0,156,136,50,1608.25,5.05617,5.05617,14.1836,14.1836,-83.3164,-83.3164,1.27356,5.58962,0
80,2058,5,5,13.6109,1608.8,1608.8,0,0,4,681.041,1655.89,0,156,136,50,1655.89,13.6109,13.6109,21.5842,21.5842,-75.9158,-75.9158,1.27356,5.58962,0
81,2051,5,5,8.37943,1501.25,1504.04,0,0,4,931.556,1423.69,0,156,136,50,1423.69,12.654,8.37943,14.7807,19.7891,-77.7109,-82.7193,1.27356,5.58962,0
81,2052,5,5,13.3374,1736.16,1736.16,0,0,4,1115.63,1581.98,0,156,136,50,1581.98,13.3374,13.3374,21.6874,21.6874,-75.8126,-75.8126,1.27356,5.58962,0
81,2053,5,5,12.1782,2101.05,2085.48,0,0,1,1680.85,1557.81,0,156,136,50,1557.81,10.8877,12.1782,20.1557,17.1494,-80.3506,-77.3443,1.27356,5.58962,0
81,2054,5,5,-0.291192,1918.42,1918.42,0,0,4,1604.17,1393.23,0,156,136,50,1393.23,-0.291192,-0.291192,7.73879,7.73879,-89.7612,-89.7612,1.27356,5.58962,0
81,2055,5,5,15.9407,864.618,864.618,0,0,4,414.823,959.453,0,156,136,50,959.453,15.9407,15.9407,25.0172,25.0172,-72.4828,-72.4828,1.27356,5.58962,0
81,2056,5,5,10.5222,2109.62,2109.62,0,0,4,1084.64,2029.58,0,156,136,50,2029.58,10.5222,10.5222,17.1749,17.1749,-80.3251,-80.3251,1.27356,5.58962,0
81,2057,5,5,18.0646,2134.74,2121.92,0,0,1,1696.43,1594.46,0,156,136,50,1594.46,5.05617,18.0646,25.1538,14.1836,-83.3164,-72.3462,1.27356,5.58962,0
81,2058,5,5,13.6109,1608.8,1608.8,0,0,4,681.041,1655.89,0,156,136,50,1655.89,13.6109,13.6109,21.5842,21.5842,-75.9158,-75.9158,1.27356,5.58962,0
81,2051,5,5,11.7071,1501.25,1236.26,0,0,2,931.556,1423.69,0,391,313,50,1423.69,12.654,11.7071,18.1084,19.7891,-77.7109,-79.3916,1.27356,5.58962,0
81,2052,5,5,16.2526,1736.16,1462.16,0,0,2,1115.63,1581.98,0,391,313,50,1581.98,13.3374,16.2526,24.6026,21.6874,-75.8126,-72.8974,1.27356,5.58962,0
81,2053,5,5,14.7404,2101.05,1793.26,0,0,2,1680.85,1557.81,0,391,313,50,1557.81,10.8877,14.7404,22.7179,17.1494,-80.3506,-74.7821,1.27356,5.58962,0
81,2054,5,5,2.52429,1918.42,1625.17,0,0,2,1604.17,1393.23,0,391,313,50,1393.23,-0.291192,2.52429,10.5543,7.73879,-89.7612,-86.9457,1.27356,5.58962,0
81,2055,5,5,20.8139,864.618,648.821,0,0,2,414.823,959.453,0,391,313,50,959.453,15.9407,20.8139,29.8904,25.0172,-72.4828,-67.6096,1.27356,5.58962,0
81,2056,5,5,12.7318,2109.62,1852.1,0,0,2,1084.64,2029.58,0,391,313,50,2029.58,10.5222,12.7318,19.3845,17.1749,-80.3251,-78.1155,1.27356,5.58962,0
81,2057,5,5,20.5769,2134.74,1829.97,0,0,2,1696.43,1594.46,0,391,313,50,1594.46,5.05617,20.5769,27.666,14.1836,-83.3164,-69.834,1.27356,5.58962,0
81,2058,5,5,16.279,1608.8,1374.77,0,0,2,681.041,1655.89,0,391,313,50,1655.89,13.6109,16.279,24.2523,21.5842,-75.9158,-73.2477,1.27356,5.58962,0
81,2051,5,5,8.37943,1501.25,1504.04,0,0,2,931.556,1423.69,0,156,136,50,1423.69,12.654,8.37943,14.7807,19.7891,-77.7109,-82.7193,1.27356,5.58962,0
81,2052,5,5,13.3374,1736.16,1736.16,0,0,2,1115.63,1581.98,0,156,136,50,1581.98,13.3374,13.3374,21.6874,21.6874,-75.8126,-75.8126,1.27356,5.58962,0
81,2053,5,5,12.1782,2101.05,2085.48,0,0,2,1680.85,1557.81,0,156,136,50,1557.81,10.8877,12.1782,20.1557,17.1494,-80.3506,-77.3443,1.27356,5.58962,0
81,2054,5,5,-0.291192,1918.42,1918.42,0,0,2,1604.17,1393.23,0,156,136,50,1393.23,-0.291192,-0.291192,7.73879,7.73879,-89.7612,-89.7612,1.27356,5.58962,0
81,2055,5,5,15.9407,864.618,864.618,0,0,2,414.823,959.453,0,156,136,50,959.453,15.9407,15.9407,25.0172,25.0172,-72.4828,-72.4828,1.27356,5.58962,0
81,2056,5,5,10.5222,2109.62,2109.62,0,0,2,1084.64,2029.58,0,156,136,50,2029.58,10.5222,10.5222,17.1749,17.1749,-80.3251,-80.3251,1.27356,5.58962,0
81,2057,5,5,18.0646,2134.74,2121.92,0,0,2,1696.43,1594.46,0,156,136,50,1594.46,5.05617,18.0646,25.1538,14.1836,-83.3164,-72.3462,1.27356,5.58962,0
81,2058,5,5,13.6109,1608.8,1608.8,0,0,2,681.041,1655.89,0,156,136,50,1655.89,13.6109,13.6109,21.5842,21.5842,-75.9158,-75.9158,1.27356,5.58962,0
81,2051,5,5,11.7071,1501.25,1236.26,0,0,4,931.556,1423.69,0,391,313,50,1423.69,12.654,11.7071,18.1084,19.7891,-77.7109,-79.3916,1.27356,5.58962,0
81,2052,5,5,16.2526,1736.16,1462.16,0,0,4,1115.63,1581.98,0,391,313,50,1581.98,13.3374,16.2526,24.6026,21.6874,-75.8126,-72.8974,1.27356,5.58962,0
81,2053,5,5,14.7404,2101.05,1793.26,0,0,4,1680.85,1557.81,0,391,313,50,1557.81,10.8877,14.7404,22.7179,17.1494,-80.3506,-74.7821,1.27356,5.58962,0
81,2054,5,5,2.52429,1918.42,1625.17,0,0,4,1604.17,1393.23,0,391,313,50,1393.23,-0.291192,2.52429,10.5543,7.73879,-89.7612,-86.9457,1.27356,5.58962,0
81,2055,5,5,20.8139,864.618,648.821,0,0,4,414.823,959.453,0,391,313,50,959.453,15.9407,20.8139,29.8904,25.0172,-72.4828,-67.6096,1.27356,5.58962,0
81,2056,5,5,12.7318,2109.62,1852.1,0,0,4,1084.64,2029.58,0,391,313,50,2029.58,10.5222,12.7318,19.3845,17.1749,-80.3251,-78.1155,1.27356,5.58962,0
81,2057,5,5,20.5769,2134.74,1829.97,0,0,4,1696.43,1594.46,0,391,313,50,1594.46,5.05617,20.5769,27.666,14.1836,-83.3164,-69.834,1.27356,5.58962,0
81,2058,5,5,16.279,1608.8,1374.77,0,0,4,681.041,1655.89,0,391,313,50,1655.89,13.6109,16.279,24.2523,21.5842,-75.9158,-73.2477,1.27356,5.58962,0
81,2051,5,5,8.37943,1504.04,1504.04,0,0,4,931.556,1423.69,0,156,136,50,1423.69,8.37943,8.37943,14.7807,14.7807,-82.7193,-82.7193,1.27356,5.58962,0
81,2052,5,5,13.3374,1736.16,1736.16,0,0,4,1115.63,1581.98,0,156,136,50,1581.98,13.3374,13.3374,21.6874,21.6874,-75.8126,-75.8126,1.27356,5.58962,0
81,2053,5,5,12.1782,2085.48,2085.48,0,0,4,1680.85,1557.81,0,156,136,50,1557.81,12.1782,12.1782,20.1557,20.1557,-77.3443,-77.3443,1.27356,5.58962,0
81,2054,5,5,-0.291192,1918.42,1918.42,0,0,4,1604.17,1393.23,0,156,136,50,1393.23,-0.291192,-0.291192,7.73879,7.73879,-89.7612,-89.7612,1.27356,5.58962,0
81,2055,5,5,15.9407,864.618,864.618,0,0,4,414.823,959.453,0,156,136,50,959.453,15.9407,15.9407,25.0172,25.0172,-72.4828,-72.4828,1.27356,5.58962,0
81,2056,5,5,10.5222,2109.62,2109.62,0,0,4,1084.64,2029.58,0,156,136,50,2029.58,10.5222,10.5222,17.1749,17.1749,-80.3251,-80.3251,1.27356,5.58962,0
81,2057,5,5,18.0646,2121.92,2121.92,0,0,4,1696.43,1594.46,0,156,136,50,1594.46,18.0646,18.0646,25.1538,25.1538,-72.3462,-72.3462,1.27356,5.58962,0
81,2058,5,5,13.6109,1608.8,1608.8,0,0,4,681.041,1655.89,0,156,136,50,1655.89,13.6109,13.6109,21.5842,21.5842,-75.9158,-75.9158,1.27356,5.58962,0
82,2051,5,5,5.73559,1504.04,1506.4,0,0,4,938.38,1422.32,0,156,136,50,1422.32,8.37943,5.73559,13.0416,14.7807,-82.7193,-84.4584,1.27356,5.58962,0
82,2052,5,5,13.3374,1736.16,1736.16,0,0,4,1115.63,1581.98,0,156,136,50,1581.98,13.3374,13.3374,21.6874,21.6874,-75.8126,-75.8126,1.27356,5.58962,0
82,2053,5,5,-1.2576,2085.48,2072.1,0,0,5,1674.97,1544.49,0,156,136,50,1544.49,12.1782,-1.2576,7.01516,20.1557,-77.3443,-90.4848,1.27356,5.58962,0
82,2054,5,5,-0.291192,1918.42,1918.42,0,0,4,1604.17,1393.23,0,156,136,50,1393.23,-0.291192,-0.291192,7.73879,7.73879,-89.7612,-89.7612,1.27356,5.58962,0
82,2055,5,5,15.9407,864.618,864.618,0,0,4,414.823,959.453,0,156,136,50,959.453,15.9407,15.9407,25.0172,25.0172,-72.4828,-72.4828,1.27356,5.58962,0
82,2056,5,5,10.5222,2109.62,2109.62,0,0,4,1084.64,2029.58,0,156,136,50,2029.58,10.5222,10.5222,17.1749,17.1749,-80.3251,-80.3251,1.27356,5.58962,0
82,2057,5,5,16.6632,2121.92,2107.57,0,0,1,1691.28,1579,0,156,136,50,1579,18.0646,16.6632,24.5211,25.1538,-72.3462,-72.9789,1.27356,5.58962,0
82,2058,5,5,13.6109,1608.8,1608.8,0,0,4,681.041,1655.89,0,156,136,50,1655.89,13.6109,13.6109,21.5842,21.5842,-75.9158,-75.9158,1.27356,5.58962,0
82,2051,5,5,9.06557,1504.04,1238.03,0,0,2,938.38,1422.32,0,391,313,50,1422.32,8.37943,9.06557,16.3715,14.7807,-82.7193,-81.1285,1.27356,5.58962,0
82,2052,5,5,16.2526,1736.16,1462.16,0,0,2,1115.63,1581.98,0,391,313,50,1581.98,13.3374,16.2526,24.6026,21.6874,-75.8126,-72.8974,1.27356,5.58962,0
82,2053,5,5,1.32337,2085.48,1779.78,0,0,2,1674.97,1544.49,0,391,313,50,1544.49,12.1782,1.32337,9.59613,20.1557,-77.3443,-87.9039,1.27356,5.58962,0
82,2054,5,5,2.52429,1918.42,1625.17,0,0,2,1604.17,1393.23,0,391,313,50,1393.23,-0.291192,2.52429,10.5543,7.73879,-89.7612,-86.9457,1.27356,5.58962,0
82,2055,5,5,20.8139,864.618,648.821,0,0,2,414.823,959.453,0,391,313,50,959.453,15.9407,20.8139,29.8904,25.0172,-72.4828,-67.6096,1.27356,5.58962,0
82,2056,5,5,12.7318,2109.62,1852.1,0,0,2,1084.64,2029.58,0,391,313,50,2029.58,10.5222,12.7318,19.3845,17.1749,-80.3251,-78.1155,1.27356,5.58962,0
82,2057,5,5,19.1951,2121.92,1815.48,0,0,2,1691.28,1579,0,391,313,50,1579,18.0646,19.1951,27.053,25.1538,-72.3462,-70.447,1.27356,5.58962,0
82,2058,5,5,16.279,1608.8,1374.77,0,0,2,681.041,1655.89,0,391,313,50,1655.89,13.6109,16.279,24.2523,21.5842,-75.9158,-73.2477,1.27356,5.58962,0
82,2051,5,5,5.73559,1504.04,1506.4,0,0,2,938.38,1422.32,0,156,136,50,1422.32,8.37943,5.73559,13.0416,14.7807,-82.7193,-84.4584,1.27356,5.58962,0
82,2052,5,5,13.3374,1736.16,1736.16,0,0,2,1115.63,1581.98,0,156,136,50,1581.98,13.3374,13.3374,21.6874,21.6874,-75.8126,-75.8126,1.27356,5.58962,0
82,2053,5,5,-1.2576,2085.48,2072.1,0,0,2,1674.97,1544.49,0,156,136,50,1544.49,12.1782,-1.2576,7.01516,20.1557,-77.3443,-90.4848,1.27356,5.58962,0
82,2054,5,5,-0.291192,1918.42,1918.42,0,0,2,1604.17,1393.23,0,156,136,50,1393.23,-0.291192,-0.291192,7.73879,7.73879,-89.7612,-89.7612,1.27356,5.58962,0
82,2055,5,5,15.9407,864.618,864.618,0,0,2,414.823,959.453,0,156,136,50,959.453,15.9407,15.9407,25.0172,25.0172,-72.4828,-72.4828,1.27356,5.58962,0
82,2056,5,5,10.5222,2109.62,2109.62,0,0,2,1084.64,2029.58,0,156,136,50,2029.58,10.5222,10.5222,17.1749,17.1749,-80.3251,-80.3251,1.27356,5.58962,0
82,2057,5,5,16.6632,2121.92,2107.57,0,0,2,1691.28,1579,0,156,136,50,1579,18.0646,16.6632,24.5211,25.1538,-72.3462,-72.9789,1.27356,5.58962,0
82,2058,5,5,13.6109,1608.8,1608.8,0,0,2,681.041,1655.89,0,156,136,50,1655.89,13.6109,13.6109,21.5842,21.5842,-75.9158,-75.9158,1.27356,5.58962,0
82,2051,5,5,9.06557,1504.04,1238.03,0,0,4,938.38,1422.32,0,391,313,50,1422.32,8.37943,9.06557,16.3715,14.7807,-82.7193,-81.1285,1.27356,5.58962,0
82,2052,5,5,16.2526,1736.16,1462.16,0,0,4,1115.63,1581.98,0,391,313,50,1581.98,13.3374,16.2526,24.6026,21.6874,-75.8126,-72.8974,1.27356,5.58962,0
82,2053,5,5,1.32337,2085.48,1779.78,0,0,4,1674.97,1544.49,0,391,313,50,1544.49,12.1782,1.32337,9.59613,20.1557,-77.3443,-87.9039,1.27356,5.58962,0
82,2054,5,5,2.52429,1918.42,1625.17,0,0,4,1604.17,1393.23,0,391,313,50,1393.23,-0.291192,2.52429,10.5543,7.73879,-89.7612,-86.9457,1.27356,5.58962,0
82,2055,5,5,20.8139,864.618,648.821,0,0,4,414.823,959.453,0,391,313,50,959.453,15.9407,20.8139,29.8904,25.0172,-72.4828,-67.6096,1.27356,5.58962,0
82,2056,5,5,12.7318,2109.62,1852.1,0,0,4,1084.64,2029.58,0,391,313,50,2029.58,10.5222,12.7318,19.3845,17.1749,-80.3251,-78.1155,1.27356,5.58962,0
82,2057,5,5,19.1951,2121.92,1815.48,0,0,4,1691.28,1579,0,391,313,50,1579,18.0646,19.1951,27.053,25.1538,-72.3462,-70.447,1.27356,5.58962,0
82,2058,5,5,16.279,1608.8,1374.77,0,0,4,681.041,1655.89,0,391,313,50,1655.89,13.6109,16.279,24.2523,21.5842,-75.9158,-73.2477,1.27356,5.58962,0
82,2051,5,5,5.73559,1506.4,1506.4,0,0,4,938.38,1422.32,0,156,136,50,1422.32,5.73559,5.73559,13.0416,13.0416,-84.4584,-84.4584,1.27356,5.58962,0
82,2052,5,5,13.3374,1736.16,1736.16,0,0,4,1115.63,1581.98,0,156,136,50,1581.98,13.3374,13.3374,21.6874,21.6874,-75.8126,-75.8126,1.27356,5.58962,0
82,2053,5,5,-1.2576,2072.1,2072.1,0,0,4,1674.97,1544.49,0,156,136,50,1544.49,-1.2576,-1.2576,7.01516,7.01516,-90.4848,-90.4848,1.27356,5.58962,0
82,2054,5,5,-0.291192,1918.42,1918.42,0,0,4,1604.17,1393.23,0,156,136,50,1393.23,-0.291192,-0.291192,7.73879,7.73879,-89.7612,-89.7612,1.27356,5.58962,0
82,2055,5,5,15.9407,864.618,864.618,0,0,4,414.823,959.453,0,156,136,50,959.453,15.9407,15.9407,25.0172,25.0172,-72.4828,-72.4828,1.27356,5.58962,0
82,2056,5,5,10.5222,2109.62,2109.62,0,0,4,1084.64,2029.58,0,156,136,50,2029.58,10.5222,10.5222,17.1749,17.1749,-80.3251,-80.3251,1.27356,5.58962,0
82,2057,5,5,16.6632,2107.57,2107.57,0,0,4,1691.28,1579,0,156,136,50,1579,16.6632,16.6632,24.5211,24.5211,-72.9789,-72.9789,1.27356,5.58962,0
82,2058,5,5,13.6109,1608.8,1608.8,0,0,4,681.041,1655.89,0,156,136,50,1655.89,13.6109,13.6109,21.5842,21.5842,-75.9158,-75.9158,1.27356,5.58962,0
83,2051,5,5,15.6239,1506.4,1501.26,0,0,4,948.294,1410.18,0,156,136,50,1410.18,5.73559,15.6239,23.3361,13.0416,-84.4584,-74.1639,1.27356,5.58962,0
83,2052,5,5,13.3374,1736.16,1736.16,0,0,4,1115.63,1581.98,0,156,136,50,1581.98,13.3374,13.3374,21.6874,21.6874,-75.8126,-75.8126,1.27356,5.58962,0
83,2053,5,5,5.11357,2072.1,2062.44,0,0,1,1670.41,1535.2,0,156,136,50,1535.2,-1.2576,5.11357,13.2359,7.01516,-90.4848,-84.2641,1.27356,5.58962,0
83,2054,5,5,-0.291192,1918.42,1918.42,0,0,4,1604.17,1393.23,0,156,136,50,1393.23,-0.291192,-0.291192,7.73879,7.73879,-89.7612,-89.7612,1.27356,5.58962,0
83,2055,5,5,15.9407,864.618,864.618,0,0,4,414.823,959.453,0,156,136,50,959.453,15.9407,15.9407,25.0172,25.0172,-72.4828,-72.4828,1.27356,5.58962,0
83,2056,5,5,10.5222,2109.62,2109.62,0,0,4,1084.64,2029.58,0,156,136,50,2029.58,10.5222,10.5222,17.1749,17.1749,-80.3251,-80.3251,1.27356,5.58962,0
83,2057,5,5,11.5222,2107.57,2093.68,0,0,1,1686.29,1564.01,0,156,136,50,1564.01,16.6632,11.5222,17.2895,24.5211,-72.9789,-80.2105,1.27356,5.58962,0
83,2058,5,5,13.6109,1608.8,1608.8,0,0,4,681.041,1655.89,0,156,136,50,1655.89,13.6109,13.6109,21.5842,21.5842,-75.9158,-75.9158,1.27356,5.58962,0
83,2051,5,5,18.984,1506.4,1231.62,0,0,2,948.294,1410.18,0,391,313,50,1410.18,5.73559,18.984,26.6961,13.0416,-84.4584,-70.8039,1.27356,5.58962,0
83,2052,5,5,16.2526,1736.16,1462.16,0,0,2,1115.63,1581.98,0,391,313,50,1581.98,13.3374,16.2526,24.6026,21.6874,-75.8126,-72.8974,1.27356,5.58962,0
83,2053,5,5,7.70817,2072.1,1770.07,0,0,2,1670.41,1535.2,0,391,313,50,1535.2,-1.2576,7.70817,15.8305,7.01516,-90.4848,-81.6695,1.27356,5.58962,0
83,2054,5,5,2.52429,1918.42,1625.17,0,0,2,1604.17,1393.23,0,391,313,50,1393.23,-0.291192,2.52429,10.5543,7.73879,-89.7612,-86.9457,1.27356,5.58962,0
83,2055,5,5,20.8139,864.618,648.821,0,0,2,414.823,959.453,0,391,313,50,959.453,15.9407,20.8139,29.8904,25.0172,-72.4828,-67.6096,1.27356,5.58962,0
83,2056,5,5,12.7318,2109.62,1852.1,0,0,2,1084.64,2029.58,0,391,313,50,2029.58,10.5222,12.7318,19.3845,17.1749,-80.3251,-78.1155,1.27356,5.58962,0
83,2057,5,5,14.0735,2107.57,1801.47,0,0,2,1686.29,1564.01,0,391,313,50,1564.01,16.6632,14.0735,19.8408,24.5211,-72.9789,-77.6592,1.27356,5.58962,0
83,2058,5,5,16.279,1608.8,1374.77,0,0,2,681.041,1655.89,0,391,313,50,1655.89,13.6109,16.279,24.2523,21.5842,-75.9158,-73.2477,1.27356,5.58962,0
83,2051,5,5,15.6239,1506.4,1501.26,0,0,2,948.294,1410.18,0,156,136,50,1410.18,5.73559,15.6239,23.3361,13.0416,-84.4584,-74.1639,1.27356,5.58962,0
83,2052,5,5,13.3374,1736.16,1736.16,0,0,2,1115.63,1581.98,0,156,136,50,1581.98,13.3374,13.3374,21.6874,21.6874,-75.8126,-75.8126,1.27356,5.58962,0
83,2053,5,5,5.11357,2072.1,2062.44,0,0,2,1670.41,1535.2,0,156,136,50,1535.2,-1.2576,5.11357,13.2359,7.01516,-90.4848,-84.2641,1.27356,5.58962,0
83,2054,5,5,-0.291192,1918.42,1918.42,0,0,2,1604.17,1393.23,0,156,136,50,1393.23,-0.291192,-0.291192,7.73879,7.73879,-89.7612,-89.7612,1.27356,5.58962,0
83,2055,5,5,15.9407,864.618,864.618,0,0,2,414.823,959.453,0,156,136,50,959.453,15.9407,15.9407,25.0172,25.0172,-72.4828,-72.4828,1.27356,5.58962,0
83,2056,5,5,10.5222,2109.62,2109.62,0,0,2,1084.64,2029.58,0,156,136,50,2029.58,10.5222,10.5222,17.1749,17.1749,-80.3251,-80.3251,1.27356,5.58962,0
83,2057,5,5,11.5222,2107.57,2093.68,0,0,2,1686.29,1564.01,0,156,136,50,1564.01,16.6632,11.5222,17.2895,24.5211,-72.9789,-80.2105,1.27356,5.58962,0
83,2058,5,5,13.6109,1608.8,1608.8,0,0,2,681.041,1655.89,0,156,136,50,1655.89,13.6109,13.6109,21.5842,21.5842,-75.9158,-75.9158,1.27356,5.58962,0
83,2051,5,5,18.984,1506.4,1231.62,0,0,4,948.294,1410.18,0,391,313,50,1410.18,5.73559,18.984,26.6961,13.0416,-84.4584,-70.8039,1.27356,5.58962,0
83,2052,5,5,16.2526,1736.16,1462.16,0,0,4,1115.63,1581.98,0,391,313,50,1581.98,13.3374,16.2526,24.6026,21.6874,-75.8126,-72.8974,1.27356,5.58962,0
83,2053,5,5,7.70817,2072.1,1770.07,0,0,4,1670.41,1535.2,0,391,313,50,1535.2,-1.2576,7.70817,15.8305,7.01516,-90.4848,-81.6695,1.27356,5.58962,0
83,2054,5,5,2.52429,1918.42,1625.17,0,0,4,1604.17,1393.23,0,391,313,50,1393.23,-0.291192,2.52429,10.5543,7.73879,-89.7612,-86.9457,1.27356,5.58962,0
83,2055,5,5,20.8139,864.618,648.821,0,0,4,414.823,959.453,0,391,313,50,959.453,15.9407,20.8139,29.8904,25.0172,-72.4828,-67.6096,1.27356,5.58962,0
83,2056,5,5,12.7318,2109.62,1852.1,0,0,4,1084.64,2029.58,0,391,313,50,2029.58,10.5222,12.7318,19.3845,17.1749,-80.3251,-78.1155,1.27356,5.58962,0
83,2057,5,5,14.0735,2107.57,1801.47,0,0,4,1686.29,1564.01,0,391,313,50,1564.01,16.6632,14.0735,19.8408,24.5211,-72.9789,-77.6592,1.27356,5.58962,0
83,2058,5,5,16.279,1608.8,1374.77,0,0,4,681.041,1655.89,0,391,313,50,1655.89,13.6109,16.279,24.2523,21.5842,-75.9158,-73.2477,1.27356,5.58962,0
83,2051,5,5,15.6239,1501.26,1501.26,0,0,4,948.294,1410.18,0,156,136,50,1410.18,15.6239,15.6239,23.3361,23.3361,-74.1639,-74.1639,1.27356,5.58962,0
83,2052,5,5,13.3374,1736.16,1736.16,0,0,4,1115.63,1581.98,0,156,136,50,1581.98,13.3374,13.3374,21.6874,21.6874,-75.8126,-75.8126,1.27356,5.58962,0
83,2053,5,5,5.11357,2062.44,2062.44,0,0,4,1670.41,1535.2,0,156,136,50,1535.2,5.11357,5.11357,13.2359,13.2359,-84.2641,-84.2641,1.27356,5.58962,0
83,2054,5,5,-0.291192,1918.42,1918.42,0,0,4,1604.17,1393.23,0,156,136,50,1393.23,-0.291192,-0.291192,7.73879,7.73879,-89.7612,-89.7612,1.27356,5.58962,0
83,2055,5,5,15.9407,864.618,864.618,0,0,4,414.823,959.453,0,156,136,50,959.453,15.9407,15.9407,25.0172,25.0172,-72.4828,-72.4828,1.27356,5.58962,0
83,2056,5,5,10.5222,2109.62,2109.62,0,0,4,1084.64,2029.58,0,156,136,50,2029.58,10.5222,10.5222,17.1749,17.1749,-80.3251,-80.3251,1.27356,5.58962,0
83,2057,5,5,11.5222,2093.68,2093.68,0,0,4,1686.29,1564.01,0,156,136,50,1564.01,11.5222,11.5222,17.2895,17.2895,-80.2105,-80.2105,1.27356,5.58962,0
83,2058,5,5,13.6109,1608.8,1608.8,0,0,4,681.041,1655.89,0,156,136,50,1655.89,13.6109,13.6109,21.5842,21.5842,-75.9158,-75.9158,1.27356,5.58962,0
84,2051,5,5,8.74936,1501.26,1498.27,0,0,4,951.759,1404.49,0,156,136,50,1404.49,15.6239,8.74936,18.4597,23.3361,-74.1639,-79.0403,1.27356,5.58962,0
84,2052,5,5,13.3374,1736.16,1736.16,0,0,4,1115.63,1581.98,0,156,136,50,1581.98,13.3374,13.3374,21.6874,21.6874,-75.8126,-75.8126,1.27356,5.58962,0
84,2053,5,5,0.478191,2062.44,2056.76,0,0,1,1667.72,1529.72,0,156,136,50,1529.72,5.11357,0.478191,8.17243,13.2359,-84.2641,-89.3276,1.27356,5.58962,0
84,2054,5,5,-0.291192,1918.42,1918.42,0,0,4,1604.17,1393.23,0,156,136,50,1393.23,-0.291192,-0.291192,7.73879,7.73879,-89.7612,-89.7612,1.27356,5.58962,0
84,2055,5,5,15.9407,864.618,864.618,0,0,4,414.823,959.453,0,156,136,50,959.453,15.9407,15.9407,25.0172,25.0172,-72.4828,-72.4828,1.27356,5.58962,0
84,2056,5,5,10.5222,2109.62,2109.62,0,0,4,1084.64,2029.58,0,156,136,50,2029.58,10.5222,10.5222,17.1749,17.1749,-80.3251,-80.3251,1.27356,5.58962,0
84,2057,5,5,4.06469,2093.68,2079.91,0,0,1,1680.98,1549.49,0,156,136,50,1549.49,11.5222,4.06469,9.13353,17.2895,-80.2105,-88.3665,1.27356,5.58962,0
84,2058,5,5,13.6109,1608.8,1608.8,0,0,4,681.041,1655.89,0,156,136,50,1655.89,13.6109,13.6109,21.5842,21.5842,-75.9158,-75.9158,1.27356,5.58962,0
84,2051,5,5,12.1237,1501.26,1228.13,0,0,2,951.759,1404.49,0,391,313,50,1404.49,15.6239,12.1237,21.8341,23.3361,-74.1639,-75.6659,1.27356,5.58962,0
84,2052,5,5,16.2526,1736.16,1462.16,0,0,2,1115.63,1581.98,0,391,313,50,1581.98,13.3374,16.2526,24.6026,21.6874,-75.8126,-72.8974,1.27356,5.58962,0
84,2053,5,5,3.08089,2062.44,1764.34,0,0,2,1667.72,1529.72,0,391,313,50,1529.72,5.11357,3.08089,10.7751,13.2359,-84.2641,-86.7249,1.27356,5.58962,0
84,2054,5,5,2.52429,1918.42,1625.17,0,0,2,1604.17,1393.23,0,391,313,50,1393.23,-0.291192,2.52429,10.5543,7.73879,-89.7612,-86.9457,1.27356,5.58962,0
84,2055,5,5,20.8139,864.618,648.821,0,0,2,414.823,959.453,0,391,313,50,959.453,15.9407,20.8139,29.8904,25.0172,-72.4828,-67.6096,1.27356,5.58962,0
84,2056,5,5,12.7318,2109.62,1852.1,0,0,2,1084.64,2029.58,0,391,313,50,2029.58,10.5222,12.7318,19.3845,17.1749,-80.3251,-78.1155,1.27356,5.58962,0
84,2057,5,5,6.63528,2093.68,1787.58,0,0,2,1680.98,1549.49,0,391,313,50,1549.49,11.5222,6.63528,11.7041,17.2895,-80.2105,-85.7959,1.27356,5.58962,0
84,2058,5,5,16.279,1608.8,1374.77,0,0,2,681.041,1655.89,0,391,313,50,1655.89,13.6109,16.279,24.2523,21.5842,-75.9158,-73.2477,1.27356,5.58962,0
84,2051,5,5,8.74936,1501.26,1498.27,0,0,2,951.759,1404.49,0,156,136,50,1404.49,15.6239,8.74936,18.4597,23.3361,-74.1639,-79.0403,1.27356,5.58962,0
84,2052,5,5,13.3374,1736.16,1736.16,0,0,2,1115.63,1581.98,0,156,136,50,1581.98,13.3374,13.3374,21.6874,21.6874,-75.8126,-75.8126,1.27356,5.58962,0
84,2053,5,5,0.478191,2062.44,2056.76,0,0,2,1667.72,1529.72,0,156,136,50,1529.72,5.11357,0.478191,8.17243,13.2359,-84.2641,-89.3276,1.27356,5.58962,0
84,2054,5,5,-0.291192,1918.42,1918.42,0,0,2,1604.17,1393.23,0,156,136,50,1393.23,-0.291192,-0.291192,7.73879,7.73879,-89.7612,-89.7612,1.27356,5.58962,0
84,2055,5,5,15.9407,864.618,864.618,0,0,2,414.823,959.453,0,156,136,50,959.453,15.9407,15.9407,25.0172,25.0172,-72.4828,-72.4828,1.27356,5.58962,0
84,2056,5,5,10.5222,2109.62,2109.62,0,0,2,1084.64,2029.58,0,156,136,50,2029.58,10.5222,10.5222,17.1749,17.1749,-80.3251,-80.3251,1.27356,5.58962,0
84,2057,5,5,4.06469,2093.68,2079.91,0,0,2,1680.98,1549.49,0,156,136,50,1549.49,11.5222,4.06469,9.13353,17.2895,-80.2105,-88.3665,1.27356,5.58962,0
84,2058,5,5,13.6109,1608.8,1608.8,0,0,2,681.041,1655.89,0,156,136,50,1655.89,13.6109,13.6109,21.5842,21.5842,-75.9158,-75.9158,1.27356,5.58962,0
84,2051,5,5,12.1237,1501.26,1228.13,0,0,4,951.759,1404.49,0,391,313,50,1404.49,15.6239,12.1237,21.8341,23.3361,-74.1639,-75.6659,1.27356,5.58962,0
84,2052,5,5,16.2526,1736.16,1462.16,0,0,4,1115.63,1581.98,0,391,313,50,1581.98,13.3374,16.2526,24.6026,21.6874,-75.8126,-72.8974,1.27356,5.58962,0
84,2053,5,5,3.08089,2062.44,1764.34,0,0,4,1667.72,1529.72,0,391,313,50,1529.72,5.11357,3.08089,10.7751,13.2359,-84.2641,-86.7249,1.27356,5.58962,0
84,2054,5,5,2.52429,1918.42,1625.17,0,0,4,1604.17,1393.23,0,391,313,50,1393.23,-0.291192,2.52429,10.5543,7.73879,-89.7612,-86.9457,1.27356,5.58962,0
84,2055,5,5,20.8139,864.618,648.821,0,0,4,414.823,959.453,0,391,313,50,959.453,15.9407,20.8139,29.8904,25.0172,-72.4828,-67.6096,1.27356,5.58962,0
84,2056,5,5,12.7318,2109.62,1852.1,0,0,4,1084.64,2029.58,0,391,313,50,2029.58,10.5222,12.7318,19.3845,17.1749,-80.3251,-78.1155,1.27356,5.58962,0
84,2057,5,5,6.63528,2093.68,1787.58,0,0,4,1680.98,1549.49,0,391,313,50,1549.49,11.5222,6.63528,11.7041,17.2895,-80.2105,-85.7959,1.27356,5.58962,0
84,2058,5,5,16.279,1608.8,1374.77,0,0,4,681.041,1655.89,0,391,313,50,1655.89,13.6109,16.279,24.2523,21.5842,-75.9158,-73.2477,1.27356,5.58962,0
84,2051,5,5,8.74936,1498.27,1498.27,0,0,4,951.759,1404.49,0,156,136,50,1404.49,8.74936,8.74936,18.4597,18.4597,-79.0403,-79.0403,1.27356,5.58962,0
84,2052,5,5,13.3374,1736.16,1736.16,0,0,4,1115.63,1581.98,0,156,136,50,1581.98,13.3374,13.3374,21.6874,21.6874,-75.8126,-75.8126,1.27356,5.58962,0
84,2053,5,5,0.478191,2056.76,2056.76,0,0,4,1667.72,1529.72,0,156,136,50,1529.72,0.478191,0.478191,8.17243,8.17243,-89.3276,-89.3276,1.27356,5.58962,0
84,2054,5,5,-0.291192,1918.42,1918.42,0,0,4,1604.17,1393.23,0,156,136,50,1393.23,-0.291192,-0.291192,7.73879,7.73879,-89.7612,-89.7612,1.27356,5.58962,0
84,2055,5,5,15.9407,864.618,864.618,0,0,4,414.823,959.453,0,156,136,50,959.453,15.9407,15.9407,25.0172,25.0172,-72.4828,-72.4828,1.27356,5.58962,0
84,2056,5,5,10.5222,2109.62,2109.62,0,0,4,1084.64,2029.58,0,156,136,50,2029.58,10.5222,10.5222,17.1749,17.1749,-80.3251,-80.3251,1.27356,5.58962,0
84,2057,5,5,4.06469,2079.91,2079.91,0,0,4,1680.98,1549.49,0,156,136,50,1549.49,4.06469,4.06469,9.13353,9.13353,-88.3665,-88.3665,1.27356,5.58962,0
84,2058,5,5,13.6109,1608.8,1608.8,0,0,4,681.041,1655.89,0,156,136,50,1655.89,13.6109,13.6109,21.5842,21.5842,-75.9158,-75.9158,1.27356,5.58962,0
85,2051,5,5,15.0151,1498.27,1494.93,0,0,1,954.853,1398.6,0,156,136,50,1398.6,8.74936,15.0151,21.3486,18.4597,-79.0403,-76.1514,1.27356,5.58962,0
85,2052,5,5,13.3374,1736.16,1736.16,0,0,4,1115.63,1581.98,0,156,136,50,1581.98,13.3374,13.3374,21.6874,21.6874,-75.8126,-75.8126,1.27356,5.58962,0
85,2053,5,5,2.42019,2056.76,2055,0,0,1,1666.89,1528.03,0,156,136,50,1528.03,0.478191,2.42019,10.3761,8.17243,-89.3276,-87.1239,1.27356,5.58962,0
85,2054,5,5,-0.291192,1918.42,1918.42,0,0,4,1604.17,1393.23,0,156,136,50,1393.23,-0.291192,-0.291192,7.73879,7.73879,-89.7612,-89.7612,1.27356,5.58962,0
85,2055,5,5,15.9407,864.618,864.618,0,0,4,414.823,959.453,0,156,136,50,959.453,15.9407,15.9407,25.0172,25.0172,-72.4828,-72.4828,1.27356,5.58962,0
85,2056,5,5,10.5222,2109.62,2109.62,0,0,4,1084.64,2029.58,0,156,136,50,2029.58,10.5222,10.5222,17.1749,17.1749,-80.3251,-80.3251,1.27356,5.58962,0
85,2057,5,5,1.04233,2079.91,2068.38,0,0,1,1675.54,1538.4,0,156,136,50,1538.4,4.06469,1.04233,10.0863,9.13353,-88.3665,-87.4137,1.27356,5.58962,0
85,2058,5,5,13.6109,1608.8,1608.8,0,0,4,681.041,1655.89,0,156,136,50,1655.89,13.6109,13.6109,21.5842,21.5842,-75.9158,-75.9158,1.27356,5.58962,0
85,2051,5,5,18.4044,1498.27,1224.32,0,0,2,954.853,1398.6,0,391,313,50,1398.6,8.74936,18.4044,24.7379,18.4597,-79.0403,-72.7621,1.27356,5.58962,0
85,2052,5,5,16.2526,1736.16,1462.16,0,0,2,1115.63,1581.98,0,391,313,50,1581.98,13.3374,16.2526,24.6026,21.6874,-75.8126,-72.8974,1.27356,5.58962,0
85,2053,5,5,5.0254,2056.76,1762.58,0,0,2,1666.89,1528.03,0,391,313,50,1528.03,0.478191,5.0254,12.9813,8.17243,-89.3276,-84.5187,1.27356,5.58962,0
85,2054,5,5,2.52429,1918.42,1625.17,0,0,2,1604.17,1393.23,0,391,313,50,1393.23,-0.291192,2.52429,10.5543,7.73879,-89.7612,-86.9457,1.27356,5.58962,0
85,2055,5,5,20.8139,864.618,648.821,0,0,2,414.823,959.453,0,391,313,50,959.453,15.9407,20.8139,29.8904,25.0172,-72.4828,-67.6096,1.27356,5.58962,0
85,2056,5,5,12.7318,2109.62,1852.1,0,0,2,1084.64,2029.58,0,391,313,50,2029.58,10.5222,12.7318,19.3845,17.1749,-80.3251,-78.1155,1.27356,5.58962,0
85,2057,5,5,3.62908,2079.91,1775.99,0,0,2,1675.54,1538.4,0,391,313,50,1538.4,4.06469,3.62908,12.6731,9.13353,-88.3665,-84.8269,1.27356,5.58962,0
85,2058,5,5,16.279,1608.8,1374.77,0,0,2,681.041,1655.89,0,391,313,50,1655.89,13.6109,16.279,24.2523,21.5842,-75.9158,-73.2477,1.27356,5.58962,0
85,2051,5,5,15.0151,1498.27,1494.93,0,0,2,954.853,1398.6,0,156,136,50,1398.6,8.74936,15.0151,21.3486,18.4597,-79.0403,-76.1514,1.27356,5.58962,0
85,2052,5,5,13.3374,1736.16,1736.16,0,0,2,1115.63,1581.98,0,156,136,50,1581.98,13.3374,13.3374,21.6874,21.6874,-75.8126,-75.8126,1.27356,5.58962,0
85,2053,5,5,2.42019,2056.76,2055,0,0,2,1666.89,1528.03,0,156,136,50,1528.03,0.478191,2.42019,10.3761,8.17243,-89.3276,-87.1239,1.27356,5.58962,0
85,2054,5,5,-0.291192,1918.42,1918.42,0,0,2,1604.17,1393.23,0,156,136,50,1393.23,-0.291192,-0.291192,7.73879,7.73879,-89.7612,-89.7612,1.27356,5.58962,0
85,2055,5,5,15.9407,864.618,864.618,0,0,2,414.823,959.453,0,156,136,50,959.453,15.9407,15.9407,25.0172,25.0172,-72.4828,-72.4828,1.27356,5.58962,0
85,2056,5,5,10.5222,2109.62,2109.62,0,0,2,1084.64,2029.58,0,156,136,50,2029.58,10.5222,10.5222,17.1749,17.1749,-80.3251,-80.3251,1.27356,5.58962,0
85,2057,5,5,1.04233,2079.91,2068.38,0,0,2,1675.54,1538.4,0,156,136,50,1538.4,4.06469,1.04233,10.0863,9.13353,-88.3665,-87.4137,1.27356,5.58962,0
85,2058,5,5,13.6109,1608.8,1608.8,0,0,2,681.041,1655.89,0,156,136,50,1655.89,13.6109,13.6109,21.5842,21.5842,-75.9158,-75.9158,1.27356,5.58962,0
85,2051,5,5,18.4044,1498.27,1224.32,0,0,4,954.853,1398.6,0,391,313,50,1398.6,8.74936,18.4044,24.7379,18.4597,-79.0403,-72.7621,1.27356,5.58962,0
85,2052,5,5,16.2526,1736.16,1462.16,0,0,4,1115.63,1581.98,0,391,313,50,1581.98,13.3374,16.2526,24.6026,21.6874,-75.8126,-72.8974,1.27356,5.58962,0
85,2053,5,5,5.0254,2056.76,1762.58,0,0,4,1666.89,1528.03,0,391,313,50,1528.03,0.478191,5.0254,12.9813,8.17243,-89.3276,-84.5187,1.27356,5.58962,0
85,2054,5,5,2.52429,1918.42,1625.17,0,0,4,1604.17,1393.23,0,391,313,50,1393.23,-0.291192,2.52429,10.5543,7.73879,-89.7612,-86.9457,1.27356,5.58962,0
85,2055,5,5,20.8139,864.618,648.821,0,0,4,414.823,959.453,0,391,313,50,959.453,15.9407,20.8139,29.8904,25.0172,-72.4828,-67.6096,1.27356,5.58962,0
85,2056,5,5,12.7318,2109.62,1852.1,0,0,4,1084.64,2029.58,0,391,313,50,2029.58,10.5222,12.7318,19.3845,17.1749,-80.3251,-78.1155,1.27356,5.58962,0
85,2057,5,5,3.62908,2079.91,1775.99,0,0,4,1675.54,1538.4,0,391,313,50,1538.4,4.06469,3.62908,12.6731,9.13353,-88.3665,-84.8269,1.27356,5.58962,0
85,2058,5,5,16.279,1608.8,1374.77,0,0,4,681.041,1655.89,0,391,313,50,1655.89,13.6109,16.279,24.2523,21.5842,-75.9158,-73.2477,1.27356,5.58962,0
85,2051,5,5,15.0151,1494.93,1494.93,0,0,4,954.853,1398.6,0,156,136,50,1398.6,15.0151,15.0151,21.3486,21.3486,-76.1514,-76.1514,1.27356,5.58962,0
85,2052,5,5,13.3374,1736.16,1736.16,0,0,4,1115.63,1581.98,0,156,136,50,1581.98,13.3374,13.3374,21.6874,21.6874,-75.8126,-75.8126,1.27356,5.58962,0
85,2053,5,5,2.42019,2055,2055,0,0,4,1666.89,1528.03,0,156,136,50,1528.03,2.42019,2.42019,10.3761,10.3761,-87.1239,-87.1239,1.27356,5.58962,0
85,2054,5,5,-0.291192,1918.42,1918.42,0,0,4,1604.17,1393.23,0,156,136,50,1393.23,-0.291192,-0.291192,7.73879,7.73879,-89.7612,-89.7612,1.27356,5.58962,0
85,2055,5,5,15.9407,864.618,864.618,0,0,4,414.823,959.453,0,156,136,50,959.453,15.9407,15.9407,25.0172,25.0172,-72.4828,-72.4828,1.27356,5.58962,0
85,2056,5,5,10.5222,2109.62,2109.62,0,0,4,1084.64,2029.58,0,156,136,50,2029.58,10.5222,10.5222,17.1749,17.1749,-80.3251,-80.3251,1.27356,5.58962,0
85,2057,5,5,1.04233,2068.38,2068.38,0,0,4,1675.54,1538.4,0,156,136,50,1538.4,1.04233,1.04233,10.0863,10.0863,-87.4137,-87.4137,1.27356,5.58962,0
85,2058,5,5,13.6109,1608.8,1608.8,0,0,4,681.041,1655.89,0,156,136,50,1655.89,13.6109,13.6109,21.5842,21.5842,-75.9158,-75.9158,1.27356,5.58962,0
86,2051,5,5,15.0727,1494.93,1491.59,0,0,4,957.939,1392.68,0,156,136,50,1392.68,15.0151,15.0727,20.6679,21.3486,-76.1514,-76.8321,1.27356,5.58962,0
86,2052,5,5,13.3374,1736.16,1736.16,0,0,4,1115.63,1581.98,0,156,136,50,1581.98,13.3374,13.3374,21.6874,21.6874,-75.8126,-75.8126,1.27356,5.58962,0
86,2053,5,5,1.43536,2055,2055,0,0,5,1666.89,1528.03,0,156,136,50,1528.03,2.42019,1.43536,10.3375,10.3761,-87.1239,-87.1625,1.27356,5.58962,0
86,2054,5,5,-0.291192,1918.42,1918.42,0,0,4,1604.17,1393.23,0,156,136,50,1393.23,-0.291192,-0.291192,7.73879,7.73879,-89.7612,-89.7612,1.27356,5.58962,0
86,2055,5,5,15.9407,864.618,864.618,0,0,4,414.823,959.453,0,156,136,50,959.453,15.9407,15.9407,25.0172,25.0172,-72.4828,-72.4828,1.27356,5.58962,0
86,2056,5,5,10.5222,2109.62,2109.62,0,0,4,1084.64,2029.58,0,156,136,50,2029.58,10.5222,10.5222,17.1749,17.1749,-80.3251,-80.3251,1.27356,5.58962,0
86,2057,5,5,8.07456,2068.38,2060.81,0,0,1,1671.96,1531.1,0,156,136,50,1531.1,1.04233,8.07456,17.0309,10.0863,-87.4137,-80.4691,1.27356,5.58962,0
86,2058,5,5,13.6109,1608.8,1608.8,0,0,4,681.041,1655.89,0,156,136,50,1655.89,13.6109,13.6109,21.5842,21.5842,-75.9158,-75.9158,1.27356,5.58962,0
86,2051,5,5,18.4771,1494.93,1220.5,0,0,2,957.939,1392.68,0,391,313,50,1392.68,15.0151,18.4771,24.0722,21.3486,-76.1514,-73.4278,1.27356,5.58962,0
86,2052,5,5,16.2526,1736.16,1462.16,0,0,2,1115.63,1581.98,0,391,313,50,1581.98,13.3374,16.2526,24.6026,21.6874,-75.8126,-72.8974,1.27356,5.58962,0
86,2053,5,5,4.04056,2055,1762.58,0,0,2,1666.89,1528.03,0,391,313,50,1528.03,2.42019,4.04056,12.9427,10.3761,-87.1239,-84.5573,1.27356,5.58962,0
86,2054,5,5,2.52429,1918.42,1625.17,0,0,2,1604.17,1393.23,0,391,313,50,1393.23,-0.291192,2.52429,10.5543,7.73879,-89.7612,-86.9457,1.27356,5.58962,0
86,2055,5,5,20.8139,864.618,648.821,0,0,2,414.823,959.453,0,391,313,50,959.453,15.9407,20.8139,29.8904,25.0172,-72.4828,-67.6096,1.27356,5.58962,0
86,2056,5,5,12.7318,2109.62,1852.1,0,0,2,1084.64,2029.58,0,391,313,50,2029.58,10.5222,12.7318,19.3845,17.1749,-80.3251,-78.1155,1.27356,5.58962,0
86,2057,5,5,10.672,2068.38,1768.37,0,0,2,1671.96,1531.1,0,391,313,50,1531.1,1.04233,10.672,19.6284,10.0863,-87.4137,-77.8716,1.27356,5.58962,0
86,2058,5,5,16.279,1608.8,1374.77,0,0,2,681.041,1655.89,0,391,313,50,1655.89,13.6109,16.279,24.2523,21.5842,-75.9158,-73.2477,1.27356,5.58962,0
86,2051,5,5,15.0727,1494.93,1491.59,0,0,2,957.939,1392.68,0,156,136,50,1392.68,15.0151,15.0727,20.6679,21.3486,-76.1514,-76.8321,1.27356,5.58962,0
86,2052,5,5,13.3374,1736.16,1736.16,0,0,2,1115.63,1581.98,0,156,136,50,1581.98,13.3374,13.3374,21.6874,21.6874,-75.8126,-75.8126,1.27356,5.58962,0
86,2053,5,5,1.43536,2055,2055,0,0,2,1666.89,1528.03,0,156,136,50,1528.03,2.42019,1.43536,10.3375,10.3761,-87.1239,-87.1625,1.27356,5.58962,0
86,2054,5,5,-0.291192,1918.42,1918.42,0,0,2,1604.17,1393.23,0,156,136,50,1393.23,-0.291192,-0.291192,7.73879,7.73879,-89.7612,-89.7612,1.27356,5.58962,0
86,2055,5,5,15.9407,864.618,864.618,0,0,2,414.823,959.453,0,156,136,50,959.453,15.9407,15.9407,25.0172,25.0172,-72.4828,-72.4828,1.27356,5.58962,0
86,2056,5,5,10.5222,2109.62,2109.62,0,0,2,1084.64,2029.58,0,156,136,50,2029.58,10.5222,10.5222,17.1749,17.1749,-80.3251,-80.3251,1.27356,5.58962,0
86,2057,5,5,8.07456,2068.38,2060.81,0,0,2,1671.96,1531.1,0,156,136,50,1531.1,1.04233,8.07456,17.0309,10.0863,-87.4137,-80.4691,1.27356,5.58962,0
86,2058,5,5,13.6109,1608.8,1608.8,0,0,2,681.041,1655.89,0,156,136,50,1655.89,13.6109,13.6109,21.5842,21.5842,-75.9158,-75.9158,1.27356,5.58962,0
86,2051,5,5,18.4771,1494.93,1220.5,0,0,4,957.939,1392.68,0,391,313,50,1392.68,15.0151,18.4771,24.0722,21.3486,-76.1514,-73.4278,1.27356,5.58962,0
86,2052,5,5,16.2526,1736.16,1462.16,0,0,4,1115.63,1581.98,0,391,313,50,1581.98,13.3374,16.2526,24.6026,21.6874,-75.8126,-72.8974,1.27356,5.58962,0
86,2053,5,5,4.04056,2055,1762.58,0,0,4,1666.89,1528.03,0,391,313,50,1528.03,2.42019,4.04056,12.9427,10.3761,-87.1239,-84.5573,1.27356,5.58962,0
86,2054,5,5,2.52429,1918.42,1625.17,0,0,4,1604.17,1393.23,0,391,313,50,1393.23,-0.291192,2.52429,10.5543,7.73879,-89.7612,-86.9457,1.27356,5.58962,0
86,2055,5,5,20.8139,864.618,648.821,0,0,4,414.823,959.453,0,391,313,50,959.453,15.9407,20.8139,29.8904,25.0172,-72.4828,-67.6096,1.27356,5.58962,0
86,2056,5,5,12.7318,2109.62,1852.1,0,0,4,1084.64,2029.58,0,391,313,50,2029.58,10.5222,12.7318,19.3845,17.1749,-80.3251,-78.1155,1.27356,5.58962,0
86,2057,5,5,10.672,2068.38,1768.37,0,0,4,1671.96,1531.1,0,391,313,50,1531.1,1.04233,10.672,19.6284,10.0863,-87.4137,-77.8716,1.27356,5.58962,0
86,2058,5,5,16.279,1608.8,1374.77,0,0,4,681.041,1655.89,0,391,313,50,1655.89,13.6109,16.279,24.2523,21.5842,-75.9158,-73.2477,1.27356,5.58962,0
86,2051,5,5,15.0727,1491.59,1491.59,0,0,4,957.939,1392.68,0,156,136,50,1392.68,15.0727,15.0727,20.6679,20.6679,-76.8321,-76.8321,1.27356,5.58962,0
86,2052,5,5,13.3374,1736.16,1736.16,0,0,4,1115.63,1581.98,0,156,136,50,1581.98,13.3374,13.3374,21.6874,21.6874,-75.8126,-75.8126,1.27356,5.58962,0
86,2053,5,5,1.43536,2055,2055,0,0,4,1666.89,1528.03,0,156,136,50,1528.03,1.43536,1.43536,10.3375,10.3375,-87.1625,-87.1625,1.27356,5.58962,0
86,2054,5,5,-0.291192,1918.42,1918.42,0,0,4,1604.17,1393.23,0,156,136,50,1393.23,-0.291192,-0.291192,7.73879,7.73879,-89.7612,-89.7612,1.27356,5.58962,0
86,2055,5,5,15.9407,864.618,864.618,0,0,4,414.823,959.453,0,156,136,50,959.453,15.9407,15.9407,25.0172,25.0172,-72.4828,-72.4828,1.27356,5.58962,0
86,2056,5,5,10.5222,2109.62,2109.62,0,0,4,1084.64,2029.58,0,156,136,50,2029.58,10.5222,10.5222,17.1749,17.1749,-80.3251,-80.3251,1.27356,5.58962,0
86,2057,5,5,8.07456,2060.81,2060.81,0,0,4,1671.96,1531.1,0,156,136,50,1531.1,8.07456,8.07456,17.0309,17.0309,-80.4691,-80.4691,1.27356,5.58962,0
86,2058,5,5,13.6109,1608.8,1608.8,0,0,4,681.041,1655.89,0,156,136,50,1655.89,13.6109,13.6109,21.5842,21.5842,-75.9158,-75.9158,1.27356,5.58962,0
87,2051,5,5,5.90058,1491.59,1488.35,0,0,4,960.952,1386.9,0,156,136,50,1386.9,15.0727,5.90058,12.7018,20.6679,-76.8321,-84.7982,1.27356,5.58962,0
87,2052,5,5,13.3374,1736.16,1736.16,0,0,4,1115.63,1581.98,0,156,136,50,1581.98,13.3374,13.3374,21.6874,21.6874,-75.8126,-75.8126,1.27356,5.58962,0
87,2053,5,5,1.43536,2055,2055,0,0,4,1666.89,1528.03,0,156,136,50,1528.03,1.43536,1.43536,10.3375,10.3375,-87.1625,-87.1625,1.27356,5.58962,0
87,2054,5,5,-0.291192,1918.42,1918.42,0,0,4,1604.17,1393.23,0,156,136,50,1393.23,-0.291192,-0.291192,7.73879,7.73879,-89.7612,-89.7612,1.27356,5.58962,0
87,2055,5,5,15.9407,864.618,864.618,0,0,4,414.823,959.453,0,156,136,50,959.453,15.9407,15.9407,25.0172,25.0172,-72.4828,-72.4828,1.27356,5.58962,0
87,2056,5,5,10.5222,2109.62,2109.62,0,0,4,1084.64,2029.58,0,156,136,50,2029.58,10.5222,10.5222,17.1749,17.1749,-80.3251,-80.3251,1.27356,5.58962,0
87,2057,5,5,-2.41579,2060.81,2057.19,0,0,1,1670.24,1527.61,0,156,136,50,1527.61,8.07456,-2.41579,4.65465,17.0309,-80.4691,-92.8454,1.27356,5.58962,0
87,2058,5,5,13.6109,1608.8,1608.8,0,0,4,681.041,1655.89,0,156,136,50,1655.89,13.6109,13.6109,21.5842,21.5842,-75.9158,-75.9158,1.27356,5.58962,0
87,2051,5,5,9.31955,1491.59,1216.8,0,0,2,960.952,1386.9,0,391,313,50,1386.9,15.0727,9.31955,16.1208,20.6679,-76.8321,-81.3792,1.27356,5.58962,0
87,2052,5,5,16.2526,1736.16,1462.16,0,0,2,1115.63,1581.98,0,391,313,50,1581.98,13.3374,16.2526,24.6026,21.6874,-75.8126,-72.8974,1.27356,5.58962,0
87,2053,5,5,4.04056,2055,1762.58,0,0,2,1666.89,1528.03,0,391,313,50,1528.03,1.43536,4.04056,12.9427,10.3375,-87.1625,-84.5573,1.27356,5.58962,0
87,2054,5,5,2.52429,1918.42,1625.17,0,0,2,1604.17,1393.23,0,391,313,50,1393.23,-0.291192,2.52429,10.5543,7.73879,-89.7612,-86.9457,1.27356,5.58962,0
87,2055,5,5,20.8139,864.618,648.821,0,0,2,414.823,959.453,0,391,313,50,959.453,15.9407,20.8139,29.8904,25.0172,-72.4828,-67.6096,1.27356,5.58962,0
87,2056,5,5,12.7318,2109.62,1852.1,0,0,2,1084.64,2029.58,0,391,313,50,2029.58,10.5222,12.7318,19.3845,17.1749,-80.3251,-78.1155,1.27356,5.58962,0
87,2057,5,5,0.186834,2060.81,1764.72,0,0,2,1670.24,1527.61,0,391,313,50,1527.61,8.07456,0.186834,7.25727,17.0309,-80.4691,-90.2427,1.27356,5.58962,0
87,2058,5,5,16.279,1608.8,1374.77,0,0,2,681.041,1655.89,0,391,313,50,1655.89,13.6109,16.279,24.2523,21.5842,-75.9158,-73.2477,1.27356,5.58962,0
87,2051,5,5,5.90058,1491.59,1488.35,0,0,2,960.952,1386.9,0,156,136,50,1386.9,15.0727,5.90058,12.7018,20.6679,-76.8321,-84.7982,1.27356,5.58962,0
87,2052,5,5,13.3374,1736.16,1736.16,0,0,2,1115.63,1581.98,0,156,136,50,1581.98,13.3374,13.3374,21.6874,21.6874,-75.8126,-75.8126,1.27356,5.58962,0
87,2053,5,5,1.43536,2055,2055,0,0,2,1666.89,1528.03,0,156,136,50,1528.03,1.43536,1.43536,10.3375,10.3375,-87.1625,-87.1625,1.27356,5.58962,0
87,2054,5,5,-0.291192,1918.42,1918.42,0,0,2,1604.17,1393.23,0,156,136,50,1393.23,-0.291192,-0.291192,7.73879,7.73879,-89.7612,-89.7612,1.27356,5.58962,0
87,2055,5,5,15.9407,864.618,864.618,0,0,2,414.823,959.453,0,156,136,50,959.453,15.9407,15.9407,25.0172,25.0172,-72.4828,-72.4828,1.27356,5.58962,0
87,2056,5,5,10.5222,2109.62,2109.62,0,0,2,1084.64,2029.58,0,156,136,50,2029.58,10.5222,10.5222,17.1749,17.1749,-80.3251,-80.3251,1.27356,5.58962,0
87,2057,5,5,-2.41579,2060.81,2057.19,0,0,2,1670.24,1527.61,0,156,136,50,1527.61,8.07456,-2.41579,4.65465,17.0309,-80.4691,-92.8454,1.27356,5.58962,0
87,2058,5,5,13.6109,1608.8,1608.8,0,0,2,681.041,1655.89,0,156,136,50,1655.89,13.6109,13.6109,21.5842,21.5842,-75.9158,-75.9158,1.27356,5.58962,0
87,2051,5,5,9.31955,1491.59,1216.8,0,0,4,960.952,1386.9,0,391,313,50,1386.9,15.0727,9.31955,16.1208,20.6679,-76.8321,-81.3792,1.27356,5.58962,0
87,2052,5,5,16.2526,1736.16,1462.16,0,0,4,1115.63,1581.98,0,391,313,50,1581.98,13.3374,16.2526,24.6026,21.6874,-75.8126,-72.8974,1.27356,5.58962,0
87,2053,5,5,4.04056,2055,1762.58,0,0,4,1666.89,1528.03,0,391,313,50,1528.03,1.43536,4.04056,12.9427,10.3375,-87.1625,-84.5573,1.27356,5.58962,0
87,2054,5,5,2.52429,1918.42,1625.17,0,0,4,1604.17,1393.23,0,391,313,50,1393.23,-0.291192,2.52429,10.5543,7.73879,-89.7612,-86.9457,1.27356,5.58962,0
87,2055,5,5,20.8139,864.618,648.821,0,0,4,414.823,959.453,0,391,313,50,959.453,15.9407,20.8139,29.8904,25.0172,-72.4828,-67.6096,1.27356,5.58962,0
87,2056,5,5,12.7318,2109.62,1852.1,0,0,4,1084.64,2029.58,0,391,313,50,2029.58,10.5222,12.7318,19.3845,17.1749,-80.3251,-78.1155,1.27356,5.58962,0
87,2057,5,5,0.186834,2060.81,1764.72,0,0,4,1670.24,1527.61,0,391,313,50,1527.61,8.07456,0.186834,7.25727,17.0309,-80.4691,-90.2427,1.27356,5.58962,0
87,2058,5,5,16.279,1608.8,1374.77,0,0,4,681.041,1655.89,0,391,313,50,1655.89,13.6109,16.279,24.2523,21.5842,-75.9158,-73.2477,1.27356,5.58962,0
87,2051,5,5,5.90058,1488.35,1488.35,0,0,4,960.952,1386.9,0,156,136,50,1386.9,5.90058,5.90058,12.7018,12.7018,-84.7982,-84.7982,1.27356,5.58962,0
87,2052,5,5,13.3374,1736.16,1736.16,0,0,4,1115.63,1581.98,0,156,136,50,1581.98,13.3374,13.3374,21.6874,21.6874,-75.8126,-75.8126,1.27356,5.58962,0
87,2053,5,5,1.43536,2055,2055,0,0,4,1666.89,1528.03,0,156,136,50,1528.03,1.43536,1.43536,10.3375,10.3375,-87.1625,-87.1625,1.27356,5.58962,0
87,2054,5,5,-0.291192,1918.42,1918.42,0,0,4,1604.17,1393.23,0,156,136,50,1393.23,-0.291192,-0.291192,7.73879,7.73879,-89.7612,-89.7612,1.27356,5.58962,0
87,2055,5,5,15.9407,864.618,864.618,0,0,4,414.823,959.453,0,156,136,50,959.453,15.9407,15.9407,25.0172,25.0172,-72.4828,-72.4828,1.27356,5.58962,0
87,2056,5,5,10.5222,2109.62,2109.62,0,0,4,1084.64,2029.58,0,156,136,50,2029.58,10.5222,10.5222,17.1749,17.1749,-80.3251,-80.3251,1.27356,5.58962,0
87,2057,5,5,-2.41579,2057.19,2057.19,0,0,4,1670.24,1527.61,0,156,136,50,1527.61,-2.41579,-2.41579,4.65465,4.65465,-92.8454,-92.8454,1.27356,5.58962,0
87,2058,5,5,13.6109,1608.8,1608.8,0,0,4,681.041,1655.89,0,156,136,50,1655.89,13.6109,13.6109,21.5842,21.5842,-75.9158,-75.9158,1.27356,5.58962,0
88,2051,5,5,13.6189,1488.35,1481.68,0,0,4,967.063,1374.98,0,156,136,50,1374.98,5.90058,13.6189,20.888,12.7018,-84.7982,-76.612,1.27356,5.58962,0
88,2052,5,5,13.3374,1736.16,1736.16,0,0,4,1115.63,1581.98,0,156,136,50,1581.98,13.3374,13.3374,21.6874,21.6874,-75.8126,-75.8126,1.27356,5.58962,0
88,2053,5,5,1.43536,2055,2055,0,0,4,1666.89,1528.03,0,156,136,50,1528.03,1.43536,1.43536,10.3375,10.3375,-87.1625,-87.1625,1.27356,5.58962,0
88,2054,5,5,-0.291192,1918.42,1918.42,0,0,4,1604.17,1393.23,0,156,136,50,1393.23,-0.291192,-0.291192,7.73879,7.73879,-89.7612,-89.7612,1.27356,5.58962,0
88,2055,5,5,15.9407,864.618,864.618,0,0,4,414.823,959.453,0,156,136,50,959.453,15.9407,15.9407,25.0172,25.0172,-72.4828,-72.4828,1.27356,5.58962,0
88,2056,5,5,10.5222,2109.62,2109.62,0,0,4,1084.64,2029.58,0,156,136,50,2029.58,10.5222,10.5222,17.1749,17.1749,-80.3251,-80.3251,1.27356,5.58962,0
88,2057,5,5,-1.68029,2057.19,2056.83,0,0,1,1670.08,1527.27,0,156,136,50,1527.27,-2.41579,-1.68029,7.01707,4.65465,-92.8454,-90.4829,1.27356,5.58962,0
88,2058,5,5,13.6109,1608.8,1608.8,0,0,4,681.041,1655.89,0,156,136,50,1655.89,13.6109,13.6109,21.5842,21.5842,-75.9158,-75.9158,1.27356,5.58962,0
88,2051,5,5,17.0681,1488.35,1209.19,0,0,2,967.063,1374.98,0,391,313,50,1374.98,5.90058,17.0681,24.3372,12.7018,-84.7982,-73.1628,1.27356,5.58962,0
88,2052,5,5,16.2526,1736.16,1462.16,0,0,2,1115.63,1581.98,0,391,313,50,1581.98,13.3374,16.2526,24.6026,21.6874,-75.8126,-72.8974,1.27356,5.58962,0
88,2053,5,5,4.04056,2055,1762.58,0,0,2,1666.89,1528.03,0,391,313,50,1528.03,1.43536,4.04056,12.9427,10.3375,-87.1625,-84.5573,1.27356,5.58962,0
88,2054,5,5,2.52429,1918.42,1625.17,0,0,2,1604.17,1393.23,0,391,313,50,1393.23,-0.291192,2.52429,10.5543,7.73879,-89.7612,-86.9457,1.27356,5.58962,0
88,2055,5,5,20.8139,864.618,648.821,0,0,2,414.823,959.453,0,391,313,50,959.453,15.9407,20.8139,29.8904,25.0172,-72.4828,-67.6096,1.27356,5.58962,0
88,2056,5,5,12.7318,2109.62,1852.1,0,0,2,1084.64,2029.58,0,391,313,50,2029.58,10.5222,12.7318,19.3845,17.1749,-80.3251,-78.1155,1.27356,5.58962,0
88,2057,5,5,0.922837,2057.19,1764.36,0,0,2,1670.08,1527.27,0,391,313,50,1527.27,-2.41579,0.922837,9.6202,4.65465,-92.8454,-87.8798,1.27356,5.58962,0
88,2058,5,5,16.279,1608.8,1374.77,0,0,2,681.041,1655.89,0,391,313,50,1655.89,13.6109,16.279,24.2523,21.5842,-75.9158,-73.2477,1.27356,5.58962,0
88,2051,5,5,13.6189,1488.35,1481.68,0,0,2,967.063,1374.98,0,156,136,50,1374.98,5.90058,13.6189,20.888,12.7018,-84.7982,-76.612,1.27356,5.58962,0
88,2052,5,5,13.3374,1736.16,1736.16,0,0,2,1115.63,1581.98,0,156,136,50,1581.98,13.3374,13.3374,21.6874,21.6874,-75.8126,-75.8126,1.27356,5.58962,0
88,2053,5,5,1.43536,2055,2055,0,0,2,1666.89,1528.03,0,156,136,50,1528.03,1.43536,1.43536,10.3375,10.3375,-87.1625,-87.1625,1.27356,5.58962,0
88,2054,5,5,-0.291192,1918.42,1918.42,0,0,2,1604.17,1393.23,0,156,136,50,1393.23,-0.291192,-0.291192,7.73879,7.73879,-89.7612,-89.7612,1.27356,5.58962,0
88,2055,5,5,15.9407,864.618,864.618,0,0,2,414.823,959.453,0,156,136,50,959.453,15.9407,15.9407,25.0172,25.0172,-72.4828,-72.4828,1.27356,5.58962,0
88,2056,5,5,10.5222,2109.62,2109.62,0,0,2,1084.64,2029.58,0,156,136,50,2029.58,10.5222,10.5222,17.1749,17.1749,-80.3251,-80.3251,1.27356,5.58962,0
88,2057,5,5,-1.68029,2057.19,2056.83,0,0,2,1670.08,1527.27,0,156,136,50,1527.27,-2.41579,-1.68029,7.01707,4.65465,-92.8454,-90.4829,1.27356,5.58962,0
88,2058,5,5,13.6109,1608.8,1608.8,0,0,2,681.041,1655.89,0,156,136,50,1655.89,13.6109,13.6109,21.5842,21.5842,-75.9158,-75.9158,1.27356,5.58962,0
88,2051,5,5,17.0681,1488.35,1209.19,0,0,4,967.063,1374.98,0,391,313,50,1374.98,5.90058,17.0681,24.3372,12.7018,-84.7982,-73.1628,1.27356,5.58962,0
88,2052,5,5,16.2526,1736.16,1462.16,0,0,4,1115.63,1581.98,0,391,313,50,1581.98,13.3374,16.2526,24.6026,21.6874,-75.8126,-72.8974,1.27356,5.58962,0
88,2053,5,5,4.04056,2055,1762.58,0,0,4,1666.89,1528.03,0,391,313,50,1528.03,1.43536,4.04056,12.9427,10.3375,-87.1625,-84.5573,1.27356,5.58962,0
88,2054,5,5,2.52429,1918.42,1625.17,0,0,4,1604.17,1393.23,0,391,313,50,1393.23,-0.291192,2.52429,10.5543,7.73879,-89.7612,-86.9457,1.27356,5.58962,0
88,2055,5,5,20.8139,864.618,648.821,0,0,4,414.823,959.453,0,391,313,50,959.453,15.9407,20.8139,29.8904,25.0172,-72.4828,-67.6096,1.27356,5.58962,0
88,2056,5,5,12.7318,2109.62,1852.1,0,0,4,1084.64,2029.58,0,391,313,50,2029.58,10.5222,12.7318,19.3845,17.1749,-80.3251,-78.1155,1.27356,5.58962,0
88,2057,5,5,0.922837,2057.19,1764.36,0,0,4,1670.08,1527.27,0,391,313,50,1527.27,-2.41579,0.922837,9.6202,4.65465,-92.8454,-87.8798,1.27356,5.58962,0
88,2058,5,5,16.279,1608.8,1374.77,0,0,4,681.041,1655.89,0,391,313,50,1655.89,13.6109,16.279,24.2523,21.5842,-75.9158,-73.2477,1.27356,5.58962,0
88,2051,5,5,13.6189,1481.68,1481.68,0,0,4,967.063,1374.98,0,156,136,50,1374.98,13.6189,13.6189,20.888,20.888,-76.612,-76.612,1.27356,5.58962,0
88,2052,5,5,13.3374,1736.16,1736.16,0,0,4,1115.63,1581.98,0,156,136,50,1581.98,13.3374,13.3374,21.6874,21.6874,-75.8126,-75.8126,1.27356,5.58962,0
88,2053,5,5,1.43536,2055,2055,0,0,4,1666.89,1528.03,0,156,136,50,1528.03,1.43536,1.43536,10.3375,10.3375,-87.1625,-87.1625,1.27356,5.58962,0
88,2054,5,5,-0.291192,1918.42,1918.42,0,0,4,1604.17,1393.23,0,156,136,50,1393.23,-0.291192,-0.291192,7.73879,7.73879,-89.7612,-89.7612,1.27356,5.58962,0
88,2055,5,5,15.9407,864.618,864.618,0,0,4,414.823,959.453,0,156,136,50,959.453,15.9407,15.9407,25.0172,25.0172,-72.4828,-72.4828,1.27356,5.58962,0
88,2056,5,5,10.5222,2109.62,2109.62,0,0,4,1084.64,2029.58,0,156,136,50,2029.58,10.5222,10.5222,17.1749,17.1749,-80.3251,-80.3251,1.27356,5.58962,0
88,2057,5,5,-1.68029,2056.83,2056.83,0,0,4,1670.08,1527.27,0,156,136,50,1527.27,-1.68029,-1.68029,7.01707,7.01707,-90.4829,-90.4829,1.27356,5.58962,0
88,2058,5,5,13.6109,1608.8,1608.8,0,0,4,681.041,1655.89,0,156,136,50,1655.89,13.6109,13.6109,21.5842,21.5842,-75.9158,-75.9158,1.27356,5.58962,0
89,2051,5,5,9.53345,1481.68,1477.89,0,0,4,970.337,1368.28,0,156,136,50,1368.28,13.6189,9.53345,20.2896,20.888,-76.612,-77.2104,1.27356,5.58962,0
89,2052,5,5,13.3374,1736.16,1736.16,0,0,4,1115.63,1581.98,0,156,136,50,1581.98,13.3374,13.3374,21.6874,21.6874,-75.8126,-75.8126,1.27356,5.58962,0
89,2053,5,5,1.43536,2055,2055,0,0,4,1666.89,1528.03,0,156,136,50,1528.03,1.43536,1.43536,10.3375,10.3375,-87.1625,-87.1625,1.27356,5.58962,0
89,2054,5,5,-0.291192,1918.42,1918.42,0,0,4,1604.17,1393.23,0,156,136,50,1393.23,-0.291192,-0.291192,7.73879,7.73879,-89.7612,-89.7612,1.27356,5.58962,0
89,2055,5,5,15.9407,864.618,864.618,0,0,4,414.823,959.453,0,156,136,50,959.453,15.9407,15.9407,25.0172,25.0172,-72.4828,-72.4828,1.27356,5.58962,0
89,2056,5,5,10.5222,2109.62,2109.62,0,0,4,1084.64,2029.58,0,156,136,50,2029.58,10.5222,10.5222,17.1749,17.1749,-80.3251,-80.3251,1.27356,5.58962,0
89,2057,5,5,-1.1474,2056.83,2056.83,0,0,4,1670.08,1527.27,0,156,136,50,1527.27,-1.68029,-1.1474,4.37574,7.01707,-90.4829,-93.1243,1.27356,5.58962,0
89,2058,5,5,13.6109,1608.8,1608.8,0,0,4,681.041,1655.89,0,156,136,50,1655.89,13.6109,13.6109,21.5842,21.5842,-75.9158,-75.9158,1.27356,5.58962,0
89,2051,5,5,12.9997,1481.68,1204.88,0,0,2,970.337,1368.28,0,391,313,50,1368.28,13.6189,12.9997,23.7558,20.888,-76.612,-73.7442,1.27356,5.58962,0
89,2052,5,5,16.2526,1736.16,1462.16,0,0,2,1115.63,1581.98,0,391,313,50,1581.98,13.3374,16.2526,24.6026,21.6874,-75.8126,-72.8974,1.27356,5.58962,0
89,2053,5,5,4.04056,2055,1762.58,0,0,2,1666.89,1528.03,0,391,313,50,1528.03,1.43536,4.04056,12.9427,10.3375,-87.1625,-84.5573,1.27356,5.58962,0
89,2054,5,5,2.52429,1918.42,1625.17,0,0,2,1604.17,1393.23,0,391,313,50,1393.23,-0.291192,2.52429,10.5543,7.73879,-89.7612,-86.9457,1.27356,5.58962,0
89,2055,5,5,20.8139,864.618,648.821,0,0,2,414.823,959.453,0,391,313,50,959.453,15.9407,20.8139,29.8904,25.0172,-72.4828,-67.6096,1.27356,5.58962,0
89,2056,5,5,12.7318,2109.62,1852.1,0,0,2,1084.64,2029.58,0,391,313,50,2029.58,10.5222,12.7318,19.3845,17.1749,-80.3251,-78.1155,1.27356,5.58962,0
89,2057,5,5,1.45573,2056.83,1764.36,0,0,2,1670.08,1527.27,0,391,313,50,1527.27,-1.68029,1.45573,6.97887,7.01707,-90.4829,-90.5211,1.27356,5.58962,0
89,2058,5,5,16.279,1608.8,1374.77,0,0,2,681.041,1655.89,0,391,313,50,1655.89,13.6109,16.279,24.2523,21.5842,-75.9158,-73.2477,1.27356,5.58962,0
89,2051,5,5,9.53345,1481.68,1477.89,0,0,2,970.337,1368.28,0,156,136,50,1368.28,13.6189,9.53345,20.2896,20.888,-76.612,-77.2104,1.27356,5.58962,0
89,2052,5,5,13.3374,1736.16,1736.16,0,0,2,1115.63,1581.98,0,156,136,50,1581.98,13.3374,13.3374,21.6874,21.6874,-75.8126,-75.8126,1.27356,5.58962,0
89,2053,5,5,1.43536,2055,2055,0,0,2,1666.89,1528.03,0,156,136,50,1528.03,1.43536,1.43536,10.3375,10.3375,-87.1625,-87.1625,1.27356,5.58962,0
89,2054,5,5,-0.291192,1918.42,1918.42,0,0,2,1604.17,1393.23,0,156,136,50,1393.23,-0.291192,-0.291192,7.73879,7.73879,-89.7612,-89.7612,1.27356,5.58962,0
89,2055,5,5,15.9407,864.618,864.618,0,0,2,414.823,959.453,0,156,136,50,959.453,15.9407,15.9407,25.0172,25.0172,-72.4828,-72.4828,1.27356,5.58962,0
89,2056,5,5,10.5222,2109.62,2109.62,0,0,2,1084.64,2029.58,0,156,136,50,2029.58,10.5222,10.5222,17.1749,17.1749,-80.3251,-80.3251,1.27356,5.58962,0
89,2057,5,5,-1.1474,2056.83,2056.83,0,0,2,1670.08,1527.27,0,156,136,50,1527.27,-1.68029,-1.1474,4.37574,7.01707,-90.4829,-93.1243,1.27356,5.58962,0
89,2058,5,5,13.6109,1608.8,1608.8,0,0,2,681.041,1655.89,0,156,136,50,1655.89,13.6109,13.6109,21.5842,21.5842,-75.9158,-75.9158,1.27356,5.58962,0
89,2051,5,5,12.9997,1481.68,1204.88,0,0,4,970.337,1368.28,0,391,313,50,1368.28,13.6189,12.9997,23.7558,20.888,-76.612,-73.7442,1.27356,5.58962,0
89,2052,5,5,16.2526,1736.16,1462.16,0,0,4,1115.63,1581.98,0,391,313,50,1581.98,13.3374,16.2526,24.6026,21.6874,-75.8126,-72.8974,1.27356,5.58962,0
89,2053,5,5,4.04056,2055,1762.58,0,0,4,1666.89,1528.03,0,391,313,50,1528.03,1.43536,4.04056,12.9427,10.3375,-87.1625,-84.5573,1.27356,5.58962,0
89,2054,5,5,2.52429,1918.42,1625.17,0,0,4,1604.17,1393.23,0,391,313,50,1393.23,-0.291192,2.52429,10.5543,7.73879,-89.7612,-86.9457,1.27356,5.58962,0
89,2055,5,5,20.8139,864.618,648.821,0,0,4,414.823,959.453,0,391,313,50,959.453,15.9407,20.8139,29.8904,25.0172,-72.4828,-67.6096,1.27356,5.58962,0
89,2056,5,5,12.7318,2109.62,1852.1,0,0,4,1084.64,2029.58,0,391,313,50,2029.58,10.5222,12.7318,19.3845,17.1749,-80.3251,-78.1155,1.27356,5.58962,0
89,2057,5,5,1.45573,2056.83,1764.36,0,0,4,1670.08,1527.27,0,391,313,50,1527.27,-1.68029,1.45573,6.97887,7.01707,-90.4829,-90.5211,1.27356,5.58962,0
89,2058,5,5,16.279,1608.8,1374.77,0,0,4,681.041,1655.89,0,391,313,50,1655.89,13.6109,16.279,24.2523,21.5842,-75.9158,-73.2477,1.27356,5.58962,0
89,2051,5,5,9.53345,1477.89,1477.89,0,0,4,970.337,1368.28,0,156,136,50,1368.28,9.53345,9.53345,20.2896,20.2896,-77.2104,-77.2104,1.27356,5.58962,0
89,2052,5,5,13.3374,1736.16,1736.16,0,0,4,1115.63,1581.98,0,156,136,50,1581.98,13.3374,13.3374,21.6874,21.6874,-75.8126,-75.8126,1.27356,5.58962,0
89,2053,5,5,1.43536,2055,2055,0,0,4,1666.89,1528.03,0,156,136,50,1528.03,1.43536,1.43536,10.3375,10.3375,-87.1625,-87.1625,1.27356,5.58962,0
89,2054,5,5,-0.291192,1918.42,1918.42,0,0,4,1604.17,1393.23,0,156,136,50,1393.23,-0.291192,-0.291192,7.73879,7.73879,-89.7612,-89.7612,1.27356,5.58962,0
89,2055,5,5,15.9407,864.618,864.618,0,0,4,414.823,959.453,0,156,136,50,959.453,15.9407,15.9407,25.0172,25.0172,-72.4828,-72.4828,1.27356,5.58962,0
89,2056,5,5,10.5222,2109.62,2109.62,0,0,4,1084.64,2029.58,0,156,136,50,2029.58,10.5222,10.5222,17.1749,17.1749,-80.3251,-80.3251,1.27356,5.58962,0
89,2057,5,5,-1.1474,2056.83,2056.83,0,0,4,1670.08,1527.27,0,156,136,50,1527.27,-1.1474,-1.1474,4.37574,4.37574,-93.1243,-93.1243,1.27356,5.58962,0
89,2058,5,5,13.6109,1608.8,1608.8,0,0,4,681.041,1655.89,0,156,136,50,1655.89,13.6109,13.6109,21.5842,21.5842,-75.9158,-75.9158,1.27356,5.58962,0
90,2051,5,5,12.9235,1477.89,1474.02,0,0,1,973.587,1361.47,0,156,136,50,1361.47,9.53345,12.9235,20.0749,20.2896,-77.2104,-77.4251,1.27356,13.3526,0
90,2052,5,5,13.3374,1736.16,1736.16,0,0,4,1115.63,1581.98,0,156,136,50,1581.98,13.3374,13.3374,21.6874,21.6874,-75.8126,-75.8126,1.27356,13.3526,0
90,2053,5,5,1.43536,2055,2055,0,0,1,1666.89,1528.03,0,156,136,50,1528.03,1.43536,1.43536,10.3375,10.3375,-87.1625,-87.1625,1.27356,13.3526,0
90,2054,5,5,-0.291192,1918.42,1918.42,0,0,4,1604.17,1393.23,0,156,136,50,1393.23,-0.291192,-0.291192,7.73879,7.73879,-89.7612,-89.7612,1.27356,13.3526,0
90,2055,5,5,15.9407,864.618,864.618,0,0,4,414.823,959.453,0,156,136,50,959.453,15.9407,15.9407,25.0172,25.0172,-72.4828,-72.4828,1.27356,13.3526,0
90,2056,5,5,10.5222,2109.62,2109.62,0,0,4,1084.64,2029.58,0,156,136,50,2029.58,10.5222,10.5222,17.1749,17.1749,-80.3251,-80.3251,1.27356,13.3526,0
90,2057,5,5,-1.1474,2056.83,2056.83,0,0,1,1670.08,1527.27,0,156,136,50,1527.27,-1.1474,-1.1474,4.37574,4.37574,-93.1243,-93.1243,1.27356,13.3526,0
90,2058,5,5,13.6109,1608.8,1608.8,0,0,4,681.041,1655.89,0,156,136,50,1655.89,13.6109,13.6109,21.5842,21.5842,-75.9158,-75.9158,1.27356,13.3526,0
90,2051,5,5,16.4071,1477.89,1200.5,0,0,2,973.587,1361.47,0,391,313,50,1361.47,9.53345,16.4071,23.5585,20.2896,-77.2104,-73.9415,1.27356,13.3526,0
90,2052,5,5,16.2526,1736.16,1462.16,0,0,2,1115.63,1581.98,0,391,313,50,1581.98,13.3374,16.2526,24.6026,21.6874,-75.8126,-72.8974,1.27356,13.3526,0
90,2053,5,5,4.04056,2055,1762.58,0,0,2,1666.89,1528.03,0,391,313,50,1528.03,1.43536,4.04056,12.9427,10.3375,-87.1625,-84.5573,1.27356,13.3526,0
90,2054,5,5,2.52429,1918.42,1625.17,0,0,2,1604.17,1393.23,0,391,313,50,1393.23,-0.291192,2.52429,10.5543,7.73879,-89.7612,-86.9457,1.27356,13.3526,0
90,2055,5,5,20.8139,864.618,648.821,0,0,2,414.823,959.453,0,391,313,50,959.453,15.9407,20.8139,29.8904,25.0172,-72.4828,-67.6096,1.27356,13.3526,0
90,2056,5,5,12.7318,2109.62,1852.1,0,0,2,1084.64,2029.58,0,391,313,50,2029.58,10.5222,12.7318,19.3845,17.1749,-80.3251,-78.1155,1.27356,13.3526,0
90,2057,5,5,1.45573,2056.83,1764.36,0,0,2,1670.08,1527.27,0,391,313,50,1527.27,-1.1474,1.45573,6.97887,4.37574,-93.1243,-90.5211,1.27356,13.3526,0
90,2058,5,5,16.279,1608.8,1374.77,0,0,2,681.041,1655.89,0,391,313,50,1655.89,13.6109,16.279,24.2523,21.5842,-75.9158,-73.2477,1.27356,13.3526,0
90,2051,5,5,12.9235,1477.89,1474.02,0,0,2,973.587,1361.47,0,156,136,50,1361.47,9.53345,12.9235,20.0749,20.2896,-77.2104,-77.4251,1.27356,13.3526,0
90,2052,5,5,13.3374,1736.16,1736.16,0,0,2,1115.63,1581.98,0,156,136,50,1581.98,13.3374,13.3374,21.6874,21.6874,-75.8126,-75.8126,1.27356,13.3526,0
90,2053,5,5,1.43536,2055,2055,0,0,2,1666.89,1528.03,0,156,136,50,1528.03,1.43536,1.43536,10.3375,10.3375,-87.1625,-87.1625,1.27356,13.3526,0
90,2054,5,5,-0.291192,1918.42,1918.42,0,0,2,1604.17,1393.23,0,156,136,50,1393.23,-0.291192,-0.291192,7.73879,7.73879,-89.7612,-89.7612,1.27356,13.3526,0
90,2055,5,5,15.9407,864.618,864.618,0,0,2,414.823,959.453,0,156,136,50,959.453,15.9407,15.9407,25.0172,25.0172,-72.4828,-72.4828,1.27356,13.3526,0
90,2056,5,5,10.5222,2109.62,2109.62,0,0,2,1084.64,2029.58,0,156,136,50,2029.58,10.5222,10.5222,17.1749,17.1749,-80.3251,-80.3251,1.27356,13.3526,0
90,2057,5,5,-1.1474,2056.83,2056.83,0,0,2,1670.08,1527.27,0,156,136,50,1527.27,-1.1474,-1.1474,4.37574,4.37574,-93.1243,-93.1243,1.27356,13.3526,0
90,2058,5,5,13.6109,1608.8,1608.8,0,0,2,681.041,1655.89,0,156,136,50,1655.89,13.6109,13.6109,21.5842,21.5842,-75.9158,-75.9158,1.27356,13.3526,0
90,2051,5,5,16.4071,1477.89,1200.5,0,0,4,973.587,1361.47,0,391,313,50,1361.47,9.53345,16.4071,23.5585,20.2896,-77.2104,-73.9415,1.27356,13.3526,0
90,2052,5,5,16.2526,1736.16,1462.16,0,0,4,1115.63,1581.98,0,391,313,50,1581.98,13.3374,16.2526,24.6026,21.6874,-75.8126,-72.8974,1.27356,13.3526,0
90,2053,5,5,4.04056,2055,1762.58,0,0,4,1666.89,1528.03,0,391,313,50,1528.03,1.43536,4.04056,12.9427,10.3375,-87.1625,-84.5573,1.27356,13.3526,0
90,2054,5,5,2.52429,1918.42,1625.17,0,0,4,1604.17,1393.23,0,391,313,50,1393.23,-0.291192,2.52429,10.5543,7.73879,-89.7612,-86.9457,1.27356,13.3526,0
90,2055,5,5,20.8139,864.618,648.821,0,0,4,414.823,959.453,0,391,313,50,959.453,15.9407,20.8139,29.8904,25.0172,-72.4828,-67.6096,1.27356,13.3526,0
90,2056,5,5,12.7318,2109.62,1852.1,0,0,4,1084.64,2029.58,0,391,313,50,2029.58,10.5222,12.7318,19.3845,17.1749,-80.3251,-78.1155,1.27356,13.3526,0
90,2057,5,5,1.45573,2056.83,1764.36,0,0,4,1670.08,1527.27,0,391,313,50,1527.27,-1.1474,1.45573,6.97887,4.37574,-93.1243,-90.5211,1.27356,13.3526,0
90,2058,5,5,16.279,1608.8,1374.77,0,0,4,681.041,1655.89,0,391,313,50,1655.89,13.6109,16.279,24.2523,21.5842,-75.9158,-73.2477,1.27356,13.3526,0
90,2051,5,5,12.9235,1474.02,1474.02,0,0,4,973.587,1361.47,0,156,136,50,1361.47,12.9235,12.9235,20.0749,20.0749,-77.4251,-77.4251,1.27356,13.3526,0
90,2052,5,5,13.3374,1736.16,1736.16,0,0,4,1115.63,1581.98,0,156,136,50,1581.98,13.3374,13.3374,21.6874,21.6874,-75.8126,-75.8126,1.27356,13.3526,0
90,2053,5,5,1.43536,2055,2055,0,0,4,1666.89,1528.03,0,156,136,50,1528.03,1.43536,1.43536,10.3375,10.3375,-87.1625,-87.1625,1.27356,13.3526,0
90,2054,5,5,-0.291192,1918.42,1918.42,0,0,4,1604.17,1393.23,0,156,136,50,1393.23,-0.291192,-0.291192,7.73879,7.73879,-89.7612,-89.7612,1.27356,13.3526,0
90,2055,5,5,15.9407,864.618,864.618,0,0,4,414.823,959.453,0,156,136,50,959.453,15.9407,15.9407,25.0172,25.0172,-72.4828,-72.4828,1.27356,13.3526,0
90,2056,5,5,10.5222,2109.62,2109.62,0,0,4,1084.64,2029.58,0,156,136,50,2029.58,10.5222,10.5222,17.1749,17.1749,-80.3251,-80.3251,1.27356,13.3526,0
90,2057,5,5,-1.1474,2056.83,2056.83,0,0,4,1670.08,1527.27,0,156,136,50,1527.27,-1.1474,-1.1474,4.37574,4.37574,-93.1243,-93.1243,1.27356,13.3526,0
90,2058,5,5,13.6109,1608.8,1608.8,0,0,4,681.041,1655.89,0,156,136,50,1655.89,13.6109,13.6109,21.5842,21.5842,-75.9158,-75.9158,1.27356,13.3526,0
91,2051,5,5,26.6312,1474.02,1470.12,0,0,4,976.789,1354.63,0,156,136,50,1354.63,12.9235,26.6312,32.8085,20.0749,-77.4251,-64.6915,1.27356,13.3526,0
91,2052,5,5,6.81632,1736.16,1749.74,0,0,4,1149.21,1575.66,0,156,136,50,1575.66,13.3374,6.81632,14.7476,21.6874,-75.8126,-82.7524,1.27356,13.3526,0
91,2053,5,5,-2.0835,2055,2048.29,0,0,5,1666.35,1518.69,0,156,136,50,1518.69,1.43536,-2.0835,6.27572,10.3375,-87.1625,-91.2243,1.27356,13.3526,0
91,2054,5,5,9.15936,1918.42,1943.94,0,0,4,1634.27,1397.4,0,156,136,50,1397.4,-0.291192,9.15936,17.1747,7.73879,-89.7612,-80.3253,1.27356,13.3526,0
91,2055,5,5,38.6934,864.618,882.085,0,0,1,409.294,979.455,0,156,136,50,979.455,15.9407,38.6934,45.1176,25.0172,-72.4828,-52.3824,1.27356,13.3526,0
91,2056,5,5,-0.348822,2109.62,2109.13,0,0,4,1095,2023.92,0,156,136,50,2023.92,10.5222,-0.348822,5.98571,17.1749,-80.3251,-91.5143,1.27356,13.3526,0
91,2057,5,5,4.35236,2056.83,2049.8,0,0,1,1669.37,1517.62,0,156,136,50,1517.62,-1.1474,4.35236,12.5609,4.37574,-93.1243,-84.9391,1.27356,13.3526,0
91,2058,5,5,16.9248,1608.8,1648.34,0,0,1,710.582,1687.43,0,156,136,50,1687.43,13.6109,16.9248,22.929,21.5842,-75.9158,-74.571,1.27356,13.3526,0
91,2051,5,5,30.1323,1474.02,1196.09,0,0,2,976.789,1354.63,0,391,313,50,1354.63,12.9235,30.1323,36.3095,20.0749,-77.4251,-61.1905,1.27356,13.3526,0
91,2052,5,5,9.73068,1736.16,1473.67,0,0,2,1149.21,1575.66,0,391,313,50,1575.66,13.3374,9.73068,17.6619,21.6874,-75.8126,-79.8381,1.27356,13.3526,0
91,2053,5,5,0.531936,2055,1755.77,0,0,2,1666.35,1518.69,0,391,313,50,1518.69,1.43536,0.531936,8.89115,10.3375,-87.1625,-88.6089,1.27356,13.3526,0
91,2054,5,5,11.9367,1918.42,1650.5,0,0,2,1634.27,1397.4,0,391,313,50,1397.4,-0.291192,11.9367,19.9521,7.73879,-89.7612,-77.5479,1.27356,13.3526,0
91,2055,5,5,43.397,864.618,668.578,0,0,2,409.294,979.455,0,391,313,50,979.455,15.9407,43.397,49.8212,25.0172,-72.4828,-47.6788,1.27356,13.3526,0
91,2056,5,5,1.86904,2109.62,1850.77,0,0,2,1095,2023.92,0,391,313,50,2023.92,10.5222,1.86904,8.20357,17.1749,-80.3251,-89.2964,1.27356,13.3526,0
91,2057,5,5,6.96616,2056.83,1757.23,0,0,2,1669.37,1517.62,0,391,313,50,1517.62,-1.1474,6.96616,15.1747,4.37574,-93.1243,-82.3253,1.27356,13.3526,0
91,2058,5,5,19.5516,1608.8,1411.99,0,0,2,710.582,1687.43,0,391,313,50,1687.43,13.6109,19.5516,25.5558,21.5842,-75.9158,-71.9442,1.27356,13.3526,0
91,2051,5,5,26.6312,1474.02,1470.12,0,0,2,976.789,1354.63,0,156,136,50,1354.63,12.9235,26.6312,32.8085,20.0749,-77.4251,-64.6915,1.27356,13.3526,0
91,2052,5,5,6.81632,1736.16,1749.74,0,0,2,1149.21,1575.66,0,156,136,50,1575.66,13.3374,6.81632,14.7476,21.6874,-75.8126,-82.7524,1.27356,13.3526,0
91,2053,5,5,-2.0835,2055,2048.29,0,0,2,1666.35,1518.69,0,156,136,50,1518.69,1.43536,-2.0835,6.27572,10.3375,-87.1625,-91.2243,1.27356,13.3526,0
91,2054,5,5,9.15936,1918.42,1943.94,0,0,2,1634.27,1397.4,0,156,136,50,1397.4,-0.291192,9.15936,17.1747,7.73879,-89.7612,-80.3253,1.27356,13.3526,0
91,2055,5,5,38.6934,864.618,882.085,0,0,2,409.294,979.455,0,156,136,50,979.455,15.9407,38.6934,45.1176,25.0172,-72.4828,-52.3824,1.27356,13.3526,0
91,2056,5,5,-0.348822,2109.62,2109.13,0,0,2,1095,2023.92,0,156,136,50,2023.92,10.5222,-0.348822,5.98571,17.1749,-80.3251,-91.5143,1.27356,13.3526,0
91,2057,5,5,4.35236,2056.83,2049.8,0,0,2,1669.37,1517.62,0,156,136,50,1517.62,-1.1474,4.35236,12.5609,4.37574,-93.1243,-84.9391,1.27356,13.3526,0
91,2058,5,5,16.9248,1608.8,1648.34,0,0,2,710.582,1687.43,0,156,136,50,1687.43,13.6109,16.9248,22.929,21.5842,-75.9158,-74.571,1.27356,13.3526,0
91,2051,5,5,30.1323,1474.02,1196.09,0,0,4,976.789,1354.63,0,391,313,50,1354.63,12.9235,30.1323,36.3095,20.0749,-77.4251,-61.1905,1.27356,13.3526,0
91,2052,5,5,9.73068,1736.16,1473.67,0,0,4,1149.21,1575.66,0,391,313,50,1575.66,13.3374,9.73068,17.6619,21.6874,-75.8126,-79.8381,1.27356,13.3526,0
91,2053,5,5,0.531936,2055,1755.77,0,0,4,1666.35,1518.69,0,391,313,50,1518.69,1.43536,0.531936,8.89115,10.3375,-87.1625,-88.6089,1.27356,13.3526,0
91,2054,5,5,11.9367,1918.42,1650.5,0,0,4,1634.27,1397.4,0,391,313,50,1397.4,-0.291192,11.9367,19.9521,7.73879,-89.7612,-77.5479,1.27356,13.3526,0
91,2055,5,5,43.397,864.618,668.578,0,0,4,409.294,979.455,0,391,313,50,979.455,15.9407,43.397,49.8212,25.0172,-72.4828,-47.6788,1.27356,13.3526,0
91,2056,5,5,1.86904,2109.62,1850.77,0,0,4,1095,2023.92,0,391,313,50,2023.92,10.5222,1.86904,8.20357,17.1749,-80.3251,-89.2964,1.27356,13.3526,0
91,2057,5,5,6.96616,2056.83,1757.23,0,0,4,1669.37,1517.62,0,391,313,50,1517.62,-1.1474,6.96616,15.1747,4.37574,-93.1243,-82.3253,1.27356,13.3526,0
91,2058,5,5,19.5516,1608.8,1411.99,0,0,4,710.582,1687.43,0,391,313,50,1687.43,13.6109,19.5516,25.5558,21.5842,-75.9158,-71.9442,1.27356,13.3526,0
91,2051,5,5,26.6312,1470.12,1470.12,0,0,4,976.789,1354.63,0,156,136,50,1354.63,26.6312,26.6312,32.8085,32.8085,-64.6915,-64.6915,1.27356,13.3526,0
91,2052,5,5,6.81632,1749.74,1749.74,0,0,4,1149.21,1575.66,0,156,136,50,1575.66,6.81632,6.81632,14.7476,14.7476,-82.7524,-82.7524,1.27356,13.3526,0
91,2053,5,5,-2.0835,2048.29,2048.29,0,0,4,1666.35,1518.69,0,156,136,50,1518.69,-2.0835,-2.0835,6.27572,6.27572,-91.2243,-91.2243,1.27356,13.3526,0
91,2054,5,5,9.15936,1943.94,1943.94,0,0,4,1634.27,1397.4,0,156,136,50,1397.4,9.15936,9.15936,17.1747,17.1747,-80.3253,-80.3253,1.27356,13.3526,0
91,2055,5,5,38.6934,882.085,882.085,0,0,4,409.294,979.455,0,156,136,50,979.455,38.6934,38.6934,45.1176,45.1176,-52.3824,-52.3824,1.27356,13.3526,0
91,2056,5,5,-0.348822,2109.13,2109.13,0,0,4,1095,2023.92,0,156,136,50,2023.92,-0.348822,-0.348822,5.98571,5.98571,-91.5143,-91.5143,1.27356,13.3526,0
91,2057,5,5,4.35236,2049.8,2049.8,0,0,4,1669.37,1517.62,0,156,136,50,1517.62,4.35236,4.35236,12.5609,12.5609,-84.9391,-84.9391,1.27356,13.3526,0
91,2058,5,5,16.9248,1648.34,1648.34,0,0,4,710.582,1687.43,0,156,136,50,1687.43,16.9248,16.9248,22.929,22.929,-74.571,-74.571,1.27356,13.3526,0
92,2051,5,5,18.2346,1470.12,1466.26,0,0,4,979.988,1347.8,0,156,136,50,1347.8,26.6312,18.2346,26,32.8085,-64.6915,-71.5,1.27356,13.3526,0
92,2052,5,5,-3.28338,1749.74,1750.71,0,0,4,1151.37,1575.34,0,156,136,50,1575.34,6.81632,-3.28338,6.06984,14.7476,-82.7524,-91.4302,1.27356,13.3526,0
92,2053,5,5,-2.20488,2048.29,2045.7,0,0,1,1665.37,1515.92,0,156,136,50,1515.92,-2.0835,-2.20488,3.20342,6.27572,-91.2243,-94.2966,1.27356,13.3526,0
92,2054,5,5,10.7043,1943.94,1943.94,0,0,4,1634.29,1397.38,0,156,136,50,1397.38,9.15936,10.7043,17.7177,17.1747,-80.3253,-79.7823,1.27356,13.3526,0
92,2055,5,5,23.5279,882.085,884.415,0,0,5,407.944,982.294,0,156,136,50,982.294,38.6934,23.5279,31.8297,45.1176,-52.3824,-65.6703,1.27356,13.3526,0
92,2056,5,5,-3.08574,2109.13,2109.11,0,0,4,1095.06,2023.87,0,156,136,50,2023.87,-0.348822,-3.08574,5.4908,5.98571,-91.5143,-92.0092,1.27356,13.3526,0
92,2057,5,5,9.12292,2049.8,2047.29,0,0,1,1668.42,1514.94,0,156,136,50,1514.94,4.35236,9.12292,17.3528,12.5609,-84.9391,-80.1472,1.27356,13.3526,0
92,2058,5,5,15.419,1648.34,1649.62,0,0,1,710.403,1688.86,0,156,136,50,1688.86,16.9248,15.419,22.6042,22.929,-74.571,-74.8958,1.27356,13.3526,0
92,2051,5,5,21.7531,1470.12,1191.73,0,0,2,979.988,1347.8,0,391,313,50,1347.8,26.6312,21.7531,29.5185,32.8085,-64.6915,-67.9815,1.27356,13.3526,0
92,2052,5,5,-0.369337,1749.74,1474.51,0,0,2,1151.37,1575.34,0,391,313,50,1575.34,6.81632,-0.369337,8.98389,14.7476,-82.7524,-88.5161,1.27356,13.3526,0
92,2053,5,5,0.414352,2048.29,1753.15,0,0,2,1665.37,1515.92,0,391,313,50,1515.92,-2.0835,0.414352,5.82265,6.27572,-91.2243,-91.6773,1.27356,13.3526,0
92,2054,5,5,13.4817,1943.94,1650.5,0,0,2,1634.29,1397.38,0,391,313,50,1397.38,9.15936,13.4817,20.4951,17.1747,-80.3253,-77.0049,1.27356,13.3526,0
92,2055,5,5,28.2054,882.085,671.373,0,0,2,407.944,982.294,0,391,313,50,982.294,38.6934,28.2054,36.5073,45.1176,-52.3824,-60.9927,1.27356,13.3526,0
92,2056,5,5,-0.867809,2109.13,1850.74,0,0,2,1095.06,2023.87,0,391,313,50,2023.87,-0.348822,-0.867809,7.70873,5.98571,-91.5143,-89.7913,1.27356,13.3526,0
92,2057,5,5,11.7404,2049.8,1754.7,0,0,2,1668.42,1514.94,0,391,313,50,1514.94,4.35236,11.7404,19.9702,12.5609,-84.9391,-77.5298,1.27356,13.3526,0
92,2058,5,5,18.0428,1648.34,1413.34,0,0,2,710.403,1688.86,0,391,313,50,1688.86,16.9248,18.0428,25.228,22.929,-74.571,-72.272,1.27356,13.3526,0
92,2051,5,5,18.2346,1470.12,1466.26,0,0,2,979.988,1347.8,0,156,136,50,1347.8,26.6312,18.2346,26,32.8085,-64.6915,-71.5,1.27356,13.3526,0
92,2052,5,5,-3.28338,1749.74,1750.71,0,0,2,1151.37,1575.34,0,156,136,50,1575.34,6.81632,-3.28338,6.06984,14.7476,-82.7524,-91.4302,1.27356,13.3526,0
92,2053,5,5,-2.20488,2048.29,2045.7,0,0,2,1665.37,1515.92,0,156,136,50,1515.92,-2.0835,-2.20488,3.20342,6.27572,-91.2243,-94.2966,1.27356,13.3526,0
92,2054,5,5,10.7043,1943.94,1943.94,0,0,2,1634.29,1397.38,0,156,136,50,1397.38,9.15936,10.7043,17.7177,17.1747,-80.3253,-79.7823,1.27356,13.3526,0
92,2055,5,5,23.5279,882.085,884.415,0,0,2,407.944,982.294,0,156,136,50,982.294,38.6934,23.5279,31.8297,45.1176,-52.3824,-65.6703,1.27356,13.3526,0
92,2056,5,5,-3.08574,2109.13,2109.11,0,0,2,1095.06,2023.87,0,156,136,50,2023.87,-0.348822,-3.08574,5.4908,5.98571,-91.5143,-92.0092,1.27356,13.3526,0
92,2057,5,5,9.12292,2049.8,2047.29,0,0,2,1668.42,1514.94,0,156,136,50,1514.94,4.35236,9.12292,17.3528,12.5609,-84.9391,-80.1472,1.27356,13.3526,0
92,2058,5,5,15.419,1648.34,1649.62,0,0,2,710.403,1688.86,0,156,136,50,1688.86,16.9248,15.419,22.6042,22.929,-74.571,-74.8958,1.27356,13.3526,0
92,2051,5,5,21.7531,1470.12,1191.73,0,0,4,979.988,1347.8,0,391,313,50,1347.8,26.6312,21.7531,29.5185,32.8085,-64.6915,-67.9815,1.27356,13.3526,0
92,2052,5,5,-0.369337,1749.74,1474.51,0,0,4,1151.37,1575.34,0,391,313,50,1575.34,6.81632,-0.369337,8.98389,14.7476,-82.7524,-88.5161,1.27356,13.3526,0
92,2053,5,5,0.414352,2048.29,1753.15,0,0,4,1665.37,1515.92,0,391,313,50,1515.92,-2.0835,0.414352,5.82265,6.27572,-91.2243,-91.6773,1.27356,13.3526,0
92,2054,5,5,13.4817,1943.94,1650.5,0,0,4,1634.29,1397.38,0,391,313,50,1397.38,9.15936,13.4817,20.4951,17.1747,-80.3253,-77.0049,1.27356,13.3526,0
92,2055,5,5,28.2054,882.085,671.373,0,0,4,407.944,982.294,0,391,313,50,982.294,38.6934,28.2054,36.5073,45.1176,-52.3824,-60.9927,1.27356,13.3526,0
92,2056,5,5,-0.867809,2109.13,1850.74,0,0,4,1095.06,2023.87,0,391,313,50,2023.87,-0.348822,-0.867809,7.70873,5.98571,-91.5143,-89.7913,1.27356,13.3526,0
92,2057,5,5,11.7404,2049.8,1754.7,0,0,4,1668.42,1514.94,0,391,313,50,1514.94,4.35236,11.7404,19.9702,12.5609,-84.9391,-77.5298,1.27356,13.3526,0
92,2058,5,5,18.0428,1648.34,1413.34,0,0,4,710.403,1688.86,0,391,313,50,1688.86,16.9248,18.0428,25.228,22.929,-74.571,-72.272,1.27356,13.3526,0
92,2051,5,5,18.2346,1466.26,1466.26,0,0,4,979.988,1347.8,0,156,136,50,1347.8,18.2346,18.2346,26,26,-71.5,-71.5,1.27356,13.3526,0
92,2052,5,5,-3.28338,1750.71,1750.71,0,0,4,1151.37,1575.34,0,156,136,50,1575.34,-3.28338,-3.28338,6.06984,6.06984,-91.4302,-91.4302,1.27356,13.3526,0
92,2053,5,5,-2.20488,2045.7,2045.7,0,0,4,1665.37,1515.92,0,156,136,50,1515.92,-2.20488,-2.20488,3.20342,3.20342,-94.2966,-94.2966,1.27356,13.3526,0
92,2054,5,5,10.7043,1943.94,1943.94,0,0,4,1634.29,1397.38,0,156,136,50,1397.38,10.7043,10.7043,17.7177,17.7177,-79.7823,-79.7823,1.27356,13.3526,0
92,2055,5,5,23.5279,884.415,884.415,0,0,4,407.944,982.294,0,156,136,50,982.294,23.5279,23.5279,31.8297,31.8297,-65.6703,-65.6703,1.27356,13.3526,0
92,2056,5,5,-3.08574,2109.11,2109.11,0,0,4,1095.06,2023.87,0,156,136,50,2023.87,-3.08574,-3.08574,5.4908,5.4908,-92.0092,-92.0092,1.27356,13.3526,0
92,2057,5,5,9.12292,2047.29,2047.29,0,0,4,1668.42,1514.94,0,156,136,50,1514.94,9.12292,9.12292,17.3528,17.3528,-80.1472,-80.1472,1.27356,13.3526,0
92,2058,5,5,15.419,1649.62,1649.62,0,0,4,710.403,1688.86,0,156,136,50,1688.86,15.419,15.419,22.6042,22.6042,-74.8958,-74.8958,1.27356,13.3526,0
93,2051,5,5,13.2247,1466.26,1462.41,0,0,4,983.199,1340.94,0,156,136,50,1340.94,18.2346,13.2247,22.1402,26,-71.5,-75.3598,1.27356,13.3526,0
93,2052,5,5,7.909,1750.71,1752.3,0,0,4,1154.93,1574.82,0,156,136,50,1574.82,-3.28338,7.909,15.5055,6.06984,-91.4302,-81.9945,1.27356,13.3526,0
93,2053,5,5,-3.95684,2045.7,2041.64,0,0,1,1663.84,1511.57,0,156,136,50,1511.57,-2.20488,-3.95684,3.02138,3.20342,-94.2966,-94.4786,1.27356,13.3526,0
93,2054,5,5,10.8484,1943.94,1943.95,0,0,4,1634.32,1397.35,0,156,136,50,1397.35,10.7043,10.8484,16.9259,17.7177,-79.7823,-80.5741,1.27356,13.3526,0
93,2055,5,5,24.2544,884.415,888.132,0,0,1,405.796,986.812,0,156,136,50,986.812,23.5279,24.2544,31.6116,31.8297,-65.6703,-65.8884,1.27356,13.3526,0
93,2056,5,5,10.5569,2109.11,2106.02,0,0,4,1102.29,2016.79,0,156,136,50,2016.79,-3.08574,10.5569,20.129,5.4908,-92.0092,-77.371,1.27356,13.3526,0
93,2057,5,5,4.33357,2047.29,2043.26,0,0,1,1666.9,1510.62,0,156,136,50,1510.62,9.12292,4.33357,10.7107,17.3528,-80.1472,-86.7893,1.27356,13.3526,0
93,2058,5,5,9.41907,1649.62,1651.33,0,0,5,709.664,1690.94,0,156,136,50,1690.94,15.419,9.41907,16.3701,22.6042,-74.8958,-81.1299,1.27356,13.3526,0
93,2051,5,5,16.7607,1466.26,1187.38,0,0,2,983.199,1340.94,0,391,313,50,1340.94,18.2346,16.7607,25.6762,26,-71.5,-71.8238,1.27356,13.3526,0
93,2052,5,5,10.8225,1750.71,1475.9,0,0,2,1154.93,1574.82,0,391,313,50,1574.82,-3.28338,10.8225,18.419,6.06984,-91.4302,-79.081,1.27356,13.3526,0
93,2053,5,5,-1.33166,2045.7,1749.06,0,0,2,1663.84,1511.57,0,391,313,50,1511.57,-2.20488,-1.33166,5.64656,3.20342,-94.2966,-91.8534,1.27356,13.3526,0
93,2054,5,5,13.6257,1943.94,1650.5,0,0,2,1634.32,1397.35,0,391,313,50,1397.35,10.7043,13.6257,19.7032,17.7177,-79.7823,-77.7968,1.27356,13.3526,0
93,2055,5,5,28.891,884.415,675.827,0,0,2,405.796,986.812,0,391,313,50,986.812,23.5279,28.891,36.2482,31.8297,-65.6703,-61.2518,1.27356,13.3526,0
93,2056,5,5,12.7845,2109.11,1846.98,0,0,2,1102.29,2016.79,0,391,313,50,2016.79,-3.08574,12.7845,22.3566,5.4908,-92.0092,-75.1434,1.27356,13.3526,0
93,2057,5,5,6.95693,2047.29,1750.63,0,0,2,1666.9,1510.62,0,391,313,50,1510.62,9.12292,6.95693,13.3341,17.3528,-80.1472,-84.1659,1.27356,13.3526,0
93,2058,5,5,12.0381,1649.62,1415.19,0,0,2,709.664,1690.94,0,391,313,50,1690.94,15.419,12.0381,18.9892,22.6042,-74.8958,-78.5108,1.27356,13.3526,0
93,2051,5,5,13.2247,1466.26,1462.41,0,0,2,983.199,1340.94,0,156,136,50,1340.94,18.2346,13.2247,22.1402,26,-71.5,-75.3598,1.27356,13.3526,0
93,2052,5,5,7.909,1750.71,1752.3,0,0,2,1154.93,1574.82,0,156,136,50,1574.82,-3.28338,7.909,15.5055,6.06984,-91.4302,-81.9945,1.27356,13.3526,0
93,2053,5,5,-3.95684,2045.7,2041.64,0,0,2,1663.84,1511.57,0,156,136,50,1511.57,-2.20488,-3.95684,3.02138,3.20342,-94.2966,-94.4786,1.27356,13.3526,0
93,2054,5,5,10.8484,1943.94,1943.95,0,0,2,1634.32,1397.35,0,156,136,50,1397.35,10.7043,10.8484,16.9259,17.7177,-79.7823,-80.5741,1.27356,13.3526,0
93,2055,5,5,24.2544,884.415,888.132,0,0,2,405.796,986.812,0,156,136,50,986.812,23.5279,24.2544,31.6116,31.8297,-65.6703,-65.8884,1.27356,13.3526,0
93,2056,5,5,10.5569,2109.11,2106.02,0,0,2,1102.29,2016.79,0,156,136,50,2016.79,-3.08574,10.5569,20.129,5.4908,-92.0092,-77.371,1.27356,13.3526,0
93,2057,5,5,4.33357,2047.29,2043.26,0,0,2,1666.9,1510.62,0,156,136,50,1510.62,9.12292,4.33357,10.7107,17.3528,-80.1472,-86.7893,1.27356,13.3526,0
93,2058,5,5,9.41907,1649.62,1651.33,0,0,2,709.664,1690.94,0,156,136,50,1690.94,15.419,9.41907,16.3701,22.6042,-74.8958,-81.1299,1.27356,13.3526,0
93,2051,5,5,16.7607,1466.26,1187.38,0,0,4,983.199,1340.94,0,391,313,50,1340.94,18.2346,16.7607,25.6762,26,-71.5,-71.8238,1.27356,13.3526,0
93,2052,5,5,10.8225,1750.71,1475.9,0,0,4,1154.93,1574.82,0,391,313,50,1574.82,-3.28338,10.8225,18.419,6.06984,-91.4302,-79.081,1.27356,13.3526,0
93,2053,5,5,-1.33166,2045.7,1749.06,0,0,4,1663.84,1511.57,0,391,313,50,1511.57,-2.20488,-1.33166,5.64656,3.20342,-94.2966,-91.8534,1.27356,13.3526,0
93,2054,5,5,13.6257,1943.94,1650.5,0,0,4,1634.32,1397.35,0,391,313,50,1397.35,10.7043,13.6257,19.7032,17.7177,-79.7823,-77.7968,1.27356,13.3526,0
93,2055,5,5,28.891,884.415,675.827,0,0,4,405.796,986.812,0,391,313,50,986.812,23.5279,28.891,36.2482,31.8297,-65.6703,-61.2518,1.27356,13.3526,0
93,2056,5,5,12.7845,2109.11,1846.98,0,0,4,1102.29,2016.79,0,391,313,50,2016.79,-3.08574,12.7845,22.3566,5.4908,-92.0092,-75.1434,1.27356,13.3526,0
93,2057,5,5,6.95693,2047.29,1750.63,0,0,4,1666.9,1510.62,0,391,313,50,1510.62,9.12292,6.95693,13.3341,17.3528,-80.1472,-84.1659,1.27356,13.3526,0
93,2058,5,5,12.0381,1649.62,1415.19,0,0,4,709.664,1690.94,0,391,313,50,1690.94,15.419,12.0381,18.9892,22.6042,-74.8958,-78.5108,1.27356,13.3526,0
93,2051,5,5,13.2247,1462.41,1462.41,0,0,4,983.199,1340.94,0,156,136,50,1340.94,13.2247,13.2247,22.1402,22.1402,-75.3598,-75.3598,1.27356,13.3526,0
93,2052,5,5,7.909,1752.3,1752.3,0,0,4,1154.93,1574.82,0,156,136,50,1574.82,7.909,7.909,15.5055,15.5055,-81.9945,-81.9945,1.27356,13.3526,0
93,2053,5,5,-3.95684,2041.64,2041.64,0,0,4,1663.84,1511.57,0,156,136,50,1511.57,-3.95684,-3.95684,3.02138,3.02138,-94.4786,-94.4786,1.27356,13.3526,0
93,2054,5,5,10.8484,1943.95,1943.95,0,0,4,1634.32,1397.35,0,156,136,50,1397.35,10.8484,10.8484,16.9259,16.9259,-80.5741,-80.5741,1.27356,13.3526,0
93,2055,5,5,24.2544,888.132,888.132,0,0,4,405.796,986.812,0,156,136,50,986.812,24.2544,24.2544,31.6116,31.6116,-65.8884,-65.8884,1.27356,13.3526,0
93,2056,5,5,10.5569,2106.02,2106.02,0,0,4,1102.29,2016.79,0,156,136,50,2016.79,10.5569,10.5569,20.129,20.129,-77.371,-77.371,1.27356,13.3526,0
93,2057,5,5,4.33357,2043.26,2043.26,0,0,4,1666.9,1510.62,0,156,136,50,1510.62,4.33357,4.33357,10.7107,10.7107,-86.7893,-86.7893,1.27356,13.3526,0
93,2058,5,5,9.41907,1651.33,1651.33,0,0,4,709.664,1690.94,0,156,136,50,1690.94,9.41907,9.41907,16.3701,16.3701,-81.1299,-81.1299,1.27356,13.3526,0
94,2051,5,5,20.1202,1462.41,1458.73,0,0,4,986.549,1334.16,0,156,136,50,1334.16,13.2247,20.1202,27.2643,22.1402,-75.3598,-70.2357,1.27356,13.3526,0
94,2052,5,5,9.5874,1752.3,1754.52,0,0,4,1159.87,1574.09,0,156,136,50,1574.09,7.909,9.5874,19.1293,15.5055,-81.9945,-78.3707,1.27356,13.3526,0
94,2053,5,5,7.39337,2041.64,2036.09,0,0,5,1661.75,1505.63,0,156,136,50,1505.63,-3.95684,7.39337,16.5094,3.02138,-94.4786,-80.9906,1.27356,13.3526,0
94,2054,5,5,9.18804,1943.95,1943.95,0,0,4,1634.37,1397.3,0,156,136,50,1397.3,10.8484,9.18804,16.4606,16.9259,-80.5741,-81.0394,1.27356,13.3526,0
94,2055,5,5,21.3325,888.132,893.163,0,0,1,402.901,992.902,0,156,136,50,992.902,24.2544,21.3325,29.0684,31.6116,-65.8884,-68.4316,1.27356,13.3526,0
94,2056,5,5,-0.132338,2106.02,2104.5,0,0,4,1104.68,2013.88,0,156,136,50,2013.88,10.5569,-0.132338,8.76602,20.129,-77.371,-88.734,1.27356,13.3526,0
94,2057,5,5,0.0266643,2043.26,2037.74,0,0,1,1664.82,1504.7,0,156,136,50,1504.7,4.33357,0.0266643,8.98255,10.7107,-86.7893,-88.5174,1.27356,13.3526,0
94,2058,5,5,18.9559,1651.33,1653.53,0,0,1,708.358,1693.74,0,156,136,50,1693.74,9.41907,18.9559,25.1027,16.3701,-81.1299,-72.3973,1.27356,13.3526,0
94,2051,5,5,23.6734,1462.41,1183.2,0,0,2,986.549,1334.16,0,391,313,50,1334.16,13.2247,23.6734,30.8174,22.1402,-75.3598,-66.6826,1.27356,13.3526,0
94,2052,5,5,12.5001,1752.3,1477.84,0,0,2,1159.87,1574.09,0,391,313,50,1574.09,7.909,12.5001,22.0421,15.5055,-81.9945,-75.4579,1.27356,13.3526,0
94,2053,5,5,10.0267,2041.64,1743.46,0,0,2,1661.75,1505.63,0,391,313,50,1505.63,-3.95684,10.0267,19.1428,3.02138,-94.4786,-78.3572,1.27356,13.3526,0
94,2054,5,5,11.9654,1943.95,1650.51,0,0,2,1634.37,1397.3,0,391,313,50,1397.3,10.8484,11.9654,19.238,16.9259,-80.5741,-78.262,1.27356,13.3526,0
94,2055,5,5,25.9146,888.132,681.841,0,0,2,402.901,992.902,0,391,313,50,992.902,24.2544,25.9146,33.6504,31.6116,-65.8884,-63.8496,1.27356,13.3526,0
94,2056,5,5,2.09918,2106.02,1845.22,0,0,2,1104.68,2013.88,0,391,313,50,2013.88,10.5569,2.09918,10.9975,20.129,-77.371,-86.5025,1.27356,13.3526,0
94,2057,5,5,2.65814,2043.26,1745.07,0,0,2,1664.82,1504.7,0,391,313,50,1504.7,4.33357,2.65814,11.614,10.7107,-86.7893,-85.886,1.27356,13.3526,0
94,2058,5,5,21.5684,1651.33,1417.63,0,0,2,708.358,1693.74,0,391,313,50,1693.74,9.41907,21.5684,27.7152,16.3701,-81.1299,-69.7848,1.27356,13.3526,0
94,2051,5,5,20.1202,1462.41,1458.73,0,0,2,986.549,1334.16,0,156,136,50,1334.16,13.2247,20.1202,27.2643,22.1402,-75.3598,-70.2357,1.27356,13.3526,0
94,2052,5,5,9.5874,1752.3,1754.52,0,0,2,1159.87,1574.09,0,156,136,50,1574.09,7.909,9.5874,19.1293,15.5055,-81.9945,-78.3707,1.27356,13.3526,0
94,2053,5,5,7.39337,2041.64,2036.09,0,0,2,1661.75,1505.63,0,156,136,50,1505.63,-3.95684,7.39337,16.5094,3.02138,-94.4786,-80.9906,1.27356,13.3526,0
94,2054,5,5,9.18804,1943.95,1943.95,0,0,2,1634.37,1397.3,0,156,136,50,1397.3,10.8484,9.18804,16.4606,16.9259,-80.5741,-81.0394,1.27356,13.3526,0
94,2055,5,5,21.3325,888.132,893.163,0,0,2,402.901,992.902,0,156,136,50,992.902,24.2544,21.3325,29.0684,31.6116,-65.8884,-68.4316,1.27356,13.3526,0
94,2056,5,5,-0.132338,2106.02,2104.5,0,0,2,1104.68,2013.88,0,156,136,50,2013.88,10.5569,-0.132338,8.76602,20.129,-77.371,-88.734,1.27356,13.3526,0
94,2057,5,5,0.0266643,2043.26,2037.74,0,0,2,1664.82,1504.7,0,156,136,50,1504.7,4.33357,0.0266643,8.98255,10.7107,-86.7893,-88.5174,1.27356,13.3526,0
94,2058,5,5,18.9559,1651.33,1653.53,0,0,2,708.358,1693.74,0,156,136,50,1693.74,9.41907,18.9559,25.1027,16.3701,-81.1299,-72.3973,1.27356,13.3526,0
94,2051,5,5,23.6734,1462.41,1183.2,0,0,4,986.549,1334.16,0,391,313,50,1334.16,13.2247,23.6734,30.8174,22.1402,-75.3598,-66.6826,1.27356,13.3526,0
94,2052,5,5,12.5001,1752.3,1477.84,0,0,4,1159.87,1574.09,0,391,313,50,1574.09,7.909,12.5001,22.0421,15.5055,-81.9945,-75.4579,1.27356,13.3526,0
94,2053,5,5,10.0267,2041.64,1743.46,0,0,4,1661.75,1505.63,0,391,313,50,1505.63,-3.95684,10.0267,19.1428,3.02138,-94.4786,-78.3572,1.27356,13.3526,0
94,2054,5,5,11.9654,1943.95,1650.51,0,0,4,1634.37,1397.3,0,391,313,50,1397.3,10.8484,11.9654,19.238,16.9259,-80.5741,-78.262,1.27356,13.3526,0
94,2055,5,5,25.9146,888.132,681.841,0,0,4,402.901,992.902,0,391,313,50,992.902,24.2544,25.9146,33.6504,31.6116,-65.8884,-63.8496,1.27356,13.3526,0
94,2056,5,5,2.09918,2106.02,1845.22,0,0,4,1104.68,2013.88,0,391,313,50,2013.88,10.5569,2.09918,10.9975,20.129,-77.371,-86.5025,1.27356,13.3526,0
94,2057,5,5,2.65814,2043.26,1745.07,0,0,4,1664.82,1504.7,0,391,313,50,1504.7,4.33357,2.65814,11.614,10.7107,-86.7893,-85.886,1.27356,13.3526,0
94,2058,5,5,21.5684,1651.33,1417.63,0,0,4,708.358,1693.74,0,391,313,50,1693.74,9.41907,21.5684,27.7152,16.3701,-81.1299,-69.7848,1.27356,13.3526,0
94,2051,5,5,20.1202,1458.73,1458.73,0,0,4,986.549,1334.16,0,156,136,50,1334.16,20.1202,20.1202,27.2643,27.2643,-70.2357,-70.2357,1.27356,13.3526,0
94,2052,5,5,9.5874,1754.52,1754.52,0,0,4,1159.87,1574.09,0,156,136,50,1574.09,9.5874,9.5874,19.1293,19.1293,-78.3707,-78.3707,1.27356,13.3526,0
94,2053,5,5,7.39337,2036.09,2036.09,0,0,4,1661.75,1505.63,0,156,136,50,1505.63,7.39337,7.39337,16.5094,16.5094,-80.9906,-80.9906,1.27356,13.3526,0
94,2054,5,5,9.18804,1943.95,1943.95,0,0,4,1634.37,1397.3,0,156,136,50,1397.3,9.18804,9.18804,16.4606,16.4606,-81.0394,-81.0394,1.27356,13.3526,0
94,2055,5,5,21.3325,893.163,893.163,0,0,4,402.901,992.902,0,156,136,50,992.902,21.3325,21.3325,29.0684,29.0684,-68.4316,-68.4316,1.27356,13.3526,0
94,2056,5,5,-0.132338,2104.5,2104.5,0,0,4,1104.68,2013.88,0,156,136,50,2013.88,-0.132338,-0.132338,8.76602,8.76602,-88.734,-88.734,1.27356,13.3526,0
94,2057,5,5,0.0266643,2037.74,2037.74,0,0,4,1664.82,1504.7,0,156,136,50,1504.7,0.0266643,0.0266643,8.98255,8.98255,-88.5174,-88.5174,1.27356,13.3526,0
94,2058,5,5,18.9559,1653.53,1653.53,0,0,4,708.358,1693.74,0,156,136,50,1693.74,18.9559,18.9559,25.1027,25.1027,-72.3973,-72.3973,1.27356,13.3526,0
95,2051,5,5,18.13,1458.73,1455.13,0,0,1,989.923,1327.41,0,156,136,50,1327.41,20.1202,18.13,25.9591,27.2643,-70.2357,-71.5409,1.27356,13.3526,0
95,2052,5,5,11.3931,1754.52,1757.36,0,0,1,1166.08,1573.2,0,156,136,50,1573.2,9.5874,11.3931,19.1941,19.1293,-78.3707,-78.3059,1.27356,13.3526,0
95,2053,5,5,13.2892,2036.09,2029.01,0,0,1,1659.08,1498.04,0,156,136,50,1498.04,7.39337,13.2892,19.7174,16.5094,-80.9906,-77.7826,1.27356,13.3526,0
95,2054,5,5,5.84063,1943.95,1943.95,0,0,5,1634.07,1397.64,0,156,136,50,1397.64,9.18804,5.84063,16.0698,16.4606,-81.0394,-81.4302,1.27356,13.3526,0
95,2055,5,5,32.8698,893.163,898.564,0,0,5,399.807,999.409,0,156,136,50,999.409,21.3325,32.8698,45.0513,29.0684,-68.4316,-52.4487,1.27356,13.3526,0
95,2056,5,5,0.512537,2104.5,2102.69,0,0,1,1107.55,2010.4,0,156,136,50,2010.4,-0.132338,0.512537,10.6387,8.76602,-88.734,-86.8613,1.27356,13.3526,0
95,2057,5,5,7.43678,2037.74,2030.73,0,0,1,1662.17,1497.18,0,156,136,50,1497.18,0.0266643,7.43678,17.8627,8.98255,-88.5174,-79.6373,1.27356,13.3526,0
95,2058,5,5,12.5637,1653.53,1655.99,0,0,5,706.325,1697.07,0,156,136,50,1697.07,18.9559,12.5637,20.9909,25.1027,-72.3973,-76.5091,1.27356,13.3526,0
95,2051,5,5,21.7002,1458.73,1179.09,0,0,2,989.923,1327.41,0,391,313,50,1327.41,20.1202,21.7002,29.5292,27.2643,-70.2357,-67.9708,1.27356,13.3526,0
95,2052,5,5,14.3047,1754.52,1480.32,0,0,2,1166.08,1573.2,0,391,313,50,1573.2,9.5874,14.3047,22.1057,19.1293,-78.3707,-75.3943,1.27356,13.3526,0
95,2053,5,5,15.9331,2036.09,1736.33,0,0,2,1659.08,1498.04,0,391,313,50,1498.04,7.39337,15.9331,22.3613,16.5094,-80.9906,-75.1387,1.27356,13.3526,0
95,2054,5,5,8.61794,1943.95,1650.51,0,0,2,1634.07,1397.64,0,391,313,50,1397.64,9.18804,8.61794,18.8471,16.4606,-81.0394,-78.6529,1.27356,13.3526,0
95,2055,5,5,37.3946,893.163,688.284,0,0,2,399.807,999.409,0,391,313,50,999.409,21.3325,37.3946,49.576,29.0684,-68.4316,-47.924,1.27356,13.3526,0
95,2056,5,5,2.74875,2104.5,1843.13,0,0,2,1107.55,2010.4,0,391,313,50,2010.4,-0.132338,2.74875,12.8749,8.76602,-88.734,-84.6251,1.27356,13.3526,0
95,2057,5,5,10.0786,2037.74,1738,0,0,2,1662.17,1497.18,0,391,313,50,1497.18,0.0266643,10.0786,20.5045,8.98255,-88.5174,-76.9955,1.27356,13.3526,0
95,2058,5,5,15.1681,1653.53,1420.41,0,0,2,706.325,1697.07,0,391,313,50,1697.07,18.9559,15.1681,23.5953,25.1027,-72.3973,-73.9047,1.27356,13.3526,0
95,2051,5,5,18.13,1458.73,1455.13,0,0,2,989.923,1327.41,0,156,136,50,1327.41,20.1202,18.13,25.9591,27.2643,-70.2357,-71.5409,1.27356,13.3526,0
95,2052,5,5,11.3931,1754.52,1757.36,0,0,2,1166.08,1573.2,0,156,136,50,1573.2,9.5874,11.3931,19.1941,19.1293,-78.3707,-78.3059,1.27356,13.3526,0
95,2053,5,5,13.2892,2036.09,2029.01,0,0,2,1659.08,1498.04,0,156,136,50,1498.04,7.39337,13.2892,19.7174,16.5094,-80.9906,-77.7826,1.27356,13.3526,0
95,2054,5,5,5.84063,1943.95,1943.95,0,0,2,1634.07,1397.64,0,156,136,50,1397.64,9.18804,5.84063,16.0698,16.4606,-81.0394,-81.4302,1.27356,13.3526,0
95,2055,5,5,32.8698,893.163,898.564,0,0,2,399.807,999.409,0,156,136,50,999.409,21.3325,32.8698,45.0513,29.0684,-68.4316,-52.4487,1.27356,13.3526,0
95,2056,5,5,0.512537,2104.5,2102.69,0,0,2,1107.55,2010.4,0,156,136,50,2010.4,-0.132338,0.512537,10.6387,8.76602,-88.734,-86.8613,1.27356,13.3526,0
95,2057,5,5,7.43678,2037.74,2030.73,0,0,2,1662.17,1497.18,0,156,136,50,1497.18,0.0266643,7.43678,17.8627,8.98255,-88.5174,-79.6373,1.27356,13.3526,0
95,2058,5,5,12.5637,1653.53,1655.99,0,0,2,706.325,1697.07,0,156,136,50,1697.07,18.9559,12.5637,20.9909,25.1027,-72.3973,-76.5091,1.27356,13.3526,0
95,2051,5,5,21.7002,1458.73,1179.09,0,0,4,989.923,1327.41,0,391,313,50,1327.41,20.1202,21.7002,29.5292,27.2643,-70.2357,-67.9708,1.27356,13.3526,0
95,2052,5,5,14.3047,1754.52,1480.32,0,0,4,1166.08,1573.2,0,391,313,50,1573.2,9.5874,14.3047,22.1057,19.1293,-78.3707,-75.3943,1.27356,13.3526,0
95,2053,5,5,15.9331,2036.09,1736.33,0,0,4,1659.08,1498.04,0,391,313,50,1498.04,7.39337,15.9331,22.3613,16.5094,-80.9906,-75.1387,1.27356,13.3526,0
95,2054,5,5,8.61794,1943.95,1650.51,0,0,4,1634.07,1397.64,0,391,313,50,1397.64,9.18804,8.61794,18.8471,16.4606,-81.0394,-78.6529,1.27356,13.3526,0
95,2055,5,5,37.3946,893.163,688.284,0,0,4,399.807,999.409,0,391,313,50,999.409,21.3325,37.3946,49.576,29.0684,-68.4316,-47.924,1.27356,13.3526,0
95,2056,5,5,2.74875,2104.5,1843.13,0,0,4,1107.55,2010.4,0,391,313,50,2010.4,-0.132338,2.74875,12.8749,8.76602,-88.734,-84.6251,1.27356,13.3526,0
95,2057,5,5,10.0786,2037.74,1738,0,0,4,1662.17,1497.18,0,391,313,50,1497.18,0.0266643,10.0786,20.5045,8.98255,-88.5174,-76.9955,1.27356,13.3526,0
95,2058,5,5,15.1681,1653.53,1420.41,0,0,4,706.325,1697.07,0,391,313,50,1697.07,18.9559,15.1681,23.5953,25.1027,-72.3973,-73.9047,1.27356,13.3526,0
95,2051,5,5,18.13,1455.13,1455.13,0,0,4,989.923,1327.41,0,156,136,50,1327.41,18.13,18.13,25.9591,25.9591,-71.5409,-71.5409,1.27356,13.3526,0
95,2052,5,5,11.3931,1757.36,1757.36,0,0,4,1166.08,1573.2,0,156,136,50,1573.2,11.3931,11.3931,19.1941,19.1941,-78.3059,-78.3059,1.27356,13.3526,0
95,2053,5,5,13.2892,2029.01,2029.01,0,0,4,1659.08,1498.04,0,156,136,50,1498.04,13.2892,13.2892,19.7174,19.7174,-77.7826,-77.7826,1.27356,13.3526,0
95,2054,5,5,5.84063,1943.95,1943.95,0,0,4,1634.07,1397.64,0,156,136,50,1397.64,5.84063,5.84063,16.0698,16.0698,-81.4302,-81.4302,1.27356,13.3526,0
95,2055,5,5,32.8698,898.564,898.564,0,0,4,399.807,999.409,0,156,136,50,999.409,32.8698,32.8698,45.0513,45.0513,-52.4487,-52.4487,1.27356,13.3526,0
95,2056,5,5,0.512537,2102.69,2102.69,0,0,4,1107.55,2010.4,0,156,136,50,2010.4,0.512537,0.512537,10.6387,10.6387,-86.8613,-86.8613,1.27356,13.3526,0
95,2057,5,5,7.43678,2030.73,2030.73,0,0,4,1662.17,1497.18,0,156,136,50,1497.18,7.43678,7.43678,17.8627,17.8627,-79.6373,-79.6373,1.27356,13.3526,0
95,2058,5,5,12.5637,1655.99,1655.99,0,0,4,706.325,1697.07,0,156,136,50,1697.07,12.5637,12.5637,20.9909,20.9909,-76.5091,-76.5091,1.27356,13.3526,0
96,2051,5,5,11.5014,1455.13,1451.68,0,0,4,993.422,1320.73,0,156,136,50,1320.73,18.13,11.5014,20.6115,25.9591,-71.5409,-76.8885,1.27356,13.3526,0
96,2052,5,5,16.8984,1757.36,1757.97,0,0,4,1173.15,1568.96,0,156,136,50,1568.96,11.3931,16.8984,24.393,19.1941,-78.3059,-73.107,1.27356,13.3526,0
96,2053,5,5,12.1825,2029.01,2020.46,0,0,1,1655.84,1488.87,0,156,136,50,1488.87,13.2892,12.1825,16.8833,19.7174,-77.7826,-80.6167,1.27356,13.3526,0
96,2054,5,5,10.1328,1943.95,1944.96,0,0,4,1641.7,1390.21,0,156,136,50,1390.21,5.84063,10.1328,17.7548,16.0698,-81.4302,-79.7452,1.27356,13.3526,0
96,2055,5,5,29.6554,898.564,903.982,0,0,1,396.718,1005.91,0,156,136,50,1005.91,32.8698,29.6554,38.4884,45.0513,-52.4487,-59.0116,1.27356,13.3526,0
96,2056,5,5,1.06785,2102.69,2101.54,0,0,4,1109.39,2008.17,0,156,136,50,2008.17,0.512537,1.06785,9.86223,10.6387,-86.8613,-87.6378,1.27356,13.3526,0
96,2057,5,5,13.3925,2030.73,2022.37,0,0,5,1659,1488.21,0,156,136,50,1488.21,7.43678,13.3925,21.325,17.8627,-79.6373,-76.175,1.27356,13.3526,0
96,2058,5,5,12.9628,1655.99,1658.81,0,0,1,703.67,1700.99,0,156,136,50,1700.99,12.5637,12.9628,20.1501,20.9909,-76.5091,-77.3499,1.27356,13.3526,0
96,2051,5,5,15.0883,1455.13,1175.13,0,0,2,993.422,1320.73,0,391,313,50,1320.73,18.13,15.0883,24.1984,25.9591,-71.5409,-73.3016,1.27356,13.3526,0
96,2052,5,5,19.8146,1757.36,1480.44,0,0,2,1173.15,1568.96,0,391,313,50,1568.96,11.3931,19.8146,27.3092,19.1941,-78.3059,-70.1908,1.27356,13.3526,0
96,2053,5,5,14.8392,2029.01,1727.71,0,0,2,1655.84,1488.87,0,391,313,50,1488.87,13.2892,14.8392,19.5399,19.7174,-77.7826,-77.9601,1.27356,13.3526,0
96,2054,5,5,12.9096,1943.95,1651.4,0,0,2,1641.7,1390.21,0,391,313,50,1390.21,5.84063,12.9096,20.5317,16.0698,-81.4302,-76.9683,1.27356,13.3526,0
96,2055,5,5,34.1239,898.564,694.733,0,0,2,396.718,1005.91,0,391,313,50,1005.91,32.8698,34.1239,42.9569,45.0513,-52.4487,-54.5431,1.27356,13.3526,0
96,2056,5,5,3.30705,2102.69,1841.79,0,0,2,1109.39,2008.17,0,391,313,50,2008.17,0.512537,3.30705,12.1014,10.6387,-86.8613,-85.3986,1.27356,13.3526,0
96,2057,5,5,16.0468,2030.73,1729.58,0,0,2,1659,1488.21,0,391,313,50,1488.21,7.43678,16.0468,23.9793,17.8627,-79.6373,-73.5207,1.27356,13.3526,0
96,2058,5,5,15.5574,1655.99,1423.65,0,0,2,703.67,1700.99,0,391,313,50,1700.99,12.5637,15.5574,22.7447,20.9909,-76.5091,-74.7553,1.27356,13.3526,0
96,2051,5,5,11.5014,1455.13,1451.68,0,0,2,993.422,1320.73,0,156,136,50,1320.73,18.13,11.5014,20.6115,25.9591,-71.5409,-76.8885,1.27356,13.3526,0
96,2052,5,5,16.8984,1757.36,1757.97,0,0,2,1173.15,1568.96,0,156,136,50,1568.96,11.3931,16.8984,24.393,19.1941,-78.3059,-73.107,1.27356,13.3526,0
96,2053,5,5,12.1825,2029.01,2020.46,0,0,2,1655.84,1488.87,0,156,136,50,1488.87,13.2892,12.1825,16.8833,19.7174,-77.7826,-80.6167,1.27356,13.3526,0
96,2054,5,5,10.1328,1943.95,1944.96,0,0,2,1641.7,1390.21,0,156,136,50,1390.21,5.84063,10.1328,17.7548,16.0698,-81.4302,-79.7452,1.27356,13.3526,0
96,2055,5,5,29.6554,898.564,903.982,0,0,2,396.718,1005.91,0,156,136,50,1005.91,32.8698,29.6554,38.4884,45.0513,-52.4487,-59.0116,1.27356,13.3526,0
96,2056,5,5,1.06785,2102.69,2101.54,0,0,2,1109.39,2008.17,0,156,136,50,2008.17,0.512537,1.06785,9.86223,10.6387,-86.8613,-87.6378,1.27356,13.3526,0
96,2057,5,5,13.3925,2030.73,2022.37,0,0,2,1659,1488.21,0,156,136,50,1488.21,7.43678,13.3925,21.325,17.8627,-79.6373,-76.175,1.27356,13.3526,0
96,2058,5,5,12.9628,1655.99,1658.81,0,0,2,703.67,1700.99,0,156,136,50,1700.99,12.5637,12.9628,20.1501,20.9909,-76.5091,-77.3499,1.27356,13.3526,0
96,2051,5,5,15.0883,1455.13,1175.13,0,0,4,993.422,1320.73,0,391,313,50,1320.73,18.13,15.0883,24.1984,25.9591,-71.5409,-73.3016,1.27356,13.3526,0
96,2052,5,5,19.8146,1757.36,1480.44,0,0,4,1173.15,1568.96,0,391,313,50,1568.96,11.3931,19.8146,27.3092,19.1941,-78.3059,-70.1908,1.27356,13.3526,0
96,2053,5,5,14.8392,2029.01,1727.71,0,0,4,1655.84,1488.87,0,391,313,50,1488.87,13.2892,14.8392,19.5399,19.7174,-77.7826,-77.9601,1.27356,13.3526,0
96,2054,5,5,12.9096,1943.95,1651.4,0,0,4,1641.7,1390.21,0,391,313,50,1390.21,5.84063,12.9096,20.5317,16.0698,-81.4302,-76.9683,1.27356,13.3526,0
96,2055,5,5,34.1239,898.564,694.733,0,0,4,396.718,1005.91,0,391,313,50,1005.91,32.8698,34.1239,42.9569,45.0513,-52.4487,-54.5431,1.27356,13.3526,0
96,2056,5,5,3.30705,2102.69,1841.79,0,0,4,1109.39,2008.17,0,391,313,50,2008.17,0.512537,3.30705,12.1014,10.6387,-86.8613,-85.3986,1.27356,13.3526,0
96,2057,5,5,16.0468,2030.73,1729.58,0,0,4,1659,1488.21,0,391,313,50,1488.21,7.43678,16.0468,23.9793,17.8627,-79.6373,-73.5207,1.27356,13.3526,0
96,2058,5,5,15.5574,1655.99,1423.65,0,0,4,703.67,1700.99,0,391,313,50,1700.99,12.5637,15.5574,22.7447,20.9909,-76.5091,-74.7553,1.27356,13.3526,0
96,2051,5,5,11.5014,1451.68,1451.68,0,0,4,993.422,1320.73,0,156,136,50,1320.73,11.5014,11.5014,20.6115,20.6115,-76.8885,-76.8885,1.27356,13.3526,0
96,2052,5,5,16.8984,1757.97,1757.97,0,0,4,1173.15,1568.96,0,156,136,50,1568.96,16.8984,16.8984,24.393,24.393,-73.107,-73.107,1.27356,13.3526,0
96,2053,5,5,12.1825,2020.46,2020.46,0,0,4,1655.84,1488.87,0,156,136,50,1488.87,12.1825,12.1825,16.8833,16.8833,-80.6167,-80.6167,1.27356,13.3526,0
96,2054,5,5,10.1328,1944.96,1944.96,0,0,4,1641.7,1390.21,0,156,136,50,1390.21,10.1328,10.1328,17.7548,17.7548,-79.7452,-79.7452,1.27356,13.3526,0
96,2055,5,5,29.6554,903.982,903.982,0,0,4,396.718,1005.91,0,156,136,50,1005.91,29.6554,29.6554,38.4884,38.4884,-59.0116,-59.0116,1.27356,13.3526,0
96,2056,5,5,1.06785,2101.54,2101.54,0,0,4,1109.39,2008.17,0,156,136,50,2008.17,1.06785,1.06785,9.86223,9.86223,-87.6378,-87.6378,1.27356,13.3526,0
96,2057,5,5,13.3925,2022.37,2022.37,0,0,4,1659,1488.21,0,156,136,50,1488.21,13.3925,13.3925,21.325,21.325,-76.175,-76.175,1.27356,13.3526,0
96,2058,5,5,12.9628,1658.81,1658.81,0,0,4,703.67,1700.99,0,156,136,50,1700.99,12.9628,12.9628,20.1501,20.1501,-77.3499,-77.3499,1.27356,13.3526,0
97,2051,5,5,9.68007,1451.68,1448.44,0,0,4,997.119,1314.14,0,156,136,50,1314.14,11.5014,9.68007,17.7066,20.6115,-76.8885,-79.7934,1.27356,13.3526,0
97,2052,5,5,11.7627,1757.97,1762.13,0,0,4,1182.08,1567.7,0,156,136,50,1567.7,16.8984,11.7627,19.5532,24.393,-73.107,-77.9468,1.27356,13.3526,0
97,2053,5,5,7.75823,2020.46,2011.36,0,0,1,1652.39,1479.08,0,156,136,50,1479.08,12.1825,7.75823,16.4436,16.8833,-80.6167,-81.0564,1.27356,13.3526,0
97,2054,5,5,-0.114237,1944.96,1946.19,0,0,4,1650.5,1381.64,0,156,136,50,1381.64,10.1328,-0.114237,8.20934,17.7548,-79.7452,-89.2907,1.27356,13.3526,0
97,2055,5,5,27.0239,903.982,909.445,0,0,1,393.617,1012.43,0,156,136,50,1012.43,29.6554,27.0239,35.0216,38.4884,-59.0116,-62.4784,1.27356,13.3526,0
97,2056,5,5,1.49709,2101.54,2101.28,0,0,4,1109.81,2007.66,0,156,136,50,2007.66,1.06785,1.49709,8.14976,9.86223,-87.6378,-89.3502,1.27356,13.3526,0
97,2057,5,5,14.1843,2022.37,2012.65,0,0,1,1655.32,1477.76,0,156,136,50,1477.76,13.3925,14.1843,24.3552,21.325,-76.175,-73.1448,1.27356,13.3526,0
97,2058,5,5,14.3127,1658.81,1662.16,0,0,1,700.532,1705.63,0,156,136,50,1705.63,12.9628,14.3127,21.3673,20.1501,-77.3499,-76.1327,1.27356,13.3526,0
97,2051,5,5,13.2832,1451.68,1171.39,0,0,2,997.119,1314.14,0,391,313,50,1314.14,11.5014,13.2832,21.3098,20.6115,-76.8885,-76.1902,1.27356,13.3526,0
97,2052,5,5,14.677,1757.97,1484.11,0,0,2,1182.08,1567.7,0,391,313,50,1567.7,16.8984,14.677,22.4675,24.393,-73.107,-75.0325,1.27356,13.3526,0
97,2053,5,5,10.4286,2020.46,1718.53,0,0,2,1652.39,1479.08,0,391,313,50,1479.08,12.1825,10.4286,19.114,16.8833,-80.6167,-78.386,1.27356,13.3526,0
97,2054,5,5,2.66191,1944.96,1652.52,0,0,2,1650.5,1381.64,0,391,313,50,1381.64,10.1328,2.66191,10.9855,17.7548,-79.7452,-86.5145,1.27356,13.3526,0
97,2055,5,5,31.4369,903.982,701.219,0,0,2,393.617,1012.43,0,391,313,50,1012.43,29.6554,31.4369,39.4347,38.4884,-59.0116,-58.0653,1.27356,13.3526,0
97,2056,5,5,3.73697,2101.54,1841.49,0,0,2,1109.81,2007.66,0,391,313,50,2007.66,1.06785,3.73697,10.3896,9.86223,-87.6378,-87.1104,1.27356,13.3526,0
97,2057,5,5,16.8532,2022.37,1719.79,0,0,2,1655.32,1477.76,0,391,313,50,1477.76,13.3925,16.8532,27.0241,21.325,-76.175,-70.4759,1.27356,13.3526,0
97,2058,5,5,16.8958,1658.81,1427.49,0,0,2,700.532,1705.63,0,391,313,50,1705.63,12.9628,16.8958,23.9504,20.1501,-77.3499,-73.5496,1.27356,13.3526,0
97,2051,5,5,9.68007,1451.68,1448.44,0,0,2,997.119,1314.14,0,156,136,50,1314.14,11.5014,9.68007,17.7066,20.6115,-76.8885,-79.7934,1.27356,13.3526,0
97,2052,5,5,11.7627,1757.97,1762.13,0,0,2,1182.08,1567.7,0,156,136,50,1567.7,16.8984,11.7627,19.5532,24.393,-73.107,-77.9468,1.27356,13.3526,0
97,2053,5,5,7.75823,2020.46,2011.36,0,0,2,1652.39,1479.08,0,156,136,50,1479.08,12.1825,7.75823,16.4436,16.8833,-80.6167,-81.0564,1.27356,13.3526,0
97,2054,5,5,-0.114237,1944.96,1946.19,0,0,2,1650.5,1381.64,0,156,136,50,1381.64,10.1328,-0.114237,8.20934,17.7548,-79.7452,-89.2907,1.27356,13.3526,0
97,2055,5,5,27.0239,903.982,909.445,0,0,2,393.617,1012.43,0,156,136,50,1012.43,29.6554,27.0239,35.0216,38.4884,-59.0116,-62.4784,1.27356,13.3526,0
97,2056,5,5,1.49709,2101.54,2101.28,0,0,2,1109.81,2007.66,0,156,136,50,2007.66,1.06785,1.49709,8.14976,9.86223,-87.6378,-89.3502,1.27356,13.3526,0
97,2057,5,5,14.1843,2022.37,2012.65,0,0,2,1655.32,1477.76,0,156,136,50,1477.76,13.3925,14.1843,24.3552,21.325,-76.175,-73.1448,1.27356,13.3526,0
97,2058,5,5,14.3127,1658.81,1662.16,0,0,2,700.532,1705.63,0,156,136,50,1705.63,12.9628,14.3127,21.3673,20.1501,-77.3499,-76.1327,1.27356,13.3526,0
97,2051,5,5,13.2832,1451.68,1171.39,0,0,4,997.119,1314.14,0,391,313,50,1314.14,11.5014,13.2832,21.3098,20.6115,-76.8885,-76.1902,1.27356,13.3526,0
97,2052,5,5,14.677,1757.97,1484.11,0,0,4,1182.08,1567.7,0,391,313,50,1567.7,16.8984,14.677,22.4675,24.393,-73.107,-75.0325,1.27356,13.3526,0
97,2053,5,5,10.4286,2020.46,1718.53,0,0,4,1652.39,1479.08,0,391,313,50,1479.08,12.1825,10.4286,19.114,16.8833,-80.6167,-78.386,1.27356,13.3526,0
97,2054,5,5,2.66191,1944.96,1652.52,0,0,4,1650.5,1381.64,0,391,313,50,1381.64,10.1328,2.66191,10.9855,17.7548,-79.7452,-86.5145,1.27356,13.3526,0
97,2055,5,5,31.4369,903.982,701.219,0,0,4,393.617,1012.43,0,391,313,50,1012.43,29.6554,31.4369,39.4347,38.4884,-59.0116,-58.0653,1.27356,13.3526,0
97,2056,5,5,3.73697,2101.54,1841.49,0,0,4,1109.81,2007.66,0,391,313,50,2007.66,1.06785,3.73697,10.3896,9.86223,-87.6378,-87.1104,1.27356,13.3526,0
97,2057,5,5,16.8532,2022.37,1719.79,0,0,4,1655.32,1477.76,0,391,313,50,1477.76,13.3925,16.8532,27.0241,21.325,-76.175,-70.4759,1.27356,13.3526,0
97,2058,5,5,16.8958,1658.81,1427.49,0,0,4,700.532,1705.63,0,391,313,50,1705.63,12.9628,16.8958,23.9504,20.1501,-77.3499,-73.5496,1.27356,13.3526,0
97,2051,5,5,9.68007,1448.44,1448.44,0,0,4,997.119,1314.14,0,156,136,50,1314.14,9.68007,9.68007,17.7066,17.7066,-79.7934,-79.7934,1.27356,13.3526,0
97,2052,5,5,11.7627,1762.13,1762.13,0,0,4,1182.08,1567.7,0,156,136,50,1567.7,11.7627,11.7627,19.5532,19.5532,-77.9468,-77.9468,1.27356,13.3526,0
97,2053,5,5,7.75823,2011.36,2011.36,0,0,4,1652.39,1479.08,0,156,136,50,1479.08,7.75823,7.75823,16.4436,16.4436,-81.0564,-81.0564,1.27356,13.3526,0
97,2054,5,5,-0.114237,1946.19,1946.19,0,0,4,1650.5,1381.64,0,156,136,50,1381.64,-0.114237,-0.114237,8.20934,8.20934,-89.2907,-89.2907,1.27356,13.3526,0
97,2055,5,5,27.0239,909.445,909.445,0,0,4,393.617,1012.43,0,156,136,50,1012.43,27.0239,27.0239,35.0216,35.0216,-62.4784,-62.4784,1.27356,13.3526,0
97,2056,5,5,1.49709,2101.28,2101.28,0,0,4,1109.81,2007.66,0,156,136,50,2007.66,1.49709,1.49709,8.14976,8.14976,-89.3502,-89.3502,1.27356,13.3526,0
97,2057,5,5,14.1843,2012.65,2012.65,0,0,4,1655.32,1477.76,0,156,136,50,1477.76,14.1843,14.1843,24.3552,24.3552,-73.1448,-73.1448,1.27356,13.3526,0
97,2058,5,5,14.3127,1662.16,1662.16,0,0,4,700.532,1705.63,0,156,136,50,1705.63,14.3127,14.3127,21.3673,21.3673,-76.1327,-76.1327,1.27356,13.3526,0
98,2051,5,5,13.1515,1448.44,1445.74,0,0,4,1000.24,1308.57,0,156,136,50,1308.57,9.68007,13.1515,19.1963,17.7066,-79.7934,-78.3037,1.27356,13.3526,0
98,2052,5,5,15.3341,1762.13,1766.43,0,0,4,1191.47,1566.24,0,156,136,50,1566.24,11.7627,15.3341,23.4947,19.5532,-77.9468,-74.0053,1.27356,13.3526,0
98,2053,5,5,-10.1193,2011.36,2002.25,0,0,1,1648.94,1469.28,0,156,136,50,1469.28,7.75823,-10.1193,-1.76058,16.4436,-81.0564,-99.2606,1.27356,13.3526,0
98,2054,5,5,15.0106,1946.19,1947.69,0,0,4,1660.58,1371.82,0,156,136,50,1371.82,-0.114237,15.0106,21.0405,8.20934,-89.2907,-76.4595,1.27356,13.3526,0
98,2055,5,5,17.1785,909.445,914.913,0,0,1,390.527,1018.93,0,156,136,50,1018.93,27.0239,17.1785,23.5192,35.0216,-62.4784,-73.9808,1.27356,13.3526,0
98,2056,5,5,1.49709,2101.28,2101.28,0,0,4,1109.81,2007.66,0,156,136,50,2007.66,1.49709,1.49709,8.14976,8.14976,-89.3502,-89.3502,1.27356,13.3526,0
98,2057,5,5,6.60803,2012.65,2001.88,0,0,1,1651.23,1466.15,0,156,136,50,1466.15,14.1843,6.60803,12.1904,24.3552,-73.1448,-85.3096,1.27356,13.3526,0
98,2058,5,5,5.84866,1662.16,1671.33,0,0,5,691.983,1718.27,0,156,136,50,1718.27,14.3127,5.84866,15.4145,21.3673,-76.1327,-82.0855,1.27356,13.3526,0
98,2051,5,5,16.7684,1448.44,1168.26,0,0,2,1000.24,1308.57,0,391,313,50,1308.57,9.68007,16.7684,22.8132,17.7066,-79.7934,-74.6868,1.27356,13.3526,0
98,2052,5,5,18.2464,1762.13,1487.9,0,0,2,1191.47,1566.24,0,391,313,50,1566.24,11.7627,18.2464,26.407,19.5532,-77.9468,-71.093,1.27356,13.3526,0
98,2053,5,5,-7.43509,2011.36,1709.36,0,0,2,1648.94,1469.28,0,391,313,50,1469.28,7.75823,-7.43509,0.923658,16.4436,-81.0564,-96.5763,1.27356,13.3526,0
98,2054,5,5,17.7856,1946.19,1653.91,0,0,2,1660.58,1371.82,0,391,313,50,1371.82,-0.114237,17.7856,23.8154,8.20934,-89.2907,-73.6846,1.27356,13.3526,0
98,2055,5,5,21.5371,909.445,707.697,0,0,2,390.527,1018.93,0,391,313,50,1018.93,27.0239,21.5371,27.8779,35.0216,-62.4784,-69.6221,1.27356,13.3526,0
98,2056,5,5,3.73697,2101.28,1841.49,0,0,2,1109.81,2007.66,0,391,313,50,2007.66,1.49709,3.73697,10.3896,8.14976,-89.3502,-87.1104,1.27356,13.3526,0
98,2057,5,5,9.29336,2012.65,1708.93,0,0,2,1651.23,1466.15,0,391,313,50,1466.15,14.1843,9.29336,14.8757,24.3552,-73.1448,-82.6243,1.27356,13.3526,0
98,2058,5,5,8.40063,1662.16,1438.01,0,0,2,691.983,1718.27,0,391,313,50,1718.27,14.3127,8.40063,17.9665,21.3673,-76.1327,-79.5335,1.27356,13.3526,0
98,2051,5,5,13.1515,1448.44,1445.74,0,0,2,1000.24,1308.57,0,156,136,50,1308.57,9.68007,13.1515,19.1963,17.7066,-79.7934,-78.3037,1.27356,13.3526,0
98,2052,5,5,15.3341,1762.13,1766.43,0,0,2,1191.47,1566.24,0,156,136,50,1566.24,11.7627,15.3341,23.4947,19.5532,-77.9468,-74.0053,1.27356,13.3526,0
98,2053,5,5,-10.1193,2011.36,2002.25,0,0,2,1648.94,1469.28,0,156,136,50,1469.28,7.75823,-10.1193,-1.76058,16.4436,-81.0564,-99.2606,1.27356,13.3526,0
98,2054,5,5,15.0106,1946.19,1947.69,0,0,2,1660.58,1371.82,0,156,136,50,1371.82,-0.114237,15.0106,21.0405,8.20934,-89.2907,-76.4595,1.27356,13.3526,0
98,2055,5,5,17.1785,909.445,914.913,0,0,2,390.527,1018.93,0,156,136,50,1018.93,27.0239,17.1785,23.5192,35.0216,-62.4784,-73.9808,1.27356,13.3526,0
98,2056,5,5,1.49709,2101.28,2101.28,0,0,2,1109.81,2007.66,0,156,136,50,2007.66,1.49709,1.49709,8.14976,8.14976,-89.3502,-89.3502,1.27356,13.3526,0
98,2057,5,5,6.60803,2012.65,2001.88,0,0,2,1651.23,1466.15,0,156,136,50,1466.15,14.1843,6.60803,12.1904,24.3552,-73.1448,-85.3096,1.27356,13.3526,0
98,2058,5,5,5.84866,1662.16,1671.33,0,0,2,691.983,1718.27,0,156,136,50,1718.27,14.3127,5.84866,15.4145,21.3673,-76.1327,-82.0855,1.27356,13.3526,0
98,2051,5,5,16.7684,1448.44,1168.26,0,0,4,1000.24,1308.57,0,391,313,50,1308.57,9.68007,16.7684,22.8132,17.7066,-79.7934,-74.6868,1.27356,13.3526,0
98,2052,5,5,18.2464,1762.13,1487.9,0,0,4,1191.47,1566.24,0,391,313,50,1566.24,11.7627,18.2464,26.407,19.5532,-77.9468,-71.093,1.27356,13.3526,0
98,2053,5,5,-7.43509,2011.36,1709.36,0,0,4,1648.94,1469.28,0,391,313,50,1469.28,7.75823,-7.43509,0.923658,16.4436,-81.0564,-96.5763,1.27356,13.3526,0
98,2054,5,5,17.7856,1946.19,1653.91,0,0,4,1660.58,1371.82,0,391,313,50,1371.82,-0.114237,17.7856,23.8154,8.20934,-89.2907,-73.6846,1.27356,13.3526,0
98,2055,5,5,21.5371,909.445,707.697,0,0,4,390.527,1018.93,0,391,313,50,1018.93,27.0239,21.5371,27.8779,35.0216,-62.4784,-69.6221,1.27356,13.3526,0
98,2056,5,5,3.73697,2101.28,1841.49,0,0,4,1109.81,2007.66,0,391,313,50,2007.66,1.49709,3.73697,10.3896,8.14976,-89.3502,-87.1104,1.27356,13.3526,0
98,2057,5,5,9.29336,2012.65,1708.93,0,0,4,1651.23,1466.15,0,391,313,50,1466.15,14.1843,9.29336,14.8757,24.3552,-73.1448,-82.6243,1.27356,13.3526,0
98,2058,5,5,8.40063,1662.16,1438.01,0,0,4,691.983,1718.27,0,391,313,50,1718.27,14.3127,8.40063,17.9665,21.3673,-76.1327,-79.5335,1.27356,13.3526,0
98,2051,5,5,13.1515,1445.74,1445.74,0,0,4,1000.24,1308.57,0,156,136,50,1308.57,13.1515,13.1515,19.1963,19.1963,-78.3037,-78.3037,1.27356,13.3526,0
98,2052,5,5,15.3341,1766.43,1766.43,0,0,4,1191.47,1566.24,0,156,136,50,1566.24,15.3341,15.3341,23.4947,23.4947,-74.0053,-74.0053,1.27356,13.3526,0
98,2053,5,5,-10.1193,2002.25,2002.25,0,0,4,1648.94,1469.28,0,156,136,50,1469.28,-10.1193,-10.1193,-1.76058,-1.76058,-99.2606,-99.2606,1.27356,13.3526,0
98,2054,5,5,15.0106,1947.69,1947.69,0,0,4,1660.58,1371.82,0,156,136,50,1371.82,15.0106,15.0106,21.0405,21.0405,-76.4595,-76.4595,1.27356,13.3526,0
98,2055,5,5,17.1785,914.913,914.913,0,0,4,390.527,1018.93,0,156,136,50,1018.93,17.1785,17.1785,23.5192,23.5192,-73.9808,-73.9808,1.27356,13.3526,0
98,2056,5,5,1.49709,2101.28,2101.28,0,0,4,1109.81,2007.66,0,156,136,50,2007.66,1.49709,1.49709,8.14976,8.14976,-89.3502,-89.3502,1.27356,13.3526,0
98,2057,5,5,6.60803,2001.88,2001.88,0,0,4,1651.23,1466.15,0,156,136,50,1466.15,6.60803,6.60803,12.1904,12.1904,-85.3096,-85.3096,1.27356,13.3526,0
98,2058,5,5,5.84866,1671.33,1671.33,0,0,4,691.983,1718.27,0,156,136,50,1718.27,5.84866,5.84866,15.4145,15.4145,-82.0855,-82.0855,1.27356,13.3526,0
99,2051,5,5,16.135,1445.74,1460.1,0,0,4,1012.66,1317.32,0,156,136,50,1317.32,13.1515,16.135,24.7687,19.1963,-78.3037,-72.7313,1.27356,13.3526,0
99,2052,5,5,16.7445,1766.43,1773.75,0,0,4,1209.82,1561.89,0,156,136,50,1561.89,15.3341,16.7445,26.9683,23.4947,-74.0053,-70.5317,1.27356,13.3526,0
99,2053,5,5,3.59908,2002.25,1989.42,0,0,1,1644.07,1455.45,0,156,136,50,1455.45,-10.1193,3.59908,13.0799,-1.76058,-99.2606,-84.4201,1.27356,13.3526,0
99,2054,5,5,11.4464,1947.69,1952.49,0,0,4,1673.34,1363.77,0,156,136,50,1363.77,15.0106,11.4464,17.914,21.0405,-76.4595,-79.586,1.27356,13.3526,0
99,2055,5,5,26.4171,914.913,920.41,0,0,1,387.434,1025.43,0,156,136,50,1025.43,17.1785,26.4171,32.4948,23.5192,-73.9808,-65.0052,1.27356,13.3526,0
99,2056,5,5,1.49709,2101.28,2101.28,0,0,4,1109.81,2007.66,0,156,136,50,2007.66,1.49709,1.49709,8.14976,8.14976,-89.3502,-89.3502,1.27356,13.3526,0
99,2057,5,5,5.29464,2001.88,1988.58,0,0,1,1646.17,1451.8,0,156,136,50,1451.8,6.60803,5.29464,12.2147,12.1904,-85.3096,-85.2853,1.27356,13.3526,0
99,2058,5,5,14.3742,1671.33,1677.12,0,0,5,686.631,1726.17,0,156,136,50,1726.17,5.84866,14.3742,20.4883,15.4145,-82.0855,-77.0117,1.27356,13.3526,0
99,2051,5,5,19.7181,1445.74,1182.21,0,0,2,1012.66,1317.32,0,391,313,50,1317.32,13.1515,19.7181,28.3518,19.1963,-78.3037,-69.1482,1.27356,13.3526,0
99,2052,5,5,19.6551,1766.43,1494.22,0,0,2,1209.82,1561.89,0,391,313,50,1561.89,15.3341,19.6551,29.8789,23.4947,-74.0053,-67.6211,1.27356,13.3526,0
99,2053,5,5,6.30306,2002.25,1696.43,0,0,2,1644.07,1455.45,0,391,313,50,1455.45,-10.1193,6.30306,15.7839,-1.76058,-99.2606,-81.7161,1.27356,13.3526,0
99,2054,5,5,14.2149,1947.69,1658.62,0,0,2,1673.34,1363.77,0,391,313,50,1363.77,15.0106,14.2149,20.6826,21.0405,-76.4595,-76.8174,1.27356,13.3526,0
99,2055,5,5,30.7224,914.913,714.196,0,0,2,387.434,1025.43,0,391,313,50,1025.43,17.1785,30.7224,36.8,23.5192,-73.9808,-60.7,1.27356,13.3526,0
99,2056,5,5,3.73697,2101.28,1841.49,0,0,2,1109.81,2007.66,0,391,313,50,2007.66,1.49709,3.73697,10.3896,8.14976,-89.3502,-87.1104,1.27356,13.3526,0
99,2057,5,5,8.00043,2001.88,1695.53,0,0,2,1646.17,1451.8,0,391,313,50,1451.8,6.60803,8.00043,14.9205,12.1904,-85.3096,-82.5795,1.27356,13.3526,0
99,2058,5,5,16.9068,1671.33,1444.63,0,0,2,686.631,1726.17,0,391,313,50,1726.17,5.84866,16.9068,23.0209,15.4145,-82.0855,-74.4791,1.27356,13.3526,0
99,2051,5,5,16.135,1445.74,1460.1,0,0,2,1012.66,1317.32,0,156,136,50,1317.32,13.1515,16.135,24.7687,19.1963,-78.3037,-72.7313,1.27356,13.3526,0
99,2052,5,5,16.7445,1766.43,1773.75,0,0,2,1209.82,1561.89,0,156,136,50,1561.89,15.3341,16.7445,26.9683,23.4947,-74.0053,-70.5317,1.27356,13.3526,0
99,2053,5,5,3.59908,2002.25,1989.42,0,0,2,1644.07,1455.45,0,156,136,50,1455.45,-10.1193,3.59908,13.0799,-1.76058,-99.2606,-84.4201,1.27356,13.3526,0
99,2054,5,5,11.4464,1947.69,1952.49,0,0,2,1673.34,1363.77,0,156,136,50,1363.77,15.0106,11.4464,17.914,21.0405,-76.4595,-79.586,1.27356,13.3526,0
99,2055,5,5,26.4171,914.913,920.41,0,0,2,387.434,1025.43,0,156,136,50,1025.43,17.1785,26.4171,32.4948,23.5192,-73.9808,-65.0052,1.27356,13.3526,0
99,2056,5,5,1.49709,2101.28,2101.28,0,0,2,1109.81,2007.66,0,156,136,50,2007.66,1.49709,1.49709,8.14976,8.14976,-89.3502,-89.3502,1.27356,13.3526,0
99,2057,5,5,5.29464,2001.88,1988.58,0,0,2,1646.17,1451.8,0,156,136,50,1451.8,6.60803,5.29464,12.2147,12.1904,-85.3096,-85.2853,1.27356,13.3526,0
99,2058,5,5,14.3742,1671.33,1677.12,0,0,2,686.631,1726.17,0,156,136,50,1726.17,5.84866,14.3742,20.4883,15.4145,-82.0855,-77.0117,1.27356,13.3526,0
99,2051,5,5,19.7181,1445.74,1182.21,0,0,4,1012.66,1317.32,0,391,313,50,1317.32,13.1515,19.7181,28.3518,19.1963,-78.3037,-69.1482,1.27356,13.3526,0
99,2052,5,5,19.6551,1766.43,1494.22,0,0,4,1209.82,1561.89,0,391,313,50,1561.89,15.3341,19.6551,29.8789,23.4947,-74.0053,-67.6211,1.27356,13.3526,0
99,2053,5,5,6.30306,2002.25,1696.43,0,0,4,1644.07,1455.45,0,391,313,50,1455.45,-10.1193,6.30306,15.7839,-1.76058,-99.2606,-81.7161,1.27356,13.3526,0
99,2054,5,5,14.2149,1947.69,1658.62,0,0,4,1673.34,1363.77,0,391,313,50,1363.77,15.0106,14.2149,20.6826,21.0405,-76.4595,-76.8174,1.27356,13.3526,0
99,2055,5,5,30.7224,914.913,714.196,0,0,4,387.434,1025.43,0,391,313,50,1025.43,17.1785,30.7224,36.8,23.5192,-73.9808,-60.7,1.27356,13.3526,0
99,2056,5,5,3.73697,2101.28,1841.49,0,0,4,1109.81,2007.66,0,391,313,50,2007.66,1.49709,3.73697,10.3896,8.14976,-89.3502,-87.1104,1.27356,13.3526,0
99,2057,5,5,8.00043,2001.88,1695.53,0,0,4,1646.17,1451.8,0,391,313,50,1451.8,6.60803,8.00043,14.9205,12.1904,-85.3096,-82.5795,1.27356,13.3526,0
99,2058,5,5,16.9068,1671.33,1444.63,0,0,4,686.631,1726.17,0,391,313,50,1726.17,5.84866,16.9068,23.0209,15.4145,-82.0855,-74.4791,1.27356,13.3526,0
99,2051,5,5,16.135,1460.1,1460.1,0,0,4,1012.66,1317.32,0,156,136,50,1317.32,16.135,16.135,24.7687,24.7687,-72.7313,-72.7313,1.27356,13.3526,0
99,2052,5,5,16.7445,1773.75,1773.75,0,0,4,1209.82,1561.89,0,156,136,50,1561.89,16.7445,16.7445,26.9683,26.9683,-70.5317,-70.5317,1.27356,13.3526,0
99,2053,5,5,3.59908,1989.42,1989.42,0,0,4,1644.07,1455.45,0,156,136,50,1455.45,3.59908,3.59908,13.0799,13.0799,-84.4201,-84.4201,1.27356,13.3526,0
99,2054,5,5,11.4464,1952.49,1952.49,0,0,4,1673.34,1363.77,0,156,136,50,1363.77,11.4464,11.4464,17.914,17.914,-79.586,-79.586,1.27356,13.3526,0
99,2055,5,5,26.4171,920.41,920.41,0,0,4,387.434,1025.43,0,156,136,50,1025.43,26.4171,26.4171,32.4948,32.4948,-65.0052,-65.0052,1.27356,13.3526,0
99,2056,5,5,1.49709,2101.28,2101.28,0,0,4,1109.81,2007.66,0,156,136,50,2007.66,1.49709,1.49709,8.14976,8.14976,-89.3502,-89.3502,1.27356,13.3526,0
99,2057,5,5,5.29464,1988.58,1988.58,0,0,4,1646.17,1451.8,0,156,136,50,1451.8,5.29464,5.29464,12.2147,12.2147,-85.2853,-85.2853,1.27356,13.3526,0
99,2058,5,5,14.3742,1677.12,1677.12,0,0,4,686.631,1726.17,0,156,136,50,1726.17,14.3742,14.3742,20.4883,20.4883,-77.0117,-77.0117,1.27356,13.3526,0
100,2051,5,5,13.3786,1460.1,1467.35,0,0,1,1015.59,1324.16,0,156,136,50,1324.16,16.135,13.3786,21.8784,24.7687,-72.7313,-75.6216,1.27356,13.3526,0
100,2052,5,5,6.92392,1773.75,1779.89,0,0,5,1222.45,1560.15,0,156,136,50,1560.15,16.7445,6.92392,14.9828,26.9683,-70.5317,-82.5172,1.27356,13.3526,0
100,2053,5,5,5.11101,1989.42,1983.55,0,0,1,1641.84,1449.12,0,156,136,50,1449.12,3.59908,5.11101,12.7912,13.0799,-84.4201,-84.7088,1.27356,13.3526,0
100,2054,5,5,11.4939,1952.49,1954.21,0,0,1,1683.93,1353.32,0,156,136,50,1353.32,11.4464,11.4939,18.8998,17.914,-79.586,-78.6002,1.27356,13.3526,0
100,2055,5,5,26.2718,920.41,925.938,0,0,5,384.337,1031.95,0,156,136,50,1031.95,26.4171,26.2718,36.2136,32.4948,-65.0052,-61.2864,1.27356,13.3526,0
100,2056,5,5,1.49709,2101.28,2101.28,0,0,1,1109.81,2007.66,0,156,136,50,2007.66,1.49709,1.49709,8.14976,8.14976,-89.3502,-89.3502,1.27356,13.3526,0
100,2057,5,5,-1.52917,1988.58,1975.24,0,0,1,1641.09,1437.37,0,156,136,50,1437.37,5.29464,-1.52917,3.77,12.2147,-85.2853,-93.73,1.27356,13.3526,0
100,2058,5,5,10.0509,1677.12,1693.07,0,0,5,672.74,1747.51,0,156,136,50,1747.51,14.3742,10.0509,18.3584,20.4883,-77.0117,-79.1416,1.27356,13.3526,0
100,2051,5,5,16.9407,1460.1,1189.56,0,0,2,1015.59,1324.16,0,391,313,50,1324.16,16.135,16.9407,25.4404,24.7687,-72.7313,-72.0596,1.27356,13.3526,0
100,2052,5,5,9.83072,1773.75,1499.73,0,0,2,1222.45,1560.15,0,391,313,50,1560.15,16.7445,9.83072,17.8895,26.9683,-70.5317,-79.6105,1.27356,13.3526,0
100,2053,5,5,7.8241,1989.42,1690.52,0,0,2,1641.84,1449.12,0,391,313,50,1449.12,3.59908,7.8241,15.5043,13.0799,-84.4201,-81.9957,1.27356,13.3526,0
100,2054,5,5,14.2607,1952.49,1660.25,0,0,2,1683.93,1353.32,0,391,313,50,1353.32,11.4464,14.2607,21.6666,17.914,-79.586,-75.8334,1.27356,13.3526,0
100,2055,5,5,30.5244,920.41,720.715,0,0,2,384.337,1031.95,0,391,313,50,1031.95,26.4171,30.5244,40.4662,32.4948,-65.0052,-57.0338,1.27356,13.3526,0
100,2056,5,5,3.73697,2101.28,1841.49,0,0,2,1109.81,2007.66,0,391,313,50,2007.66,1.49709,3.73697,10.3896,8.14976,-89.3502,-87.1104,1.27356,13.3526,0
100,2057,5,5,1.1974,1988.58,1682.09,0,0,2,1641.09,1437.37,0,391,313,50,1437.37,5.29464,1.1974,6.49658,12.2147,-85.2853,-91.0034,1.27356,13.3526,0
100,2058,5,5,12.5324,1677.12,1462.77,0,0,2,672.74,1747.51,0,391,313,50,1747.51,14.3742,12.5324,20.8399,20.4883,-77.0117,-76.6601,1.27356,13.3526,0
100,2051,5,5,13.3786,1460.1,1467.35,0,0,2,1015.59,1324.16,0,156,136,50,1324.16,16.135,13.3786,21.8784,24.7687,-72.7313,-75.6216,1.27356,13.3526,0
100,2052,5,5,6.92392,1773.75,1779.89,0,0,2,1222.45,1560.15,0,156,136,50,1560.15,16.7445,6.92392,14.9828,26.9683,-70.5317,-82.5172,1.27356,13.3526,0
100,2053,5,5,5.11101,1989.42,1983.55,0,0,2,1641.84,1449.12,0,156,136,50,1449.12,3.59908,5.11101,12.7912,13.0799,-84.4201,-84.7088,1.27356,13.3526,0
100,2054,5,5,11.4939,1952.49,1954.21,0,0,2,1683.93,1353.32,0,156,136,50,1353.32,11.4464,11.4939,18.8998,17.914,-79.586,-78.6002,1.27356,13.3526,0
100,2055,5,5,26.2718,920.41,925.938,0,0,2,384.337,1031.95,0,156,136,50,1031.95,26.4171,26.2718,36.2136,32.4948,-65.0052,-61.2864,1.27356,13.3526,0
100,2056,5,5,1.49709,2101.28,2101.28,0,0,2,1109.81,2007.66,0,156,136,50,2007.66,1.49709,1.49709,8.14976,8.14976,-89.3502,-89.3502,1.27356,13.3526,0
100,2057,5,5,-1.52917,1988.58,1975.24,0,0,2,1641.09,1437.37,0,156,136,50,1437.37,5.29464,-1.52917,3.77,12.2147,-85.2853,-93.73,1.27356,13.3526,0
100,2058,5,5,10.0509,1677.12,1693.07,0,0,2,672.74,1747.51,0,156,136,50,1747.51,14.3742,10.0509,18.3584,20.4883,-77.0117,-79.1416,1.27356,13.3526,0
100,2051,5,5,16.9407,1460.1,1189.56,0,0,4,1015.59,1324.16,0,391,313,50,1324.16,16.135,16.9407,25.4404,24.7687,-72.7313,-72.0596,1.27356,13.3526,0
100,2052,5,5,9.83072,1773.75,1499.73,0,0,4,1222.45,1560.15,0,391,313,50,1560.15,16.7445,9.83072,17.8895,26.9683,-70.5317,-79.6105,1.27356,13.3526,0
100,2053,5,5,7.8241,1989.42,1690.52,0,0,4,1641.84,1449.12,0,391,313,50,1449.12,3.59908,7.8241,15.5043,13.0799,-84.4201,-81.9957,1.27356,13.3526,0
100,2054,5,5,14.2607,1952.49,1660.25,0,0,4,1683.93,1353.32,0,391,313,50,1353.32,11.4464,14.2607,21.6666,17.914,-79.586,-75.8334,1.27356,13.3526,0
100,2055,5,5,30.5244,920.41,720.715,0,0,4,384.337,1031.95,0,391,313,50,1031.95,26.4171,30.5244,40.4662,32.4948,-65.0052,-57.0338,1.27356,13.3526,0
100,2056,5,5,3.73697,2101.28,1841.49,0,0,4,1109.81,2007.66,0,391,313,50,2007.66,1.49709,3.73697,10.3896,8.14976,-89.3502,-87.1104,1.27356,13.3526,0
100,2057,5,5,1.1974,1988.58,1682.09,0,0,4,1641.09,1437.37,0,391,313,50,1437.37,5.29464,1.1974,6.49658,12.2147,-85.2853,-91.0034,1.27356,13.3526,0
100,2058,5,5,12.5324,1677.12,1462.77,0,0,4,672.74,1747.51,0,391,313,50,1747.51,14.3742,12.5324,20.8399,20.4883,-77.0117,-76.6601,1.27356,13.3526,0
100,2051,5,5,13.3786,1467.35,1467.35,0,0,4,1015.59,1324.16,0,156,136,50,1324.16,13.3786,13.3786,21.8784,21.8784,-75.6216,-75.6216,1.27356,13.3526,0
100,2052,5,5,6.92392,1779.89,1779.89,0,0,4,1222.45,1560.15,0,156,136,50,1560.15,6.92392,6.92392,14.9828,14.9828,-82.5172,-82.5172,1.27356,13.3526,0
100,2053,5,5,5.11101,1983.55,1983.55,0,0,4,1641.84,1449.12,0,156,136,50,1449.12,5.11101,5.11101,12.7912,12.7912,-84.7088,-84.7088,1.27356,13.3526,0
100,2054,5,5,11.4939,1954.21,1954.21,0,0,4,1683.93,1353.32,0,156,136,50,1353.32,11.4939,11.4939,18.8998,18.8998,-78.6002,-78.6002,1.27356,13.3526,0
100,2055,5,5,26.2718,925.938,925.938,0,0,4,384.337,1031.95,0,156,136,50,1031.95,26.2718,26.2718,36.2136,36.2136,-61.2864,-61.2864,1.27356,13.3526,0
100,2056,5,5,1.49709,2101.28,2101.28,0,0,4,1109.81,2007.66,0,156,136,50,2007.66,1.49709,1.49709,8.14976,8.14976,-89.3502,-89.3502,1.27356,13.3526,0
100,2057,5,5,-1.52917,1975.24,1975.24,0,0,4,1641.09,1437.37,0,156,136,50,1437.37,-1.52917,-1.52917,3.77,3.77,-93.73,-93.73,1.27356,13.3526,0
100,2058,5,5,10.0509,1693.07,1693.07,0,0,4,672.74,1747.51,0,156,136,50,1747.51,10.0509,10.0509,18.3584,18.3584,-79.1416,-79.1416,1.27356,13.3526,0
