{
  "mean": {
    "masterDistance": 0.0,
    "candidateDistance": 1505.4590501474925,
    "masterRSSI": 11.978498841150444,
    "candidateRSSI": 14.960982410029496,
    "masterSINR": 19.43604411061947,
    "candidateSINR": 0.0,
    "masterRSRP": 0.0,
    "candidateRSRP": -74.91154041297935,
    "masterSpeed": 7.1442182890855e-311,
    "candidateSpeed": 0.0,
    "vehiclePosition-x": 1177.9192920353983,
    "vehiclePosition-y": 1517.69948820059,
    "towerload": 6.9039675516224195
  },
  "std": {
    "masterDistance": 1.0,
    "candidateDistance": 498.1006296295137,
    "masterRSSI": 8.57916829939778,
    "candidateRSSI": 9.880434954766937,
    "masterSINR": 8.940491317273016,
    "candidateSINR": 1.0,
    "masterRSRP": 1.0,
    "candidateRSRP": 9.990228065870832,
    "masterSpeed": 1.0,
    "candidateSpeed": 1.0,
    "vehiclePosition-x": 535.327059667514,
    "vehiclePosition-y": 393.9277748445537,
    "towerload": 104.11307755471104
  }
}